Mathlib.Algebra.Category.ModuleCat.Pseudofunctor	35d01d0e1a918f6e.ltar
Mathlib.Algebra.Group.Subsemigroup.Membership	5d18197eaec08a5b.ltar
Mathlib.Analysis.Complex.Circle	ee7c890b3edfcaa7.ltar
Mathlib.NumberTheory.Transcendental.Liouville.Basic	9602c6a58275a0c2.ltar
Mathlib.CategoryTheory.Sites.LocalProperties	e7753491171739a4.ltar
Mathlib.NumberTheory.ModularForms.CuspFormSubmodule	060fdc6437c17dd3.ltar
Mathlib.RepresentationTheory.Homological.FiniteCyclic	df587c6d4a899eea.ltar
Mathlib.Data.Nat.Choose.Vandermonde	072ba24c4d89ae7d.ltar
Mathlib.RingTheory.MvPowerSeries.LexOrder	d1feecae087da261.ltar
Mathlib.Tactic.Explode.Pretty	73977396a6517c99.ltar
Mathlib.CategoryTheory.Subfunctor.Finite	90d7f3e08f485fc2.ltar
Mathlib.Algebra.Category.HopfAlgCat.Monoidal	b3f25019b2ce86f0.ltar
Mathlib.Topology.Homeomorph.Defs	19b3c7c53a5dacbd.ltar
Mathlib.Topology.Order.ProjIcc	be9a563c26e449c3.ltar
Mathlib.RingTheory.MvPowerSeries.Derivative	8c517e39c22778dd.ltar
Mathlib.Data.Sign.Defs	de1b966865d47a32.ltar
Mathlib.Combinatorics.Additive.Energy	fb07180c5f662be1.ltar
ProofWidgets.Cancellable	8a2cce0a32b26e5e.ltar
Mathlib.RingTheory.Spectrum.Prime.Basic	3cd470031a6626dc.ltar
Mathlib.Topology.Order.OrderClosed	18a84fdc44f75e12.ltar
Mathlib.CategoryTheory.Abelian.GrothendieckAxioms.Sheaf	892166d95585661b.ltar
Mathlib.Algebra.MvPolynomial.Division	a9c6b4c507b7f224.ltar
Mathlib.AlgebraicGeometry.Morphisms.LocalIso	d868fdffeaab44e1.ltar
Mathlib.AlgebraicTopology.DoldKan.Degeneracies	4eb10c27ff5a36ec.ltar
Mathlib.RingTheory.RegularLocalRing.Polynomial	cad05e0619f6abac.ltar
Mathlib.Tactic.Clear_	8735758086e106f2.ltar
Mathlib.CategoryTheory.LiftingProperties.Limits	b454607874f3cb00.ltar
Mathlib.Algebra.GCDMonoid.Finset	65c2c738b9661995.ltar
Mathlib.Algebra.Algebra.Pi	b262bea069758a22.ltar
Mathlib.RingTheory.SimpleModule.Basic	338d11c4806e4309.ltar
Mathlib.Algebra.Homology.ComplexShapeSigns	ab3623b1b30bcc47.ltar
Mathlib.Logic.Function.ULift	1f850ea8102a4784.ltar
Mathlib.Order.BoundedOrder.Lattice	21bd8e53f988c432.ltar
Mathlib.SetTheory.Cardinal.SchroederBernstein	4c4e4cf29e3d2fa2.ltar
Mathlib.Topology.ContinuousMap.Defs	c5e365d7964fce19.ltar
Mathlib.Analysis.Analytic.Inverse	8c36d5f3f7a7e5fb.ltar
Mathlib.CategoryTheory.Sites.SheafOfTypes	ac2253e8c48a12fa.ltar
Mathlib.Algebra.Polynomial.Eval.Coeff	d730fa3631a5337c.ltar
Mathlib.Algebra.MvPolynomial.Counit	da09f616361d4c72.ltar
Mathlib.CategoryTheory.Limits.Constructions.LimitsOfProductsAndEqualizers	7e1408e1036f28de.ltar
Mathlib.Data.Option.NAry	1a3247bcbb2f03f0.ltar
Mathlib.Algebra.Order.GroupWithZero.Finset	ec39af2558cff402.ltar
Aesop.Builder.NormSimp	c04d61dfd57a96db.ltar
Mathlib.Topology.DiscreteQuotient	1d853c3a214c8a4a.ltar
Mathlib.Data.Nat.BinaryRec	59ab3963d8416deb.ltar
Mathlib.Combinatorics.Matroid.Basic	c9fed161215fb0a5.ltar
Mathlib.Order.Category.Semilat	18a361c5cf6dbde7.ltar
Mathlib.Analysis.CStarAlgebra.ContinuousFunctionalCalculus.Unique	a88fc338ad94eedc.ltar
Mathlib.LinearAlgebra.Span.TensorProduct	c00788a69e74916f.ltar
Mathlib.CategoryTheory.Limits.ConcreteCategory.Basic	c2df06dc244443e2.ltar
Mathlib.Analysis.Normed.Group.HomCompletion	021c4544a16f0134.ltar
Mathlib.Tactic.Linter.Style	7b5b02f3df7467c9.ltar
Mathlib.RingTheory.LocalProperties.Injective	272c13a59276a3db.ltar
Mathlib.Analysis.Complex.Positivity	c147c7ac9c141f2e.ltar
Mathlib.CategoryTheory.Limits.Preserves.Shapes.Zero	de029d0f8ccda363.ltar
Mathlib.CategoryTheory.Preadditive.Yoneda.Basic	754265d361948a9d.ltar
Mathlib.Analysis.SpecialFunctions.Complex.Analytic	4466db7b1c40853c.ltar
Mathlib.RingTheory.Jacobson.Ring	2d0246b41b5522cf.ltar
Mathlib.Topology.Order.CountableSeparating	ffc7d0756a53b240.ltar
Mathlib.LinearAlgebra.AffineSpace.AffineMap	267075326b1571f6.ltar
Mathlib.Topology.Sheaves.AddCommGrpCat	73c582802636fc03.ltar
Mathlib.Topology.Constructible	154f7aa7bb0eee66.ltar
Mathlib.Data.Finsupp.WellFounded	edde3799c28466da.ltar
Mathlib.LinearAlgebra.QuadraticForm.QuadraticModuleCat.Symmetric	6bd04c021070e580.ltar
Mathlib.CategoryTheory.Monoidal.Closed.Ideal	37c5db644448fce9.ltar
Mathlib.Algebra.Homology.HomologySequenceLemmas	13f03020ba0ca9e5.ltar
Mathlib.Algebra.Category.ModuleCat.Sheaf.PushforwardContinuous	47c25c27f9902174.ltar
Mathlib.CategoryTheory.Limits.Shapes.Opposites.Products	37b76a12e8fd0d85.ltar
Mathlib.Analysis.Normed.Field.Krasner	655b907f671d594b.ltar
Mathlib.RingTheory.UniqueFactorizationDomain.Multiplicity	c68112b18575aefa.ltar
Mathlib.Order.Heyting.Regular	8831a6f787c5bb85.ltar
Aesop.Saturate	8d18f160237956b6.ltar
Mathlib.Algebra.Order.AddTorsor	52328e336921b5c6.ltar
Mathlib.RingTheory.Ideal.Quotient.HasFiniteQuotients.Norm	5424addef3a6bdf2.ltar
Mathlib.Algebra.Homology.Factorizations.CM5b	e4d4b93f59f25a3d.ltar
Mathlib.GroupTheory.FreeGroup.CyclicallyReduced	0cb5ab265b867209.ltar
Mathlib.Analysis.Convex.Between	97dab3392fbb50aa.ltar
Mathlib.Topology.Order.MonotoneConvergence	329b1bc6c70d296c.ltar
Mathlib.MeasureTheory.Measure.CharacteristicFunction.TaylorExpansion	cf990335b0dc5156.ltar
Mathlib.Algebra.Module.Submodule.Lattice	972cc7db3d632d0e.ltar
Mathlib.RingTheory.Support	1f371151e44a715e.ltar
Mathlib.Topology.Instances.Discrete	2eec8e06d06f545c.ltar
Mathlib.Probability.Independence.Process.HasIndepIncrements	29b5d057e03dc0b5.ltar
Mathlib.GroupTheory.Perm.Support	fb026d9e736da4b7.ltar
Mathlib.Data.DFinsupp.Submonoid	4c7e267fef385aa7.ltar
Mathlib.CategoryTheory.Monoidal.Cartesian.Basic	4fed0f0f8b1edff8.ltar
Mathlib.Data.List.Cycle	c9aa0c21addd0980.ltar
Mathlib.CategoryTheory.Monoidal.NaturalTransformation	e39b455f9808aaeb.ltar
Mathlib.CategoryTheory.Sites.LocallySurjective	648003b4f15beaa3.ltar
Mathlib.CategoryTheory.Subfunctor.SubmonoidFunctor	a11e3f04cf7b6611.ltar
Mathlib.NumberTheory.LegendreSymbol.Basic	9cd6687f60038963.ltar
Mathlib.Data.Fin.Tuple.Basic	a8f91943deb3a63b.ltar
Mathlib.Analysis.Normed.Operator.ContinuousLinearMap	531f0bb42079f630.ltar
Mathlib.Order.Partition.Basic	1ca6f1d116f8cde8.ltar
Mathlib.RingTheory.Flat.FaithfullyFlat.Algebra	05f1feada1137b6e.ltar
Mathlib.Data.Nat.BitIndices	5524083ae7045809.ltar
Mathlib.Algebra.GroupWithZero.Conj	0524fb92d7e6276b.ltar
Mathlib.RingTheory.Polynomial.Bernstein	e727e3da219201da.ltar
Mathlib.Analysis.Complex.ExponentialBounds	65a889f6079d380c.ltar
Mathlib.LinearAlgebra.Eigenspace.Basic	78b53f0f1113e3d2.ltar
Mathlib.Tactic.Sat.FromLRAT	696a07fe3739d424.ltar
Mathlib.Algebra.Lie.AdjointAction.JordanChevalley	9d46f65c5c151802.ltar
Mathlib.Logic.Encodable.Basic	6749db48aed99d3a.ltar
Mathlib.Order.Cofinal	aea6c4c5d6dafea7.ltar
Mathlib.Data.ZMod.QuotientRing	0ab5a7788c64f66a.ltar
Mathlib.Algebra.Homology.DerivedCategory.SingleTriangle	511f76133a7bbf5e.ltar
Mathlib.Algebra.Ring.Subring.Defs	207dec1ceda78541.ltar
Mathlib.Analysis.Polynomial.MahlerMeasure	e659b6c9724913d8.ltar
Mathlib.Algebra.DirectSum.Decomposition	a87a31e9697cf139.ltar
Mathlib.Analysis.Normed.Field.Dense	73641f9b6c79d3cf.ltar
Mathlib.RingTheory.Bialgebra.Primitive	bdeeaee1ae286993.ltar
Mathlib.Analysis.Fourier.ZMod	8715386e30790f8c.ltar
Mathlib.CategoryTheory.Adhesive.Basic	0fcf17c1abaed3b3.ltar
Mathlib.MeasureTheory.Measure.Stieltjes	7712ab213a66b6b2.ltar
Mathlib.Topology.Constructions	794b31ee8dceb551.ltar
Mathlib.CategoryTheory.Limits.ConcreteCategory.Filtered	689f6a51f9608d7a.ltar
Mathlib.CategoryTheory.Limits.Constructions.Equalizers	3c38c9959f90a82d.ltar
Mathlib.Combinatorics.SimpleGraph.Walks.Traversal	d6d067f4703c0c27.ltar
Mathlib.Algebra.Category.Grp.Zero	64e1cb7f67c01a55.ltar
Mathlib.Tactic.ClickSuggestions.Unfold	43a5cd8796aacafe.ltar
Mathlib.Data.Matrix.ColumnRowPartitioned	c9fc23e221e94090.ltar
Mathlib.Analysis.InnerProductSpace.Harmonic.HarmonicContOnCl	1a80bbee7be391d2.ltar
Mathlib.RingTheory.WittVector.Frobenius	d928c2a911a8d2e9.ltar
Mathlib.RingTheory.Polynomial.UniversalFactorizationRing	8fa2668634c352cd.ltar
Mathlib.Topology.MetricSpace.ThickenedIndicator	974f9209ae8c0c58.ltar
Mathlib.Analysis.Calculus.Deriv.Support	9f17509efa4917a6.ltar
Mathlib.LinearAlgebra.Center	86aed048a4730fb4.ltar
Mathlib.RingTheory.Regular.Category	affad7cacb5504ec.ltar
Mathlib.NumberTheory.ModularForms.RamanujanFormula	23220a88f3f3d28f.ltar
Mathlib.LinearAlgebra.AffineSpace.Midpoint	5d6f4f26403d0964.ltar
Mathlib.CategoryTheory.Limits.Skeleton	3359ba0fb623b636.ltar
Mathlib.MeasureTheory.Constructions.Projective	b2e3d3e839e3bcf0.ltar
Mathlib.Algebra.Polynomial.Degree.SmallDegree	77754296d21b1d64.ltar
Mathlib.Data.Rat.Cast.OfScientific	504e1c5b05198ccd.ltar
Mathlib.Algebra.Order.Monoid.Submonoid	be57d64c63d91a72.ltar
Mathlib.RingTheory.MvPowerSeries.Expand	ca586ba41b7c6f26.ltar
Mathlib.Algebra.Divisibility.Units	8c9d9aaaecda8a67.ltar
Mathlib.Algebra.TrivSqZeroExt	ed2556e9d28f3c79.ltar
Mathlib.Combinatorics.Graph.Simple	9932b46a7b288bcf.ltar
Mathlib.RingTheory.Noetherian.UniqueFactorizationDomain	108b32b9ceff9f84.ltar
Mathlib.MeasureTheory.Group.MeasurableEquiv	191e2f5374085b8e.ltar
Mathlib.Analysis.SpecialFunctions.Integrability.LogMeromorphic	d3e8c0e4afae8f7e.ltar
Mathlib.GroupTheory.Transfer	f23ce3e550d9a398.ltar
Mathlib.Order.Disjointed	e155eba512744e79.ltar
Mathlib.Analysis.Asymptotics.ExpGrowth	80332721faafede4.ltar
Mathlib.CategoryTheory.Adjunction.ParametrizedLimits	e81e0c1a83ebb394.ltar
Mathlib.GroupTheory.Congruence.Defs	3fe332528497346b.ltar
Mathlib.LinearAlgebra.CliffordAlgebra.Star	31c55759e26e5998.ltar
Mathlib.Combinatorics.Additive.FreimanHom	8408c517763471b2.ltar
Mathlib.Order.Interval.Set.OrderEmbedding	cf250caa3565e260.ltar
Mathlib.Data.Fintype.Basic	3a1846f8e000b50f.ltar
Mathlib.LinearAlgebra.TensorProduct.Graded.External	76c1df2daac9d664.ltar
Mathlib.Algebra.Order.Sub.Prod	5e1baf2ed9ce3376.ltar
Mathlib.Algebra.Group.WithOne.Defs	2c9dfea3f2c7ede6.ltar
Mathlib.Order.CompactlyGenerated.Basic	ea16dd180eae3a34.ltar
Mathlib.MeasureTheory.Integral.Indicator	a09e66e96b5f61ad.ltar
Mathlib.CategoryTheory.Opposites	57c7d0358388ff37.ltar
Mathlib.AlgebraicTopology.ModelCategory.JoyalTrick	6e771f7757945228.ltar
Mathlib.MeasureTheory.VectorMeasure.Decomposition.Hahn	779b239f81cab2fc.ltar
Mathlib.ModelTheory.DirectLimit	5834e49545f75d1c.ltar
Mathlib.Data.Fin.Tuple.BubbleSortInduction	16ff133545082283.ltar
Mathlib.Order.DirectedInverseSystem	bccce31cceb24319.ltar
Mathlib.FieldTheory.Finite.Valuation	201f4599e7552fd8.ltar
Mathlib.RingTheory.IntegralClosure.Algebra.Ideal	abe1f1db4774745e.ltar
Mathlib.Tactic.Widget.SelectPanelUtils	7a0928261e8f492e.ltar
Plausible.Sampleable	33fe147a7daef41d.ltar
Mathlib.RingTheory.Valuation.ValuativeRel.Trivial	7af0ce0cc37934ae.ltar
Mathlib.AlgebraicTopology.DoldKan.FunctorGamma	6a1a781672a85e20.ltar
Mathlib.Algebra.Order.Group.Abs	4d93dd2b18e87b1c.ltar
Mathlib.Analysis.Complex.Harmonic.MeanValue	2402b7a40538070f.ltar
Mathlib.Util.DischargerAsTactic	47b67654c6d7418d.ltar
Mathlib.Analysis.Convex.Jensen	400b78997401605c.ltar
Mathlib.Logic.Encodable.Pi	2045b3f9437e2c74.ltar
Mathlib.RingTheory.Complex	313ee9cd57149ecf.ltar
Mathlib.Topology.UniformSpace.Ultra.Constructions	f33ec2c42cb7eb0f.ltar
Mathlib.CategoryTheory.Shift.CommShift	37c37818ffbcf8b1.ltar
Mathlib.Algebra.FreeAlgebra.Cardinality	e9cd5da00599777f.ltar
Qq.ForLean.ReduceEval	8cf9b2159c455d3d.ltar
Mathlib.Dynamics.BirkhoffSum.NormedSpace	d7dffe7ab22ded3f.ltar
Mathlib.Analysis.Calculus.LocalExtr.Rolle	d5036ded5ba8dd94.ltar
Mathlib.Data.List.Perm.Subperm	e44a1741b3cbeb77.ltar
Mathlib.Combinatorics.SetFamily.Shadow	d43002a658d7fae1.ltar
Mathlib.CategoryTheory.ConnectedComponents	f5f04f884abc7427.ltar
Mathlib.Algebra.Order.Hom.MonoidWithZero	c6e38b8d25c192d1.ltar
Mathlib.Analysis.CStarAlgebra.ContinuousFunctionalCalculus.Integral	81a163a306a41197.ltar
Mathlib.Tactic.InferParam	a4e09f5b92eb7c3a.ltar
Mathlib.Topology.Compactness.LocallyCompact	66269671c4c9c1d6.ltar
Mathlib.Algebra.Category.ModuleCat.Basic	c38d2f3d926dac27.ltar
Aesop.Script.GoalWithMVars	fc8cca17ff06de5f.ltar
Mathlib.Data.Finsupp.Defs	290fce1183a62968.ltar
Mathlib.CategoryTheory.MorphismProperty.IsSmall	31dfc00d96519ee3.ltar
Mathlib.Tactic.PNatToNat	8149fb843127f324.ltar
Mathlib.CategoryTheory.MorphismProperty.IsInvertedBy	8ea22b34a4db6bae.ltar
Mathlib.SetTheory.Cardinal.Aleph	59fc9581fd651408.ltar
Mathlib.Data.List.Dedup	153f973764538a5f.ltar
Mathlib.Data.List.Pi	820c530aa9e98dc4.ltar
Mathlib.CategoryTheory.ObjectProperty.FullSubcategory	52f7056eaf0e9987.ltar
Mathlib.Topology.ContinuousMap.StoneWeierstrass	88df9579f3473e27.ltar
Mathlib.MeasureTheory.Group.Pointwise	032f5749a0716d48.ltar
Mathlib.RingTheory.Jacobson.Ideal	78cdc5c6f6a879d6.ltar
Mathlib.CategoryTheory.Monoidal.Free.Coherence	f977983cc2985bcb.ltar
Mathlib.CategoryTheory.Limits.Preserves.Shapes.Equalizers	fab78240a03a3d5d.ltar
Mathlib.LinearAlgebra.Dimension.StrongRankCondition	b3d1d5d4fea40395.ltar
Mathlib.CategoryTheory.Monoidal.Limits.Basic	ecd7d1adf3303c7c.ltar
Mathlib.Algebra.Polynomial.Cardinal	53d3e2c7ee095353.ltar
Mathlib.AlgebraicGeometry.EllipticCurve.Jacobian.Basic	14bbc8b8bd9c107c.ltar
Mathlib.Algebra.Star.LinearMap	8ba9d1e632d2b0bc.ltar
Mathlib.AlgebraicTopology.Quasicategory.InnerFibration	3113788999b7cfa0.ltar
Mathlib.Order.OrdContinuous	3fa9d2f3d8cdc9e0.ltar
Mathlib.Combinatorics.Graph.Connected.EdgeCut	c26e283ccfe79957.ltar
Mathlib.Algebra.Lie.Killing	56da9ac396b8fe30.ltar
Mathlib.RepresentationTheory.Intertwining	e89a58e7bd6a0b21.ltar
Mathlib.NumberTheory.LSeries.SumCoeff	91b8d8caffd52ea7.ltar
Mathlib.Data.Rel.Cover	8c7365639a9f3ffa.ltar
Mathlib.MeasureTheory.Function.AEEqOfIntegral	feb143bf7ec6bcb6.ltar
Mathlib.Analysis.Complex.Trigonometric	cd19cc73e9fed9a5.ltar
Mathlib.Data.NNRat.Order	33e820a6a196d566.ltar
Mathlib.Combinatorics.Graph.Subgraph	37f30974901d0849.ltar
Mathlib.Algebra.Homology.Double	e0e786fefda7d03b.ltar
Mathlib.Topology.Algebra.Algebra	03008725af9d9af4.ltar
Mathlib.Data.Finset.Dedup	268f55af756f9aa5.ltar
Mathlib.MeasureTheory.Integral.Lebesgue.Sub	843da3249dd4c83f.ltar
Mathlib.CategoryTheory.Join.Basic	26819df75c409b75.ltar
Mathlib.LinearAlgebra.PiTensorProduct.Generators	132897de87d71db8.ltar
Mathlib.Topology.Order.Real	b55c03208a0bec00.ltar
Mathlib.Algebra.Group.TypeTags.Finite	b2a7dc377a30f035.ltar
Mathlib.Topology.Algebra.Valued.WithZeroMulInt	db3152460d48c4a4.ltar
Mathlib.MeasureTheory.Function.ConditionalLExpectation	f3aa09dd0e5587e9.ltar
Mathlib.CategoryTheory.Sites.Point.Over	2aafbf87c3b0fbc3.ltar
Mathlib.CategoryTheory.Presentable.Type	1827932393f7cd8c.ltar
Mathlib.GroupTheory.Subgroup.Centralizer	2f1d027d161e2d3a.ltar
Mathlib.Combinatorics.Quiver.Cast	8775387c6bb2fe8b.ltar
Mathlib.LinearAlgebra.Finsupp.Defs	35997f6faf9ad316.ltar
Mathlib.CategoryTheory.Presentable.SolutionSetCondition	aef00f039d25dc95.ltar
Mathlib.CategoryTheory.Monoidal.Category	52db3b6b5176c621.ltar
Mathlib.GroupTheory.Index	3fb632599d930067.ltar
Mathlib.Analysis.NormedSpace.RCLike	696ddf709c61a64b.ltar
Mathlib.Topology.MetricSpace.CauSeqFilter	b4fbd27fccd725f9.ltar
Mathlib.Algebra.Group.Idempotent	8e3cd4a2082a6f5d.ltar
Mathlib.Combinatorics.Matroid.Map	b9d7f634159b5f04.ltar
Mathlib.LinearAlgebra.AffineSpace.Centroid	dd93286cb0eb2166.ltar
Mathlib.MeasureTheory.Measure.Lebesgue.EqHaar	4e6d9e3704f47dae.ltar
Mathlib.AlgebraicGeometry.ColimitsOver	4d7bb92e9a78db29.ltar
Mathlib.Analysis.CStarAlgebra.ContinuousFunctionalCalculus.RealImaginaryPart	9cb69db7263f970c.ltar
Qq.Commands	13c31e8be6a341f1.ltar
Batteries.Classes.RatCast	aa220bf48b36e5a9.ltar
Mathlib.RingTheory.Smooth.StandardSmoothOfFree	d112dad2b0fcd1c0.ltar
Mathlib.Topology.Category.DeltaGenerated	21792678e38ce8c5.ltar
Mathlib.Data.Matrix.Basis	024a6112d12a0af1.ltar
Mathlib.CategoryTheory.Monad.Products	ce3926bb80c6d164.ltar
Mathlib.Tactic.MinImports	f55bacd77944f84e.ltar
Mathlib.Lean.Expr.Rat	56bc662a827320ac.ltar
Mathlib.Analysis.Complex.CoveringMap	fee7b62e1d05be54.ltar
Mathlib.Analysis.Asymptotics.Ring	9d56496dfdef9145.ltar
Mathlib.FieldTheory.IsAlgClosed.Spectrum	b161135113b91b7e.ltar
Aesop.Forward.Match	9420bfa1551b94bb.ltar
Mathlib.Order.Filter.AtTopBot.Finite	85a27e34d26f26a9.ltar
Mathlib.Geometry.Euclidean.Sphere.Power	d93e63958a55defa.ltar
Mathlib.Algebra.Homology.HomotopyCategory.KProjective	a7d39c1c0ef8119e.ltar
Mathlib.LinearAlgebra.Matrix.Cartan	eb4a8cd9175847ec.ltar
Mathlib.Algebra.Homology.SpectralObject.HasSpectralSequence	36fc200d4b1f3e88.ltar
Mathlib.CategoryTheory.Limits.Weighted.PreservesLimit	db38b10f373b6929.ltar
Mathlib.Analysis.Analytic.Composition	906ac14043563d68.ltar
Mathlib.CategoryTheory.Limits.Shapes.Opposites.Kernels	f14615deac03b487.ltar
Mathlib.LinearAlgebra.Projectivization.PSL.PSL2	af35d9514c725cdd.ltar
Mathlib.Dynamics.Flow	c489689e0db9e5cb.ltar
Mathlib.Tactic.Linarith	25cde09ca08696b6.ltar
Mathlib.Geometry.Manifold.ContMDiff.Atlas	5d4360d5ac8702a5.ltar
Mathlib.Data.Nat.GCD.Prime	860c35e43557f4ee.ltar
Mathlib.RingTheory.RootsOfUnity.Lemmas	f23ad52a869f1867.ltar
Mathlib.Algebra.Homology.ShortComplex.PreservesHomology	b53729efb1529da6.ltar
Mathlib.Combinatorics.SimpleGraph.UniversalVerts	ddd0525115da6511.ltar
Mathlib.Algebra.Vertex.VertexOperator	36c08e2aafb4448d.ltar
Mathlib.RingTheory.PowerSeries.Evaluation	5ae3de702abdfd1f.ltar
Mathlib.MeasureTheory.Integral.Prod	62520c58ab3e0998.ltar
Mathlib.Topology.ContinuousMap.Units	8c7a36a9c83f022d.ltar
Mathlib.LinearAlgebra.Matrix.Determinant.Bird.Correctness	ee891a64023267eb.ltar
Mathlib.Algebra.Order.Interval.Finset.Basic	d2f4c48bcb3e0645.ltar
Mathlib.AlgebraicTopology.SimplicialCategory.SimplicialObject	ca16901d66fbb4c3.ltar
Mathlib.MeasureTheory.Integral.Layercake	d9e8cc4da63a5a42.ltar
Mathlib.Tactic.Monotonicity.Lemmas	9f2e45cf1eae8bcf.ltar
Mathlib.Condensed.Functors	bc19a6afe5e7b2e3.ltar
Mathlib.Data.Finset.BooleanAlgebra	42be0d15ad3aede2.ltar
Batteries.Linter.UnreachableTactic	abdb125fb3a58eb3.ltar
Mathlib.Data.ENNReal.BigOperators	295f703ad416b634.ltar
Mathlib.CategoryTheory.Bicategory.Basic	e229c06b4e10b000.ltar
Mathlib.Control.Bifunctor	3a3690f262a5c24c.ltar
Mathlib.Analysis.Convex.Integral	c9c5321289bdfd5e.ltar
Mathlib.ModelTheory.Semantics	f07439c07523e41a.ltar
Mathlib.Algebra.Ring.Subring.Units	859ca3970d1039a5.ltar
Mathlib.CategoryTheory.Presentable.SharplyLT.Lemmas	a80c145e7e9ffea8.ltar
Mathlib.InformationTheory.Coding.PrefixFree	cb86c961c772aa08.ltar
Mathlib.Algebra.Lie.BaseChange	da5de727c4d00be7.ltar
Mathlib.Data.Prod.TProd	75d994e2696c9d01.ltar
Mathlib.CategoryTheory.Galois.Topology	d342fc8d43ab3b8e.ltar
Mathlib.NumberTheory.ModularForms.LevelOne.GradedRing	c9c8940ea988dfda.ltar
Mathlib.Topology.Maps.Proper.CompactlyGenerated	4716c52d0ee3bcbf.ltar
Mathlib.AlgebraicTopology.RelativeCellComplex.AttachCells	a5125d2af914c90e.ltar
Mathlib.Analysis.InnerProductSpace.TensorProduct	13b41a0a6701cd1b.ltar
Mathlib.RingTheory.Unramified.Locus	3d0cd950b3add9d3.ltar
Mathlib.Analysis.Complex.SummableUniformlyOn	053e137c295fe910.ltar
Mathlib.MeasureTheory.Measure.OpenPos	32752d40659c3ae7.ltar
Mathlib.Tactic.NormNum.RealSqrt	6f6c9fdf3609cb85.ltar
Mathlib.Combinatorics.Additive.Randomisation	2678843d9ea912d6.ltar
Mathlib.RingTheory.Ideal.MinimalPrime.Noetherian	9ef7b022b8ebc36e.ltar
Mathlib.MeasureTheory.Function.LpSeminorm.ChebyshevMarkov	2e52a15c36cd581f.ltar
Mathlib.Tactic.CategoryTheory.CategoryStar	55731ed2ace4ce62.ltar
Mathlib.Combinatorics.SimpleGraph.Regularity.Energy	94f54c3fc27a3ca8.ltar
Mathlib.Probability.Independence.Integrable	92d126cb4c8c0f22.ltar
Mathlib.FieldTheory.Finite.Trace	cb9a6251d3332998.ltar
Mathlib.CategoryTheory.Functor.KanExtension.AdjunctionPreserves	b2c9186de16e6027.ltar
Batteries.Lean.IO.Process	2a454bdb386cee92.ltar
Aesop.Script.ScriptM	210da5668a8bf98e.ltar
Mathlib.MeasureTheory.Measure.Basic	43ea6e2e0a023b26.ltar
Mathlib.CategoryTheory.Monoidal.CommGrp_	f36225f36f8fce70.ltar
Mathlib.Geometry.Convex.ConvexSpace.Prod	c67ab4457532c59f.ltar
Mathlib.LinearAlgebra.SModEq.Pow	c7ebc03394c350a8.ltar
Mathlib.ModelTheory.Basic	b9598f55936c0d79.ltar
Mathlib.CategoryTheory.Monad.Basic	9180f8b5aca7c1fb.ltar
Mathlib.Order.Partition.Finpartition	1cba98359bcbdd19.ltar
Mathlib.Order.Heyting.Boundary	cb324b9ea47e6481.ltar
Mathlib.Topology.Sheaves.SheafCondition.PairwiseIntersections	bfbda3da3b6684ec.ltar
Mathlib.Algebra.Polynomial.BigOperators	e14bb1c5f179c25c.ltar
Aesop.Index.DiscrTreeConfig	a20ab375737f5eb0.ltar
Mathlib.NumberTheory.NumberField.Cyclotomic.PID	65c314cb37706460.ltar
Batteries.Data.FloatArray	33318901d7526f31.ltar
Mathlib.Data.Finset.Lattice.Fold	4458c2489d22e27e.ltar
Mathlib.GroupTheory.MonoidLocalization.UniqueFactorization	3ae68be448646a22.ltar
Mathlib.Analysis.Real.Sqrt	593f750b6ea7c626.ltar
Mathlib.CategoryTheory.Discrete.SumsProducts	b7683ae906730672.ltar
Mathlib.Topology.Semicontinuity.Michael	03dc3edc142fbe14.ltar
Batteries.Tactic.Lint	cc7d3da3d4ef4817.ltar
Mathlib.Algebra.Polynomial.CoeffList	d371fcf5bbc2e826.ltar
Mathlib.AlgebraicTopology.DoldKan.Equivalence	b9c6b2bb67b916b5.ltar
Mathlib.Combinatorics.SimpleGraph.Acyclic	4fa4f9e0dc06bf45.ltar
Mathlib.MeasureTheory.Measure.RegularityCompacts	874f37ff1792af79.ltar
Batteries.Control.ForInStep	844d3d5b37aed8b6.ltar
Mathlib.Topology.Connected.Basic	8902a8d5121c9754.ltar
Mathlib.Analysis.Fourier.AddCircle	613b6d3f93897ed3.ltar
Mathlib.CategoryTheory.Abelian.NonPreadditive	434093cfde14cf9f.ltar
Mathlib.RingTheory.LocalRing.RingHom.Basic	387fdd8b9f78bf2d.ltar
Mathlib.AlgebraicGeometry.EllipticCurve.VariableChange	651deda980e50ef2.ltar
Mathlib.GroupTheory.OreLocalization.Cardinality	d6535d4e598c7b3b.ltar
Mathlib.Algebra.FreeAlgebra	8c6b2bc252e54bdd.ltar
Mathlib.Topology.WithTopology	965db684c4501f93.ltar
Mathlib.CategoryTheory.Subobject.FactorThru	991deb50e0ec9088.ltar
Mathlib.Topology.Bornology.Hom	3ff631b908907dd9.ltar
Mathlib.Topology.Algebra.Valued.NormedValued	090651b90b56feb1.ltar
Mathlib.Analysis.Convex.Visible	31a5555299618ae0.ltar
Mathlib.Algebra.Polynomial.Degree.Support	1cb6b05690539e41.ltar
Mathlib.MeasureTheory.OuterMeasure.BorelCantelli	6c4f8396e0d655eb.ltar
Mathlib.CategoryTheory.ConcreteCategory.ReflectsIso	1f4050a790d41eb8.ltar
Mathlib.CategoryTheory.Shift.Twist	484421e071deede5.ltar
Mathlib.Algebra.Homology.DerivedCategory.Plus	6b6b601a9017380d.ltar
Mathlib.CategoryTheory.LiftingProperties.Adjunction	a56a7d5eda4ab40f.ltar
Mathlib.LinearAlgebra.LinearDisjoint	9b4cd03fb6945b78.ltar
Mathlib.Topology.Algebra.Group.TopologicalAbelianization	dca5acfe70c7f9b6.ltar
Mathlib.Analysis.SumOverResidueClass	b57a19378d1a75ac.ltar
Mathlib.AlgebraicTopology.ModelCategory.Basic	9b8de3876261f2b8.ltar
Mathlib.Analysis.SpecialFunctions.ContinuousFunctionalCalculus.Rpow.Isometric	0e1ae41af291d1dd.ltar
Mathlib.Data.List.Map2	433da2db8738aad8.ltar
Mathlib.Topology.EMetricSpace.Pi	a77df33e93fa0426.ltar
Mathlib.Algebra.Star.RingQuot	675649284aef9c22.ltar
Mathlib.Algebra.Order.Group.Nat	a64f144bd0911456.ltar
Mathlib.MeasureTheory.MeasurableSpace.Pi	9f88ee2df96c15b8.ltar
Mathlib.Topology.Algebra.SeparationQuotient.FiniteDimensional	77251aad7e4d262d.ltar
Mathlib.CategoryTheory.Localization.Quotient	9651c5a086cec402.ltar
Mathlib.Analysis.Complex.Harmonic.Liouville	a4db424a1247c36c.ltar
Mathlib.Algebra.Homology.Embedding.RestrictionHomology	48c4b01a191ebd76.ltar
Mathlib.Topology.Order	5f8494d1fefb3546.ltar
Mathlib.Algebra.Order.Ring.StandardPart	390ed9c9f77d0874.ltar
Mathlib.Algebra.Category.Grp.Kernels	62e00efe4c30cf24.ltar
Mathlib.LinearAlgebra.Dimension.Constructions	3e811f27014bc916.ltar
Mathlib.Data.Fin.VecNotation	4f694492a08dd970.ltar
Mathlib.Algebra.GroupWithZero.Idempotent	4f1d87dfed2e097c.ltar
Mathlib.Geometry.Manifold.Algebra.Structures	694575e0ee05e9db.ltar
Mathlib.Basic.ENNReal.Real	9c59c26bbc96f4ea.ltar
Batteries.Data.Random	19f45596e5a6f4ee.ltar
Mathlib.RingTheory.Etale.Weakly	fadd7e75efd3a5c6.ltar
Mathlib.RingTheory.LocalRing.Pullback	5db3c6956fbd2fc6.ltar
Mathlib.RingTheory.Unramified.LocalStructure	b93ba916bf542487.ltar
Aesop.Rule.Name	59fa21b3cdbf80b3.ltar
Mathlib.MeasureTheory.Covering.OneDim	8be07142746702bd.ltar
ProofWidgets.Component.Panel.Basic	45b8773d711ec70b.ltar
Mathlib.RingTheory.WittVector.Domain	dbfcb35a0349d7c8.ltar
Mathlib.Data.Fin.Tuple.Curry	268a9ee08440f915.ltar
Mathlib.Tactic.ComputeAsymptotics.Multiseries.Monomial.Basic	6d61893c8283c156.ltar
Mathlib.Data.Rat.Cardinal	402036a79177b139.ltar
Mathlib.RingTheory.AdjoinRoot	5595cd867294fb23.ltar
Mathlib.Data.QPF.Multivariate.Constructions.Quot	c1554efb4962bc58.ltar
Mathlib.Topology.Instances.Rat	2a9d4cd9f4639189.ltar
Mathlib.Algebra.Module.CharacterModule	e65653dc53fddaed.ltar
Mathlib.Order.Category.DistLat	004b778d8507eb94.ltar
Mathlib.LinearAlgebra.LinearIndependent.Lemmas	24141353d8aba151.ltar
Mathlib.AlgebraicGeometry.Sites.Etale	d1541c003bec38d8.ltar
Mathlib.NumberTheory.FunctionField	58f9d509f3ec6d4d.ltar
Mathlib.Data.Multiset.Interval	f7157a13590b9978.ltar
Mathlib.RingTheory.SimpleRing.Field	9d930e0de289720c.ltar
Mathlib.SetTheory.Ordinal.Enum	30923fb31d767f50.ltar
Mathlib.RingTheory.MvPowerSeries.Order	5227cb5f6369d291.ltar
Aesop.Frontend.RuleExpr	f615753a44d5221d.ltar
Mathlib.Order.ConditionallyCompleteLattice.Group	1e5f73331ba07da1.ltar
Mathlib.Analysis.Calculus.FDeriv.Analytic	c14db48628c94e5a.ltar
Mathlib.Data.PNat.Basic	6f7fef038012926a.ltar
Mathlib.Topology.Algebra.Order.UpperLower	55dc5f036b91609a.ltar
Mathlib.Algebra.Category.ModuleCat.Biproducts	3c25c20ebed1aeee.ltar
Mathlib.Algebra.Module.PUnit	7ec248f426e206e3.ltar
Mathlib.Data.ENNReal.Real	da86f1467805dd61.ltar
Aesop.BuiltinRules.Intros	7bb4d70635a316ed.ltar
Mathlib.Analysis.InnerProductSpace.LaxMilgram	4c47d64ec3f60669.ltar
Mathlib.Order.Filter.Cocardinal	8188ab2bae05ea83.ltar
Mathlib.RingTheory.IntegralClosure.Algebra.Defs	1db0121ef2c2f877.ltar
Mathlib.Algebra.GroupWithZero.Action.End	24a9ed2de92814de.ltar
Mathlib.CategoryTheory.Thin	18dd94f78c052c9a.ltar
Mathlib.AlgebraicTopology.SimplicialSet.SubcomplexColimits	bdf2d59a630ccc05.ltar
Mathlib.NumberTheory.Bernoulli	14c736195b1074ec.ltar
Mathlib.Data.ZMod.Basic	2c62b2e8bc60b68a.ltar
Mathlib.CategoryTheory.Category.Cat.Adjunction	c4329e03211534a0.ltar
Mathlib.CategoryTheory.Limits.Sifted	e799e5f79112dd83.ltar
Mathlib.FieldTheory.RatFunc.Degree	2b3467360bb69ff6.ltar
Aesop.Util.Basic	583b901c0072e952.ltar
Mathlib.Data.Fintype.BigOperators	dec9018672a6ba21.ltar
Mathlib.Analysis.CStarAlgebra.ContinuousFunctionalCalculus.NonUnital	efa8348367e5c481.ltar
Mathlib.Order.BooleanSubalgebra	f39793c4c9eacc78.ltar
Mathlib.Analysis.SpecialFunctions.Pow.Complex	742bff3c12714678.ltar
Mathlib.RingTheory.Etale.Basic	6f66f5fa0c9913b2.ltar
Mathlib.Combinatorics.SimpleGraph.Partition	74735ed2726f8a27.ltar
Mathlib.Algebra.Category.CoalgCat.Monoidal	9c442f7a7b0d8f2d.ltar
Mathlib.Algebra.Order.Monoid.Unbundled.Basic	9fd1d217cbc4a6b1.ltar
Mathlib.Dynamics.Ergodic.Conservative	ed4d9b217b1b5f99.ltar
Mathlib.CategoryTheory.Comma.Arrow	208a43373f600f8b.ltar
Mathlib.Topology.ContinuousMap.StarOrdered	2aefa15f3acd8a91.ltar
Mathlib.Analysis.Calculus.BumpFunction.InnerProduct	88e17671271b9b3c.ltar
Mathlib.Logic.Small.Basic	80e7869daa4b28df.ltar
Mathlib.CategoryTheory.Preadditive.Transfer	ccd3b54ca09eb922.ltar
Mathlib.Analysis.InnerProductSpace.Projection.Minimal	a92fb4b269979cc0.ltar
Mathlib.AlgebraicTopology.EilenbergSteenrod	b2bc9297c727535c.ltar
Mathlib.Computability.Ackermann	75bfee10c57c7f52.ltar
Mathlib.Analysis.Convex.StrictConvexBetween	1262ec50771b07ef.ltar
Mathlib.Analysis.Calculus.Deriv.Inv	b038ef11de223ec0.ltar
Mathlib.Topology.EMetricSpace.VariationOnFromTo	9f38098bc600b330.ltar
Mathlib.Order.Height	ce78bd19d5544a3e.ltar
Mathlib.Basic.Finite.Sum	cfa59bed61cf1560.ltar
Mathlib.Topology.Maps.Proper.Basic	c0854d0c7ddcf7a6.ltar
Mathlib.Topology.Separation.GDelta	378b8f0fa32f578a.ltar
Mathlib.Algebra.Homology.ShortComplex.ExactFunctor	ab75f8935cec92ea.ltar
Mathlib.Basic.Nontrivial.Basic	feeb8c212260bd6c.ltar
Mathlib.Algebra.Category.ModuleCat.Ext.Basic	279a509f4fc8986f.ltar
Mathlib.Algebra.CharZero.Defs	ac2c0fedd84307c1.ltar
Mathlib.NumberTheory.NumberField.Units.Regulator	68581f30a42f6a8f.ltar
Mathlib.CategoryTheory.Sites.Coherent.SequentialLimit	c346a5ecccaa82a8.ltar
Mathlib.Util.CompileInductive	8d716cf226df28e3.ltar
Mathlib.RingTheory.Coalgebra.Convolution	11f1adc0197699cf.ltar
Mathlib.Basic.NNReal.Basic	c73eb66cfdf838b6.ltar
Mathlib.Algebra.Order.Ring.Int	105eb4f8d1270889.ltar
Mathlib.CategoryTheory.WithTerminal.FinCategory	ea59678225c45099.ltar
Mathlib.Topology.ClopenBox	2cb1f3c5231f76d0.ltar
Mathlib.CategoryTheory.Monoidal.Arrow	a91e791e88bb1651.ltar
Mathlib.Algebra.Order.Monoid.ToMulBot	05495426efcdd3c4.ltar
Mathlib.Combinatorics.SimpleGraph.StronglyRegular	052043b56b4f4885.ltar
Mathlib.MeasureTheory.Function.ConditionalExpectation.Basic	cd63ca00c6ae5b18.ltar
Mathlib.Probability.Martingale.Convergence	38831c62dbc3f27e.ltar
Mathlib.Algebra.Homology.ShortComplex.Limits	bf4ee0bf9a1427c0.ltar
Mathlib.Algebra.GroupWithZero.Commute	4dc691f2af8ceef4.ltar
Mathlib.Data.LawfulXor.Basic	151bddc57dd66249.ltar
Mathlib.Topology.ContinuousMap.Sigma	044ba593f5764b20.ltar
Mathlib.MeasureTheory.Measure.HasOuterApproxClosedProd	fa6a21c4178091a5.ltar
Mathlib.Algebra.MvPolynomial.Supported	ff4e910479a11595.ltar
Mathlib.AlgebraicTopology.SimplexCategory.DeltaZeroIter	5941573f159e6f21.ltar
Mathlib.AlgebraicGeometry.ProjectiveSpectrum.Scheme	f62a2cd7659a1cc8.ltar
Mathlib.Tactic.FailIfNoProgress	39e5dfcd97c52b24.ltar
Mathlib.NumberTheory.NumberField.Basic	44bd6198e290bee5.ltar
Mathlib.NumberTheory.LSeries.Convolution	c4a8af9632c63e9b.ltar
Mathlib.Topology.GDelta.Basic	ef3e7b33e9546797.ltar
Batteries.Data.ByteSlice	ccb54bc8b05372fa.ltar
Mathlib.CategoryTheory.Adjunction.Mates	a7fcde3b27a376e1.ltar
Mathlib.Data.Holor	3094d065f7c67d07.ltar
Mathlib.RingTheory.Spectrum.Maximal.Topology	3ee768f0264e27ec.ltar
Mathlib.Data.Set.BoolIndicator	a25564c8d0a478a7.ltar
Mathlib.RingTheory.PowerSeries.Trunc	5e1b30abc5e0c4a6.ltar
Mathlib.SetTheory.Cardinal.Finsupp	d6146f90eda862f8.ltar
Mathlib.LinearAlgebra.Matrix.Defs	3fd6a8cbcd8bf5fb.ltar
Mathlib.CategoryTheory.MorphismProperty.Descent	1884ad5d84c576d4.ltar
Mathlib.Topology.UniformSpace.Real	76360bea76caf798.ltar
Batteries.Control.ForInStep.Basic	be189a7c2de3d67f.ltar
Mathlib.Analysis.Complex.BorelCaratheodory	956d5ff7b9fab0b6.ltar
Mathlib.Analysis.Convex.FunctionTopology	fcf629eb0d355ae5.ltar
Mathlib.RingTheory.Extension.Presentation.Basic	581d607d5a087b82.ltar
Mathlib.MeasureTheory.Function.ConditionalExpectation.PullOut	386a99249c5140f4.ltar
Mathlib.Algebra.Order.Hom.Basic	51675e2e50379909.ltar
Mathlib.CategoryTheory.Sites.DenseSubsite.SheafEquiv	115e6d5be32db296.ltar
Mathlib.Tactic.NormNum.IsSquare	6d0668504e9ff948.ltar
Aesop.Search.Expansion.Norm	98d8174e3d32a342.ltar
Mathlib.Data.Matrix.Diagonal	683511362341ab1f.ltar
Mathlib.Data.List.TakeDrop	c8a70a8e15e5c8bc.ltar
Mathlib.Geometry.Convex.ConvexSpace.CompactSpaceStdSimplex	a0b70182ee72b8b3.ltar
Mathlib.Computability.NFA	97faeb9abfd57781.ltar
Mathlib.AlgebraicGeometry.Morphisms.Integral	c8320a6303ef795c.ltar
Mathlib.CategoryTheory.Localization.Equivalence	23839043b74ec59f.ltar
Mathlib.Analysis.Calculus.FDeriv.Basic	fabfec2e6f9f4153.ltar
Mathlib.LinearAlgebra.Matrix.GeneralLinearGroup.FinTwo	65e5fc0841f47587.ltar
Mathlib.Analysis.Calculus.FDeriv.ContinuousAlternatingMap	6d817d8f680e6875.ltar
Mathlib.LinearAlgebra.FreeModule.IdealQuotient	f6d576da963018bf.ltar
Mathlib.CategoryTheory.Bicategory.CatEnriched	622a0724ceac1559.ltar
Mathlib.Util.GetAllModules	57467a54346ababf.ltar
Mathlib.CategoryTheory.Limits.Preserves.Shapes.Biproducts	e793d4bc0453bffc.ltar
Mathlib.CategoryTheory.Abelian.Subobject	fd26502a05ad0acf.ltar
Mathlib.Data.QPF.Multivariate.Constructions.Cofix	05fd27ea734e527f.ltar
Mathlib.Topology.Compactness.NhdsKer	feb1a6b6e1276da2.ltar
Mathlib.Data.Num.ZNum	dba8c3e9df607cd5.ltar
Mathlib.AlgebraicTopology.SimplicialSet.Degenerate	37fc7735aa87fb1b.ltar
Mathlib.Data.List.Triplewise	148c3f7e64e1a020.ltar
Mathlib.NumberTheory.Padics.MahlerBasis	29919f5b3f9f8413.ltar
Mathlib.Topology.Algebra.UniformField	cbdecd2b0844c39b.ltar
Mathlib.AlgebraicTopology.SingularHomology.HomotopyInvarianceTopCat	57d27819c8a75054.ltar
Mathlib.AlgebraicTopology.DoldKan.FunctorN	ff011e1ec08f7349.ltar
Mathlib.CategoryTheory.Abelian.GrothendieckCategory.ColimCoyoneda	d91c2fb3bec31cd8.ltar
Mathlib.Topology.UniformSpace.AbstractCompletion	43f62ad0c9192b27.ltar
Mathlib.AlgebraicGeometry.ProjectiveSpectrum.Proper	a9003faac9a91077.ltar
Aesop.Frontend.Tactic	7f082ab39c0105bc.ltar
Mathlib.CategoryTheory.Quotient	d53f0cc14daa8823.ltar
Mathlib.RingTheory.Polynomial.Ideal	eb96922a510c8ae4.ltar
Mathlib.CategoryTheory.Preadditive.LiftToFinset	c4624630e1a71956.ltar
Mathlib.Algebra.Order.Archimedean.Real.Basic	982f577a4eb973ea.ltar
Mathlib.Combinatorics.SimpleGraph.Regularity.Equitabilise	5589ba1bf4dafcea.ltar
Mathlib.CategoryTheory.Triangulated.Subcategory	3c6ab764cb68e9ad.ltar
Mathlib.Algebra.Group.Equiv.Opposite	fac05f3172a2e235.ltar
Mathlib.Data.Tree.Get	e0b9d8c2fed6939e.ltar
Mathlib.Topology.ApproximateUnit	19385770d270dae4.ltar
Mathlib.Algebra.Module.Hom	daabad2c81295f98.ltar
Mathlib.GroupTheory.QuotientGroup.Defs	fdf1c85d0bda29a9.ltar
Mathlib.CategoryTheory.Center.Linear	df4bf13615a0fef4.ltar
Mathlib.Data.Int.Fib.Basic	41a3d6c86d101059.ltar
Mathlib.Order.Filter.ListTraverse	9074415cb1494101.ltar
Mathlib.RingTheory.Localization.Defs	b0b010cba83335f0.ltar
Mathlib.Algebra.Category.ModuleCat.Presheaf.Sheafification	f422b2c7459b763d.ltar
Mathlib.Order.Filter.IndicatorFunction	d54e14efa88770ac.ltar
Mathlib.Topology.Algebra.SeparationQuotient.Basic	619f6b080f67c31f.ltar
Mathlib.AlgebraicTopology.SimplicialSet.AnodyneExtensions.RelativeCellComplex	8977c37c2438be10.ltar
Mathlib.Algebra.Group.Submonoid.Pointwise	6efecb82b7513815.ltar
Mathlib.Tactic.Echelon.Rat	dbeec08f7e505449.ltar
Mathlib.LinearAlgebra.Multilinear.DFinsupp	fabaf584d04a4e3f.ltar
Mathlib.Tactic.AddGroup	6a4b8e873dd98a13.ltar
Mathlib.Data.Int.Order.Units	27e882ba69ac5e29.ltar
Mathlib.LinearAlgebra.SesquilinearForm.Basic	8e9397ce3a47d09b.ltar
Mathlib.Analysis.SpecialFunctions.ContinuousFunctionalCalculus.PosPart.Basic	e67bccf03d8648c3.ltar
Mathlib.NumberTheory.NumberField.Cyclotomic.Basic	71ab2ba19d256931.ltar
Mathlib.Geometry.Convex.ConvexSpace.Barycenter	325c6ca7a73458b8.ltar
Mathlib.Analysis.InnerProductSpace.Spectrum	f269ea79ed336d36.ltar
Mathlib.GroupTheory.FreeGroup.Basic	470ad7d5a9b4439f.ltar
Mathlib.AlgebraicTopology.SimplicialComplex.Basic	85f2441d5470dbb8.ltar
Mathlib.Data.Finset.Update	89ba168e79250b92.ltar
Mathlib.RingTheory.TensorProduct.Basic	3789e7537243776f.ltar
Mathlib.Order.WellFoundedSet	7c3029b6f18c9c4d.ltar
Mathlib.Order.InitialSeg	cfd4317c426221cb.ltar
Mathlib.Data.Nat.Cast.Field	f5d7d67e4242ebf6.ltar
Mathlib.LinearAlgebra.ExteriorAlgebra.Grading	bb2eb86e4e86ffa1.ltar
Mathlib.Analysis.InnerProductSpace.Dual	7256687d25c72dcc.ltar
Mathlib.Topology.MetricSpace.Pseudo.Pi	faf4243d88fa4094.ltar
Mathlib.Tactic.Qify	ad70e21fe0634632.ltar
Mathlib.Algebra.Module.Presentation.Differentials	8526dbe2b868aa63.ltar
Mathlib.Data.Semiquot	51a4d2025f9a3b85.ltar
Mathlib.Algebra.Algebra.Subalgebra.Directed	05acb4a94070a7d0.ltar
Mathlib.Order.Hom.Lattice	cd053b8b4b9045c3.ltar
Mathlib.Algebra.Order.Kleene	1bdcb3bb2f4f5547.ltar
Mathlib.RingTheory.Radical.NatInt	a93658bc85fc442a.ltar
Mathlib.Data.Finset.DenselyOrdered	d44d4f4d76a80d34.ltar
Mathlib.CategoryTheory.Preadditive.Injective.Basic	1f250c7a25ecba22.ltar
Mathlib.Tactic.Polynomial.Core	05c164040f0bd940.ltar
Mathlib.Analysis.LConvolution	0d819735c683172a.ltar
Mathlib.Algebra.Group.TypeTags.Basic	67d0da7108d31f77.ltar
Mathlib.MeasureTheory.Measure.MutuallySingular	001fb7249bd76bb8.ltar
Mathlib.AlgebraicGeometry.AlgebraicCycle.Basic	63b919139496e544.ltar
Mathlib.CategoryTheory.Limits.Comma	bfb8e42f6f88221f.ltar
Mathlib.Topology.Algebra.Category.ProfiniteGrp.Completion	61ffdaf1c27c0d1c.ltar
Mathlib.Algebra.GroupWithZero.Shrink	fe860ae1494418a7.ltar
Mathlib.CategoryTheory.Limits.Preserves.Shapes.Images	ae078a7939b4a43f.ltar
Mathlib.Algebra.Order.AddGroupWithTop	f4f5347deedea849.ltar
Mathlib.FieldTheory.IntermediateField.ExtendRight	d937dc80d0b05f9b.ltar
Mathlib.MeasureTheory.SetAlgebra	d83654699e9ce26c.ltar
Mathlib.CategoryTheory.Preadditive.Projective.Preserves	1428794da6c64ce5.ltar
Mathlib.CategoryTheory.Limits.Shapes.Opposites.Equalizers	4c085a05e1c8451b.ltar
Plausible.DeriveShrinkable	8db7a637d37efe37.ltar
Mathlib.Tactic.Widget.LibraryRewrite	e482b24f9d1230b5.ltar
Mathlib.Data.DFinsupp.NeLocus	2c82b458472d0216.ltar
Mathlib.Analysis.InnerProductSpace.Continuous	223bec682db7bd81.ltar
Mathlib.RingTheory.Adjoin.Polynomial.Bivariate	a205513d25297185.ltar
Mathlib.Algebra.Ring.Int.Units	3be1ff635a3a09f7.ltar
Mathlib.LinearAlgebra.Span.Basic	7a93111f057c53a6.ltar
Mathlib.RingTheory.Smooth.Kaehler	ba2f127dfca36d20.ltar
Mathlib.CategoryTheory.Preadditive.Injective.Resolution	e14ca6571adeccf6.ltar
Aesop.Builder.Unfold	cb685d4ad0570b09.ltar
Mathlib.Data.DFinsupp.Ext	aca10b6c99aa113a.ltar
Mathlib.MeasureTheory.Function.ConditionalExpectation.Real	1d48af8a2b922dd3.ltar
Batteries.Data.Nat.Bisect	994891b0b84c4a18.ltar
Mathlib.CategoryTheory.Monad.Adjunction	327216c49bd3aab0.ltar
Mathlib.MeasureTheory.Covering.BesicovitchVectorSpace	045aea406c3a7bd0.ltar
Mathlib.RingTheory.Trace.Quotient	405fb8b870de2e0a.ltar
Mathlib.Data.Nat.Order.Lemmas	04479c14c23097eb.ltar
Mathlib.RingTheory.AdicCompletion.AsTensorProduct	ff763454855d047c.ltar
Mathlib.CategoryTheory.Functor.KanExtension.Adjunction	43c583ed05795b84.ltar
Mathlib.Analysis.Normed.Order.UpperLower	75aeaf0254a94aa0.ltar
Mathlib.AlgebraicTopology.ModelCategory.CategoryWithCofibrations	8bc4f71e4f8bbc46.ltar
Mathlib.Tactic.CancelDenoms	2dbbcc09a2968ec6.ltar
Mathlib.MeasureTheory.Measure.CharacteristicFunction.Basic	0a17baaed57c4a47.ltar
Mathlib.CategoryTheory.Localization.HasLocalization	2db8c780b63d4f62.ltar
Mathlib.CategoryTheory.Triangulated.Opposite.Triangulated	2ccfb5cc19894ea5.ltar
Mathlib.GroupTheory.GroupExtension.Defs	6f375bf32a366692.ltar
Mathlib.LinearAlgebra.FiniteDimensional.Basic	8fc2ef7d8b3bd00f.ltar
Mathlib.Topology.IndicatorConstPointwise	8adb886ae587dd57.ltar
Mathlib.Order.Interval.Finset.Fin	271a5b22904a81eb.ltar
Mathlib.RingTheory.Localization.LocalizationLocalization	871073e332189692.ltar
Mathlib.CategoryTheory.Abelian.GrothendieckAxioms.Basic	c74b6bb7b0557b99.ltar
Mathlib.Algebra.Category.ModuleCat.Free	0475b6962cb8e96a.ltar
Mathlib.MeasureTheory.Function.LocallyIntegrable	07489ec8ad0b76d4.ltar
Mathlib.GroupTheory.MonoidLocalization.Cardinality	09a5e7909028817c.ltar
Mathlib.LinearAlgebra.ExteriorAlgebra.Basic	e90552b5dfa70a7e.ltar
Mathlib.Topology.Category.Profinite.Nobeling.ZeroLimit	ddad422f1ecdef46.ltar
Mathlib.Analysis.Complex.OperatorNorm	e920974b1724be97.ltar
ImportGraph.Imports.ImportGraph	6b5bebfc3a07ebdd.ltar
Mathlib.Algebra.Group.Monoid	02e24f56ded33bcc.ltar
Mathlib.Analysis.SpecialFunctions.ContinuousFunctionalCalculus.Rpow.Basic	9d81cae730a437f7.ltar
Mathlib.CategoryTheory.Galois.Decomposition	724da3b75aab8ca9.ltar
Mathlib.LinearAlgebra.Dimension.Subsingleton	2804225a5bea727c.ltar
Mathlib.Topology.Algebra.InfiniteSum.Nonarchimedean	48a13ea33d41dae0.ltar
Mathlib.Analysis.SpecialFunctions.Complex.LogBounds	f9ecf23e94b01a7d.ltar
Mathlib.SetTheory.Cardinal.Finite	08b709689a3c0340.ltar
Mathlib.Algebra.BigOperators.Group.List.Lemmas	bf47a8806084188a.ltar
Mathlib.LinearAlgebra.Matrix.Kronecker	e0f701c87725c827.ltar
Mathlib.Topology.UniformSpace.Completion	6c9fdb89a2114ce4.ltar
Mathlib.CategoryTheory.Limits.Shapes.BinaryProducts.BinaryProducts	ce48ceaf6963f496.ltar
Mathlib.Data.Nat.Factorization.Root	21b840e391e2a9eb.ltar
Mathlib.MeasureTheory.VectorMeasure.Decomposition.Lebesgue	231b9cf653ad9f19.ltar
Mathlib.Order.Antichain	eaa5f814f45b4c4b.ltar
Mathlib.GroupTheory.SpecificGroups.Cyclic	c7292bf50ee6f456.ltar
Mathlib.Algebra.Notation.FiniteSupport	7db4eed3d8b21bc5.ltar
Mathlib.Combinatorics.SimpleGraph.Walks.Basic	c1d941e29324553d.ltar
Mathlib.CategoryTheory.Preadditive.EilenbergMoore	df381de09ee5648d.ltar
Mathlib.CategoryTheory.Limits.Shapes.Pullback.Equalizer	69f275303c66a186.ltar
Mathlib.Analysis.SpecialFunctions.Log.PosLog	0bd27d319b53b1e9.ltar
Mathlib.Data.Sigma.Order	0c699485d64de340.ltar
Mathlib.Data.List.Pairwise	40509ed7be4a9192.ltar
Mathlib.Algebra.Ring.Semireal.Defs	5867a00b4ea6fb64.ltar
Mathlib.RingTheory.DiscreteValuationRing.Basic	2eac7ab02acdc9df.ltar
Mathlib.RingTheory.Valuation.ExtendToLocalization	c0ea1fd8d643ef10.ltar
Mathlib.AlgebraicGeometry.Birational.Composition	64c0a409946fa14f.ltar
Mathlib.Algebra.Algebra.Hom	adc9715dd46082fb.ltar
Mathlib.Probability.Kernel.CompProdEqIff	2d142c8e50f1c433.ltar
Mathlib.Tactic.Find	e098fe8f9d4db93a.ltar
Mathlib.Order.Filter.Subsingleton	5770d5bb95000e2b.ltar
Mathlib.RingTheory.Nilpotent.Exp	7de74b091ae219d9.ltar
Mathlib.CategoryTheory.Distributive.Cartesian	cc9a0fc4bc8886cb.ltar
Mathlib.RingTheory.HopfAlgebra.Basic	3f8fbb7b57dfa48f.ltar
Mathlib.Basic.Nonempty	d4385e9b17ac5f7e.ltar
Mathlib.Analysis.Normed.Operator.Bilinear	2181aa21521b9be2.ltar
Mathlib.Analysis.Normed.Module.RieszLemma	11428184b348dd26.ltar
Mathlib.Tactic.ComputeAsymptotics.Lemmas	b0e631132197ffee.ltar
Mathlib.MeasureTheory.Measure.EverywherePos	a3efdbbfd992306c.ltar
Mathlib.GroupTheory.MonoidLocalization.Finite	9bd6d7789e4eb530.ltar
Mathlib.Data.Nat.GCD.Basic	d8ee9baa7c39b128.ltar
Mathlib.SetTheory.Cardinal.Embedding	3a71a48a56925518.ltar
Mathlib.Data.Multiset.MapFold	5bb037a72bb6d887.ltar
Mathlib.RingTheory.MvPolynomial.FreeCommRing	246c110a6539f541.ltar
Mathlib.Combinatorics.Nullstellensatz	d465356279a2e593.ltar
Mathlib.Topology.Algebra.Monoid.FunOnFinite	a24faebd158047d0.ltar
Aesop.RuleTac.ElabRuleTerm	dfa498a2cf29e4c0.ltar
Mathlib.NumberTheory.ZetaValues	213f83f87ec76592.ltar
Mathlib.Data.FunLike.Ring	92a1c2b771c17b4d.ltar
Mathlib.MeasureTheory.Group.IntegralConvolution	860d5359e8dea400.ltar
Mathlib.Algebra.Order.GroupWithZero.Lex	1c887579ba8ad398.ltar
Mathlib.LinearAlgebra.Unimodular	76cae6d96fc71e51.ltar
Mathlib.Data.List.Zip	a5959ef9c2bfaa75.ltar
Mathlib.Algebra.Group.Subgroup.Defs	164406398697e9c1.ltar
Mathlib.Algebra.Algebra.Subalgebra.MulOpposite	056ad774aca54e99.ltar
Mathlib.RingTheory.Regular.Flat	1c08fa60e26127f1.ltar
Mathlib.Algebra.Module.Submodule.Ker	ad2aa86362645b67.ltar
Mathlib.Algebra.Order.Interval.Set.Monoid	30dfa81203abb0f6.ltar
Mathlib.MeasureTheory.Function.StronglyMeasurable.AEStronglyMeasurable	e93be591195ef5bf.ltar
Mathlib.CategoryTheory.IsomorphismClasses	b0979aab2f82ce8f.ltar
Mathlib.Data.Finset.Preimage	1142c56639f9d8d8.ltar
Mathlib.Topology.NoetherianSpace	b30e07c78429d1bd.ltar
Mathlib.Topology.Algebra.Module.UniformConvergence	588cd3a4f51033d0.ltar
Mathlib.Topology.Order.MonotoneContinuity	b2d690bf4ce80e65.ltar
Mathlib.Topology.MetricSpace.UniformConvergence	4d05c29ff1c399ba.ltar
Mathlib.Topology.Category.TopCat.Limits.Konig	dafaa4787c9e3bbe.ltar
Mathlib.CategoryTheory.Monoidal.Comon_	bc54d94b3c90ccaa.ltar
Mathlib.Geometry.Group.Growth.QuotientInter	7f0da65756ab15c5.ltar
Mathlib.Data.Fin.Tuple.Take	b7addc0665b28675.ltar
Mathlib.Probability.Distributions.Pareto	e7166f4eac2280dd.ltar
Mathlib.MeasureTheory.Integral.MeanInequalities	bf5e325bdcda89f9.ltar
Mathlib.Analysis.CStarAlgebra.CStarMatrix	7a2e6cd47e42ee75.ltar
Mathlib.CategoryTheory.Triangulated.TriangleShift	223b114a7d599a77.ltar
Mathlib.Algebra.Star.Prod	32447fe5cc47bbb8.ltar
Mathlib.NumberTheory.DirichletCharacter.Basic	abc9112935fda7a3.ltar
Mathlib.CategoryTheory.Monoidal.Internal.Types.Basic	56f538dae25e82db.ltar
Mathlib.Order.Interval.Set.Union	f82d913b2810f29c.ltar
Mathlib.Algebra.Homology.HomotopyCategory.MappingCone	5196924e4aa9886a.ltar
Mathlib.CategoryTheory.Functor.Functorial	67dedd86be8fe83b.ltar
Mathlib.CategoryTheory.ObjectProperty.ClosedUnderIsomorphisms	cc2f901c0d55ae0a.ltar
Mathlib.Analysis.Normed.Operator.Conformal	d6beb103ec9a5214.ltar
Batteries.Data.Range.Lemmas	cfc5621c52acff53.ltar
Mathlib.LinearAlgebra.RootSystem.Reduced	a7f2ed0d331ecb27.ltar
Mathlib.Algebra.Lie.SemiDirect	80e7c92510d9cacc.ltar
Mathlib.FieldTheory.PrimeField	2e1b535ec6d4f4a2.ltar
Mathlib.Algebra.Polynomial.Eval.Defs	4eebbdae33877ee2.ltar
Mathlib.Analysis.Complex.Asymptotics	cfd773a6cd01f251.ltar
Mathlib.Algebra.Order.Archimedean.IndicatorCard	d73d19ee055d28c0.ltar
Mathlib.NumberTheory.SumTwoSquares	4018dc81e3db739a.ltar
Mathlib.Combinatorics.Young.YoungDiagram	0d71ea988a4b7b29.ltar
Mathlib.MeasureTheory.Integral.IntervalIntegral.TrapezoidalRule	fbfd74c4abf3faa6.ltar
Mathlib.Tactic.NormNum	8e1775043f9a3c01.ltar
Mathlib.Algebra.QuadraticAlgebra.NormDeterminant	7023f2e26b57c782.ltar
Mathlib.Data.Rat.NatSqrt.Defs	994f3abe366a1833.ltar
Mathlib.Topology.Algebra.GroupWithZero	da088502feba6653.ltar
Mathlib.Algebra.Order.Sub.Basic	337367cac97a9327.ltar
Mathlib.MeasureTheory.Function.AEMeasurableSequence	9733054865bf4f64.ltar
Mathlib.Algebra.Order.Sub.Unbundled.Hom	9bce4507c8ab2df5.ltar
Mathlib.CategoryTheory.Sites.Over	76896e7861c7c5d2.ltar
Mathlib.CategoryTheory.Monoidal.Preadditive	40a492e4cb93d755.ltar
Mathlib.CategoryTheory.Sites.Coherent.ReflectsPreregular	7ce9d4c947491f84.ltar
Mathlib.CategoryTheory.LiftingProperties.PushoutProduct	f2ce2a103d397014.ltar
Mathlib.Tactic.WLOG	bcd86ae36a016868.ltar
Mathlib.Order.OrderDual	c1cbba0778632ab0.ltar
Mathlib.Algebra.Ring.Int.Defs	d9b190e2288bc24d.ltar
Mathlib.Combinatorics.Enumerative.Schroder	96191f2bde13d6f5.ltar
Mathlib.MeasureTheory.Measure.PreVariation	8330e8c991fc6b15.ltar
Mathlib.Analysis.ODE.Transform	e027ad8b8eaf55ad.ltar
Mathlib.Tactic.Relation.Rfl	813d4e0ccbaf20b7.ltar
Batteries.Tactic.Init	badb0a1dfc9d294c.ltar
Mathlib.Tactic.CategoryTheory.BicategoryCoherence	ec5dea66437e17d0.ltar
Mathlib.Data.Nat.Sqrt	91da39026efc7f43.ltar
Mathlib.LinearAlgebra.QuadraticForm.AlgClosed	815b225d7a8a4137.ltar
Mathlib.Algebra.Algebra.Subalgebra.Rank	d229a0d57ddb0223.ltar
Mathlib.AlgebraicTopology.SimplexCategory.Truncated	9bfaa4318d848182.ltar
Mathlib.MeasureTheory.Constructions.BorelSpace.Metric	78077b406e05f5f3.ltar
Mathlib.Analysis.Meromorphic.IsolatedZeros	315f6c1c42aa36ac.ltar
Mathlib.Order.CountableDenseLinearOrder	90685f83edf6a878.ltar
Mathlib.CategoryTheory.FiberedCategory.HasFibers	1d0a63899914682c.ltar
Mathlib.Topology.Sheaves.Abelian	2ad51ce78c451a34.ltar
Mathlib.Algebra.Category.Grp.IsFinite	f261eae9c01aff5b.ltar
Mathlib.Topology.CWComplex.Classical.Finite	ac5f0381580354db.ltar
Mathlib.AlgebraicTopology.SimplicialObject.Homotopy	b71e14ff8895603e.ltar
Mathlib.AlgebraicGeometry.Morphisms.IsIso	484d84afdb73b838.ltar
Mathlib.Analysis.Calculus.FDeriv.Partial	8d0b5eec171c5c2d.ltar
Mathlib.NumberTheory.Zsqrtd.Basic	e4e81db969516300.ltar
Aesop.RuleTac.Descr	29b7846edaa77de1.ltar
Mathlib.Tactic.NormNum.Abs	0355fe6e06c7b242.ltar
Mathlib.Algebra.Homology.DerivedCategory.Ext.MapAdjunction	80c56423bfddabaa.ltar
Mathlib.LinearAlgebra.Eigenspace.Triangularizable	8ed1fee7557fe014.ltar
Mathlib.CategoryTheory.Functor.KanExtension.Basic	9fc0985035e79ff2.ltar
Mathlib.Algebra.Order.Group.Indicator	7ba33e20930ed45c.ltar
Mathlib.Data.Finset.Defs	0a129104e83fa962.ltar
Mathlib.NumberTheory.ModularForms.SlashInvariantForms	cbdea41e1cb7d6ff.ltar
Mathlib.NumberTheory.MulChar.Basic	7d46ea8ed5fd41de.ltar
Mathlib.CategoryTheory.Limits.Shapes.End	7af9465034fc16ee.ltar
Mathlib.LinearAlgebra.Matrix.ConjTranspose	b4f30db898fd50c7.ltar
Mathlib.MeasureTheory.Measure.IntegralCharFun	76aab1d3bb26f2bd.ltar
Mathlib.RingTheory.RamificationInertia.Inertia	6b741f9ba7678757.ltar
Mathlib.Algebra.Order.Group.Pointwise.Bounds	fdf221d347c452c6.ltar
Mathlib.CategoryTheory.Abelian.Injective.Basic	67bff183629d20f8.ltar
Mathlib.LinearAlgebra.Dimension.FreeAndStrongRankCondition	1b86ebd440c7cb24.ltar
Mathlib.Order.UpperLower.Fibration	92fb133d69b85d6f.ltar
Mathlib.CategoryTheory.Comma.Over.Pullback	fc94827137a7e16c.ltar
Mathlib.LinearAlgebra.Matrix.Cartan.Realisation	31cfc7299df61876.ltar
Mathlib.Analysis.NormedSpace.FunctionSeries	db3a6fcd65fd07a4.ltar
Mathlib.Topology.UrysohnsBounded	09aecd27ebf282a2.ltar
Mathlib.Probability.ProbabilityMassFunction.Integrals	8911cd843651598e.ltar
Mathlib.AlgebraicGeometry.IdealSheaf.IrreducibleComponent	dc53fa54ed214e76.ltar
Mathlib.RingTheory.Ideal.Oka	52db9539087d422c.ltar
Mathlib.Algebra.Homology.HomologicalComplexBiprod	0e7dad573b0d2dc3.ltar
Aesop.RuleSet.Name	c4425827c6f86dc5.ltar
Mathlib.Topology.MetricSpace.Cauchy	ac2efbb7af7bfdbe.ltar
Mathlib.RingTheory.WittVector.StructurePolynomial	ae6e14defb60e8d7.ltar
Mathlib.Order.Preorder.Chain	c55e61bb5fa0f38b.ltar
Mathlib.MeasureTheory.Measure.AddContent	0105b0d5c8f5e4d5.ltar
Batteries.Data.BitVec.Basic	347f43105861dd15.ltar
Mathlib.GroupTheory.NoncommPiCoprod	a09fbd1b7eba0795.ltar
Mathlib.Algebra.Ring.Action.End	003ea1a421950746.ltar
Mathlib.Data.List.OffDiag	592d253922d4ffbf.ltar
Mathlib.NumberTheory.Padics.Complex	79052b33a07e87ab.ltar
Mathlib.CategoryTheory.Localization.SmallHom	cda8647e58e17bb8.ltar
Mathlib.RingTheory.HopfAlgebra.TensorProduct	42e824949ea2046d.ltar
Mathlib.RingTheory.AlgebraicIndependent.Transcendental	899d7ee0c916b749.ltar
Mathlib.Combinatorics.SimpleGraph.Tutte	4dd2a5a127cb86c1.ltar
Mathlib.Tactic.Inclusion.Extension.IntervalDyadicReal.Rational	765d87dd19ff3467.ltar
Mathlib.RingTheory.Spectrum.Maximal.Localization	6224080870953afc.ltar
Mathlib.AlgebraicTopology.ModelCategory.Cylinder	6c75968d455eb3c3.ltar
Mathlib.Combinatorics.Quiver.Schreier	47fb18bd415b0b17.ltar
Mathlib.Dynamics.Ergodic.MeasurePreserving	e552bdde5475488d.ltar
Mathlib.LinearAlgebra.DirectSum.Finsupp	45b9eae43ffc4bdc.ltar
Mathlib.Algebra.Module.Submodule.IterateMapComap	f01875695d3fb383.ltar
Mathlib.RingTheory.Perfectoid.Untilt	f8e7b8800348bf50.ltar
Batteries.Tactic.Exact	43f99cf55162fd5a.ltar
Mathlib.CategoryTheory.ComposableArrows.Four	cc2e54715557d194.ltar
Mathlib.GroupTheory.Commutator.Finite	55ad0cd8ce89abf9.ltar
Mathlib.Algebra.Order.CauSeq.BigOperators	3bac4c8c1821847b.ltar
Mathlib.Algebra.Order.Ring.InjSurj	28d35a67b32eb405.ltar
Mathlib.CategoryTheory.Limits.Shapes.SplitEqualizer	cca93ea300a25973.ltar
Mathlib.Algebra.Category.Semigrp.Basic	d7c1d2a694d235e0.ltar
Mathlib.AlgebraicGeometry.EllipticCurve.Affine.AddSubMap	f48cf90223ead725.ltar
Mathlib.Data.Set.Piecewise	bb337e137dad1ec9.ltar
Mathlib.CategoryTheory.Monoidal.Types.Basic	e44f2d5f35f7a38e.ltar
Mathlib.Topology.Sheaves.Stalks	18d307faea4c3f16.ltar
Mathlib.Analysis.InnerProductSpace.NormDet	d78d5aaaa6404e7c.ltar
Mathlib.CategoryTheory.Sites.SheafCohomology.Basic	057f0be9a25ea52f.ltar
Mathlib.RingTheory.DedekindDomain.SelmerGroup	531ecf2b92fab54b.ltar
Mathlib.Data.Rat.Defs	2914c75352c70ac5.ltar
Mathlib.RingTheory.Polynomial.HilbertPoly	ad6f0d4bb0d5910d.ltar
Mathlib.CategoryTheory.Monoidal.ExternalProduct.KanExtension	62144c652ed27636.ltar
Mathlib.Analysis.Distribution.TemperedDistribution	05d0d29bca64edb4.ltar
Mathlib.CategoryTheory.MorphismProperty.Factorization	d602c13a80873fa2.ltar
ImportGraph.Imports.Redundant	1f9ab2676b6b7b9a.ltar
Mathlib.AlgebraicGeometry.Modules.Sheaf	29c975a3c9964a20.ltar
Mathlib.MeasureTheory.VectorMeasure.SetIntegral	d3c5d36f22cfe960.ltar
Mathlib.RingTheory.Polynomial.Quotient	5e6a9ae3778095ea.ltar
Mathlib.SetTheory.ZFC.Rank	ff5532eb4b4bcf1e.ltar
Mathlib.Topology.Constructions.SumProd	046fd3b5f45e8060.ltar
Mathlib.LinearAlgebra.LinearIndependent.Algebra	fa13a27c39fd58af.ltar
Mathlib.Analysis.SpecialFunctions.Pow.NNReal	69f3534a6f9ebd92.ltar
Mathlib.Data.Finset.NAry	a0955cca64c83956.ltar
Mathlib.Topology.Algebra.RestrictedProduct.Units	508eb9b6bf866f3d.ltar
Mathlib.Lean.Thunk	a2e1e404dd26c61c.ltar
Mathlib.RingTheory.WittVector.Defs	41264efc5960c2c2.ltar
Mathlib.CategoryTheory.Monoidal.CoherenceLemmas	a8ec9f0245bab8cc.ltar
Mathlib.CategoryTheory.Limits.Weighted.HasWeightedLimit	0f83b1f4e73bf34a.ltar
Mathlib.Topology.LocallyClosed	314201252d6edbef.ltar
Mathlib.CategoryTheory.PUnit	692fe964538ee7fb.ltar
Mathlib.Algebra.Homology.HomotopyCategory.KInjective	c52b4f8a33b72859.ltar
Mathlib.Algebra.Ring.Pi	19a7ecf291076fda.ltar
Mathlib.Topology.Hom.ContinuousEval	718fb40ba7394326.ltar
Mathlib.NumberTheory.SmoothNumbers	4559a1cf2c733016.ltar
Mathlib.CategoryTheory.Subobject.Limits	4e76d343af57eb33.ltar
Mathlib.Analysis.Subadditive	ee8b3828690a29e4.ltar
Mathlib.Algebra.Category.ModuleCat.Ext.HasExt	8530ab987146246c.ltar
Mathlib.Order.Filter.Finite	f7c1ffc0c0910da2.ltar
Mathlib.Tactic.GRewrite.Elab	327bc42b51fbcc3e.ltar
Mathlib.CategoryTheory.SmallObject.Iteration.Nonempty	2ac6b604233ca80a.ltar
Mathlib.Topology.Algebra.Module.ContinuousLinearMap.Positive	f5202529bba39b76.ltar
Mathlib.Order.Circular.ZMod	19e844226b10fd47.ltar
Mathlib.Algebra.Module.Presentation.RestrictScalars	3ed94d6425c6bb06.ltar
Mathlib.Combinatorics.Additive.CauchyDavenport	28a010e68fecf550.ltar
Mathlib.Probability.BorelCantelli	592ddc27bd206c01.ltar
Mathlib.CategoryTheory.Sites.LocallyFullyFaithful	639ec923b309d0fb.ltar
Mathlib.Algebra.Lie.TensorProduct	4f3bca6b0accc0ff.ltar
Mathlib.Analysis.Convex.StoneSeparation	b3da23f5b01a89f7.ltar
Mathlib.Analysis.NormedSpace.OperatorNorm.Completeness	302fe7459065e0c4.ltar
Mathlib.RingTheory.TensorProduct.Quotient	15625a5e0f03187d.ltar
Mathlib.CategoryTheory.Localization.Monoidal.Basic	eb13b10960cf7feb.ltar
Mathlib.Order.Filter.Map	adab8704c33b4520.ltar
Mathlib.MeasureTheory.Measure.Hausdorff	16c76a0a503275e1.ltar
Mathlib.Topology.Category.Stonean.Adjunctions	ed796d7b2f66a657.ltar
Mathlib.LinearAlgebra.ExteriorAlgebra.Product	f18ea7025e234236.ltar
Mathlib.CategoryTheory.Subfunctor.Subobject	99f981ad688f1a8a.ltar
Mathlib.Analysis.Convex.GaugeRescale	e98eb9270fff4955.ltar
Mathlib.Data.Finite.Sigma	5e5add26dcba4a77.ltar
Mathlib.Combinatorics.SimpleGraph.CycleGraph	7f86150ec1d6e496.ltar
Mathlib.RingTheory.Derivation.ToSquareZero	c9cf76d663d162d5.ltar
Mathlib.CategoryTheory.Idempotents.FunctorExtension	73fe7ba4ae5e178f.ltar
Mathlib.Algebra.Category.CoalgCat.ComonEquivalence	49b188ab22de5fa3.ltar
Mathlib.Order.Filter.EventuallyConst	9c791f440603df9b.ltar
Mathlib.LinearAlgebra.TensorProduct.Quotient	16e5fe05c3d25efe.ltar
Mathlib.AlgebraicGeometry.Morphisms.UniversallyClosed	49781ff3c604a213.ltar
Mathlib.Geometry.Convex.Cone.DualFinite	f0c2e4d70d98069d.ltar
Mathlib.RingTheory.Jacobson.Polynomial	38c5caa462b923fc.ltar
Mathlib.Tactic.IntervalCases	559c11d4026b5abd.ltar
Mathlib.AlgebraicGeometry.Sites.Fpqc	07d640edbb897e87.ltar
Batteries.Tactic.Lint.TypeClass	511153d0b727a3bf.ltar
Mathlib.FieldTheory.PerfectClosure	1ecc920725cfc100.ltar
Mathlib.Basic.ExistsUnique	eeb4e9ebaf341468.ltar
Mathlib.Algebra.Module.Equiv.Basic	2471c4246b2bba39.ltar
Mathlib.Tactic.Set	c86dbbf852dd7c9f.ltar
Mathlib.Topology.ContinuousMap.Bounded.Star	71a4b163c5f87b8d.ltar
Mathlib.AlgebraicGeometry.GammaSpecAdjunction	9c9a08f00229d8bc.ltar
Mathlib.RingTheory.Polynomial.Pochhammer	a2a74eddea6295b6.ltar
Mathlib.MeasureTheory.Integral.Bochner.VitaliCaratheodory	a4a5031ab1210144.ltar
Mathlib.Probability.Kernel.Disintegration.Unique	d16eb4f47a99a198.ltar
Mathlib.RingTheory.Polynomial.UniqueFactorization	815202c3bed582f9.ltar
Batteries.Data.BinomialHeap.Lemmas	98d59736a34e1609.ltar
Mathlib.Tactic.Linter.PrivateModule	ba4c85145c2f00d5.ltar
Mathlib.RingTheory.AdicCompletion.Functoriality	db5caad65767c1b3.ltar
Mathlib.CategoryTheory.Triangulated.Pretriangulated	cce2fa77511fe19b.ltar
Mathlib.NumberTheory.Padics.HeightOneSpectrum	50b43b4213d7be99.ltar
Mathlib.LinearAlgebra.CliffordAlgebra.Prod	613c4c3f5e6cde0e.ltar
Mathlib.Data.List.PeriodicityLemma	fb40521ef41def5b.ltar
Mathlib.NumberTheory.Divisors	7c57e64ae0702a51.ltar
Mathlib.GroupTheory.SpecificGroups.Quaternion	b618e4b218969b70.ltar
Mathlib.Geometry.RingedSpace.PresheafedSpace	8b0ae7c602946dce.ltar
Mathlib.Analysis.Real.Cardinality	e8d0dda04decad19.ltar
Mathlib.CategoryTheory.Functor.Hom	b153c401c571b907.ltar
Mathlib.MeasureTheory.Measure.Typeclasses.Finite	cb8f0653f8486ed6.ltar
Mathlib.Topology.Basic	8889f18026e9e1f6.ltar
Mathlib.CategoryTheory.Preadditive.FunctorCategory	b230641e45499d1a.ltar
Mathlib.Analysis.Real.Pi.Wallis	6e921583384d3966.ltar
Mathlib.Algebra.Group.Commute.Defs	5ac17a12b6d49e74.ltar
Mathlib.Algebra.Order.Star.Real	07ffeb908ae2d84d.ltar
Mathlib.RingTheory.Radical	e7eef2f3aff748c8.ltar
Mathlib.Data.List.Indexes	8c0c7a96ca0846c5.ltar
Mathlib.Data.Nat.Cast.NeZero	7d76077a899befa7.ltar
Mathlib.RingTheory.Spectrum.Prime.Jacobson	4074388e9112ef5f.ltar
Mathlib.Data.Sym.Sym2.Finsupp	fb72c59b6d036e6a.ltar
Mathlib.Tactic.OfNat	9e7c61b4800e5fbe.ltar
Mathlib.Analysis.Normed.Module.RCLike.Extend	2528ecbdb63560ae.ltar
Mathlib.Analysis.Fourier.AddCircleMulti	6f1224c7d73f5250.ltar
Mathlib.AlgebraicGeometry.EllipticCurve.Projective.Point	1e5679b06324741c.ltar
Mathlib.Data.List.ChainOfFn	a320a220204fa138.ltar
Mathlib.LinearAlgebra.QuadraticForm.Basis	45ec86752b0d3eaf.ltar
Mathlib.RingTheory.UniqueFactorizationDomain.Finite	06d15df444099837.ltar
Mathlib.Topology.LocallyConstant.Basic	4db3aa7a81a3e4b6.ltar
Mathlib.LinearAlgebra.Matrix.DualNumber	09ad7e1f4bddf2f7.ltar
Mathlib.CategoryTheory.Sites.Point.Monoidal	9d0b389060c630a4.ltar
Mathlib.NumberTheory.LSeries.Convergence	0690a86fa253e4a6.ltar
Mathlib.Algebra.Group.TypeTags.Hom	37956fe69c14b4be.ltar
Mathlib.Analysis.SpecialFunctions.Trigonometric.Sinc	1c5498e30d88c57b.ltar
Mathlib.Algebra.Tropical.BigOperators	dc4da252c7e7afa4.ltar
Mathlib.CategoryTheory.Sums.Products	1a61574953e11880.ltar
Mathlib.CategoryTheory.Discrete.StructuredArrow	59115cb7dc9acacf.ltar
Mathlib.LinearAlgebra.Matrix.Hermitian	8dcded48ebd6b36d.ltar
Mathlib.Algebra.Category.CommAlgCat.Monoidal	d7f9225feadd1882.ltar
Mathlib.CategoryTheory.Monoidal.Closed.FunctorCategory.Basic	dc8c7f879b8834ae.ltar
Mathlib.Topology.Category.CompHausLike.Limits	823ae760d3adc068.ltar
Mathlib.CategoryTheory.Limits.Types.ColimitTypeFiltered	06b7567f025e79fd.ltar
Mathlib.RingTheory.Coalgebra.TensorProduct	f67fd12ddd7cab8d.ltar
Mathlib.Topology.Order.OrderClosedExtr	1edee5c8624044cd.ltar
Mathlib.Algebra.Order.Floor.Div	c382d755f796c79c.ltar
Mathlib.CategoryTheory.Monoidal.Cartesian.InfSemilattice	c4e603fdb0a7ea79.ltar
Mathlib.GroupTheory.QuotientGroup.Basic	2772536018a84676.ltar
Mathlib.Topology.VectorBundle.Basic	18528f53a011b4e2.ltar
Mathlib.NumberTheory.NumberField.ProductFormula	68f9438b9bddd819.ltar
Mathlib.Analysis.Normed.Module.Convex	0e90a53dfb026e3b.ltar
Mathlib.AlgebraicTopology.SimplicialSet.Presentable	6ce23f4f4d29400c.ltar
Mathlib.Algebra.Category.ModuleCat.Colimits	19d70d0159a6c67d.ltar
Mathlib.LinearAlgebra.Matrix.Echelon.Decomposition	506c04f684804e6b.ltar
Mathlib.Algebra.Category.CoalgCat.Basic	7b06629f4699ef72.ltar
Mathlib.Combinatorics.Derangements.Exponential	308bc9483b60e979.ltar
ImportGraph.Tools.FindHome	ddaa7f65185fe5da.ltar
Mathlib.AlgebraicTopology.SimplicialSet.HomotopyCat	06a1352b075a2f7b.ltar
Mathlib.Data.List.AList	dac6d90765a0c548.ltar
Mathlib.CategoryTheory.Triangulated.TStructure.SpectralObject	008b2c4ab114fc5c.ltar
Mathlib.Analysis.Complex.IsIntegral	211ef1db77c0cc5d.ltar
Mathlib.Algebra.Order.Ring.Rat	b3e5d7828b82fa5d.ltar
Mathlib.Analysis.Normed.Ring.Int	65326091be372aff.ltar
Mathlib.Topology.OpenPartialHomeomorph.IsImage	494fa1d9536f5da4.ltar
Mathlib.CategoryTheory.Abelian.Injective.Resolution	bcf7271e0641f9eb.ltar
Mathlib.Dynamics.PeriodicPts.Lemmas	f3882f354defdc46.ltar
Batteries.Data.List.Interleave	dccf54b513e9a219.ltar
Mathlib.GroupTheory.MonoidLocalization.Basic	9a8f088ed78bbd99.ltar
Mathlib.Data.QPF.Multivariate.Constructions.Const	53750627da7788a0.ltar
Mathlib.Data.Finsupp.Pointwise	0c62e6ed458169bd.ltar
Mathlib.Analysis.SpecialFunctions.Choose	ae95b4f7fca88149.ltar
Mathlib.CategoryTheory.ExtremalEpi	5c6a5891b8ea7698.ltar
Mathlib.Topology.SeparatedMap	d0e386ca9ebfb818.ltar
Mathlib.CategoryTheory.Category.KleisliCat	ed82dafbf7a52d4b.ltar
Mathlib.CategoryTheory.Sites.Hypercover.ZeroFamily	05906078275d1d2b.ltar
Mathlib.MeasureTheory.Measure.Haar.Extension	34103e5b43d15c64.ltar
Mathlib.Combinatorics.Derangements.Finite	67ef4acd3f0a4fd6.ltar
Mathlib.Algebra.Star.Conjneg	436ceb71ad68ad01.ltar
Mathlib.Algebra.AddConstMap.Equiv	f2f6a6b92cac9586.ltar
Mathlib.NumberTheory.EulerProduct.ExpLog	b67df86794724746.ltar
Plausible.ArbitraryFueled	e32f22018584f8cb.ltar
Mathlib.Probability.Kernel.WithDensity	ef26d5d9d34c3d5e.ltar
Mathlib.Algebra.Polynomial.Eval.Algebra	15c6cb271555962b.ltar
Mathlib.AlgebraicTopology.SimplicialSet.Skeleton	c79ab937fc33105c.ltar
Mathlib.Analysis.Analytic.ChangeOrigin	7307d28e62d56efc.ltar
Mathlib.RingTheory.NonUnitalSubring.Defs	035e546a25c97c58.ltar
Mathlib.RingTheory.KrullDimension.Regular	096d15508a6047d9.ltar
Mathlib.GroupTheory.Perm.List	e62173d6ffe3472a.ltar
Mathlib.Lean.Meta.KAbstractPositions	78f6e171dbec6be1.ltar
Mathlib.Data.Nat.Hyperoperation	2a49b66e48ec0fbb.ltar
Mathlib.GroupTheory.Perm.Sign	14812a6c44268fba.ltar
Mathlib.Algebra.Polynomial.Splits	86c9d73c07398c3c.ltar
Mathlib.SetTheory.Cardinal.Defs	fda86d2fd0eb3b36.ltar
Mathlib.LinearAlgebra.Alternating.DomCoprod	78e692f68e9ad9cb.ltar
Mathlib.MeasureTheory.Integral.Lebesgue.DominatedConvergence	2adbf00a337d2a14.ltar
Mathlib.Logic.Equiv.Defs	45707a97492fed63.ltar
Mathlib.CategoryTheory.MorphismProperty.TransfiniteComposition	0bbe5cbb792cb0b6.ltar
Mathlib.RingTheory.DividedPowers.RatAlgebra	60d8af52b8ec3a76.ltar
Mathlib.Probability.Moments.Covariance	c1c43ffdd0108a0a.ltar
Mathlib.Algebra.Category.HopfAlgCat.Basic	65274061f2d03509.ltar
Mathlib.Algebra.Homology.ComplexShape	9782fe1ba6aa7cb0.ltar
Mathlib.Order.Category.PartOrd	fe5693d434e4f2e2.ltar
Mathlib.CategoryTheory.Simple	13e8796aa0f41c71.ltar
Mathlib.FieldTheory.IntermediateField.Adjoin.Defs	59412b05a4511fee.ltar
Mathlib.AlgebraicTopology.SimplicialSet.ProdStdSimplex	1198176824b71c85.ltar
Mathlib.Data.List.GetD	f3aa32422d2e7eeb.ltar
Aesop.Frontend.Attribute	77daf4f96e0aa9f2.ltar
Mathlib.CategoryTheory.Limits.Types.Images	822987d04b2ac0f6.ltar
Mathlib.Algebra.Ring.Subring.IntPolynomial	58bfc3f1c7031fc7.ltar
Mathlib.MeasureTheory.Covering.VitaliFamily	4c20ee59387f305e.ltar
Mathlib.NumberTheory.ClassNumber.AdmissibleAbs	fd47336bbc84ba2e.ltar
Mathlib.Data.Finite.Vector	b86e23018b331836.ltar
Mathlib.Algebra.Category.ModuleCat.InjectiveDimension	1a9aba6b5c5f93ba.ltar
Mathlib.RingTheory.PowerSeries.NoZeroDivisors	789155eb2e548aff.ltar
Mathlib.GroupTheory.SpecificGroups.ZGroup	466501cc5036916b.ltar
Mathlib.Algebra.Order.Monoid.Associated	77b65e61318a904e.ltar
Mathlib.CategoryTheory.Triangulated.Yoneda	d5ddb50167e3d817.ltar
Mathlib.Algebra.Group.Subgroup.MulOppositeLemmas	843332116ca36a2e.ltar
Mathlib.CategoryTheory.Sites.Point.OfIsCofiltered	19db95f198497c3c.ltar
Mathlib.Algebra.NonAssoc.LieAdmissible.Defs	cba60204e4e68b97.ltar
Mathlib.Combinatorics.SimpleGraph.VertexCover	13c8266e15cd87f6.ltar
Mathlib.Topology.MetricSpace.Kuratowski	e4acec61fc3598a1.ltar
Mathlib.CategoryTheory.Monoidal.DayConvolution.Braided	a08bef35a70ca981.ltar
Mathlib.Analysis.Normed.Operator.CompleteCodomain	3d1da703b179d15f.ltar
Mathlib.CategoryTheory.Sites.NonabelianCohomology.H1	19d42ed9c57745a3.ltar
Mathlib.NumberTheory.NumberField.House	e48a3bcbb126b87a.ltar
Mathlib.Algebra.Lie.Weights.RootSystem	fabdf621c01b3791.ltar
Mathlib.Analysis.Asymptotics.AsymptoticEquivalent	295bc66c0e6923dd.ltar
Mathlib.RingTheory.Ideal.BigOperators	8116b95f0cdc6e35.ltar
Mathlib.AlgebraicTopology.SimplicialSet.NerveCodiscrete	bec06a0773aa71b9.ltar
Mathlib.Tactic.Eqns	6585b626819d0fd7.ltar
Mathlib.AlgebraicTopology.DoldKan.HomotopyEquivalence	727ea5933f512174.ltar
Mathlib.LinearAlgebra.RootSystem.Defs	8a8df918ba67e361.ltar
Mathlib.CategoryTheory.Limits.Shapes.Preorder.Basic	b18bd2ac0f519e3f.ltar
Mathlib.Topology.Algebra.Order.ArchimedeanDiscrete	3d1ad86eff9da3bc.ltar
Batteries.Recycling.MonadSatisfying.Vector	9d1ff432c4f6ea54.ltar
Mathlib.MeasureTheory.Measure.QuasiMeasurePreserving	d038ea3e89af798f.ltar
Mathlib.Geometry.Manifold.PoincareConjecture	956ca4fd1c0a0918.ltar
Mathlib.CategoryTheory.Action.Limits	fef2b055f050e268.ltar
Mathlib.RingTheory.FiniteLength	e7b3565daebae8ea.ltar
Mathlib.Order.Max	975be1dda10bfcbc.ltar
Batteries.Data.Char.AsciiCasing	de99df482448c8f8.ltar
Mathlib.Algebra.Lie.TransferInstance	5e8ab164360feb3b.ltar
Mathlib.CategoryTheory.Galois.IsFundamentalgroup	c22f387a8d805906.ltar
Mathlib.Topology.Instances.Real.Lemmas	e0287664aac1efd0.ltar
Mathlib.Data.Fin.Tuple.Embedding	57bc2ec9eedf0c7a.ltar
Mathlib.Data.Nat.Digits.Div	447ab75f3d3e127e.ltar
Mathlib.Probability.Moments.SubGaussian	a45c3e138f17e46c.ltar
Mathlib.Algebra.Free	2017cf567afc85d1.ltar
Mathlib.AlgebraicTopology.SimplicialSet.StdSimplexOne	6af768adb5233c0a.ltar
Mathlib.RingTheory.Finiteness.Cofinite	cebf85d51c72aa2c.ltar
Mathlib.Analysis.CStarAlgebra.Module.Defs	b60464f712332c46.ltar
Mathlib.Data.List.MinMax	7470b932645582b3.ltar
Mathlib.CategoryTheory.Sites.InducedTopology	0771184d791f85d9.ltar
Mathlib.LinearAlgebra.TensorAlgebra.Basic	efbbaff4f69d07fa.ltar
Mathlib.RingTheory.Norm.Transitivity	8ca812005dd7790f.ltar
Mathlib.Topology.ContinuousMap.Ideals	d2ce856fc3feace5.ltar
Mathlib.RingTheory.MvPowerSeries.Rename	4ac1a8c3aa6a9a7b.ltar
Mathlib.Combinatorics.Matroid.Loop	44c6e21e238dc678.ltar
Mathlib.Algebra.Module.Torsion.Prod	7997c8f9fad4353e.ltar
Mathlib.Algebra.Homology.HomotopyCategory.HomComplexSingle	b6baa26fdcbc22f5.ltar
Mathlib.Topology.ContinuousMap.ContinuousSqrt	133c54cd83788fab.ltar
Mathlib.RingTheory.GradedAlgebra.Basic	4c38c1fe71ce41b3.ltar
Mathlib.LinearAlgebra.Isomorphisms	c2ec09e963ca4536.ltar
Mathlib.RingTheory.DedekindDomain.GaussLemma	315d3025fe244979.ltar
Mathlib.AlgebraicTopology.SimplexCategory.GeneratorsRelations.Basic	c7df5d7f909fe111.ltar
Mathlib.NumberTheory.FermatPsp	0cc39f798c26a3c9.ltar
Mathlib.Dynamics.TopologicalEntropy.DynamicalEntourage	4df5384b4690fe24.ltar
Mathlib.Algebra.Notation	5be2ed22406ba0e3.ltar
Mathlib.MeasureTheory.VectorMeasure.WithDensityVec	cdd0126f3fb8c3dd.ltar
Mathlib.Algebra.Order.BigOperators.Ring.Finset	b671ed7f8a216e9b.ltar
Mathlib.Probability.Kernel.Disintegration.CondCDF	55afd6ddbd576457.ltar
Mathlib.Order.BooleanAlgebra.Defs	fb3a03e35c325d15.ltar
Mathlib.Logic.Equiv.Fin.Rotate	52e01ea2843cc685.ltar
Mathlib.Analysis.Normed.Affine.Convex	b8d955ec1c44aa5e.ltar
Mathlib.Tactic.AdaptationNote	93692a72c2b31551.ltar
Mathlib.Algebra.Order.Module.Archimedean	5e3d8d60a1ea2f59.ltar
Mathlib.Geometry.Manifold.IntegralCurve.ExistUnique	4602125c8f32ecd5.ltar
Mathlib.Algebra.Group.Shrink	d35ed1d0c2b2f855.ltar
Mathlib.CategoryTheory.Preadditive.Schur	76ef6f23865b91a1.ltar
Mathlib.Topology.Category.Profinite.Nobeling.Successor	45bc3015f8bc2210.ltar
Mathlib.Analysis.Normed.Module.Seminorm.Norm	3954849a8c437e14.ltar
Mathlib.Geometry.Convex.ConvexSpace.ModuleTopology	668e6991e01b5f86.ltar
Mathlib.Algebra.Category.Grp.FilteredColimits	117cef00ea9c3798.ltar
Mathlib.Geometry.Manifold.VectorBundle.SmoothSection	aab14f8cdc0d0da8.ltar
Mathlib.Algebra.Lie.Basis.Basic	df1db9d109ad8634.ltar
Mathlib.Analysis.Normed.Field.Basic	74fe4aeca56d2430.ltar
Mathlib.Algebra.Ring.Subgroup	768ee9e4a5a326c5.ltar
Mathlib.GroupTheory.Order.Min	7c7de034de9a9291.ltar
Mathlib.CategoryTheory.Limits.Types.Coequalizers	a3afdb1e6de7559b.ltar
Mathlib.Tactic.SudoSetOption	43ba1937e8e0c8ec.ltar
Mathlib.Combinatorics.Quiver.Arborescence	b9cc93b195a48200.ltar
Mathlib.Topology.Algebra.Order.Floor	02556275cd362318.ltar
Mathlib.LinearAlgebra.RootSystem.GeckConstruction.Lemmas	caedb90935176ba3.ltar
Mathlib.CategoryTheory.Shift.InducedShiftSequence	82afcfd0c3ea1115.ltar
Mathlib.CategoryTheory.Subobject.MonoOver	d1b84ede5cc0d35b.ltar
Mathlib.Logic.Function.DependsOn	d98a8bb65acf9836.ltar
Mathlib.Analysis.Convex.PathConnected	9a24bc7eaf0ceee6.ltar
Mathlib.Algebra.Category.ModuleCat.ExteriorPower	96d922cfe327098d.ltar
Mathlib.MeasureTheory.Integral.DivergenceTheorem	9ea8a079a5f648f2.ltar
Mathlib.CategoryTheory.Limits.Shapes.DisjointCoproduct	a276addc66d60e28.ltar
Mathlib.Algebra.Group.Action.End	ae587acedfbab2a0.ltar
Mathlib.LinearAlgebra.CliffordAlgebra.Contraction	a2fc1136477886bb.ltar
Mathlib.NumberTheory.Real.GoldenRatio	e3bfca01fd4c8fed.ltar
Aesop.ElabM	4071cbecc206a699.ltar
Mathlib.Algebra.Lie.SerreConstruction	1a7d59aeff58cbad.ltar
Mathlib.RingTheory.Kaehler.Polynomial	e1fd320e1fdc7d50.ltar
Mathlib.Probability.Moments.ComplexMGF	70ee26c224235bbf.ltar
Mathlib.Tactic.DSimpPercent	76aa47e7a28432c2.ltar
Mathlib.Geometry.Euclidean.Altitude	af1d752a3260afc2.ltar
Mathlib.LinearAlgebra.Matrix.Symmetric	f1c710171034c70a.ltar
Mathlib.ModelTheory.Arithmetic.Presburger.Definability	965bfd7d60bbb3b9.ltar
Mathlib.NumberTheory.LegendreSymbol.JacobiSymbol	9937fdbb8f8277b1.ltar
Mathlib.Algebra.Module.Presentation.Basic	a072a28a44463d41.ltar
Mathlib.MeasureTheory.Constructions.BorelSpace.Basic	99562c5142d58b01.ltar
Mathlib.CategoryTheory.Sites.PrecoverageToGrothendieck	244a1a3afe8ba75a.ltar
Mathlib.LinearAlgebra.PiTensorProduct	cb508fca8a99eed8.ltar
Mathlib.Topology.Instances.Complex	dd61f907eb4cd51a.ltar
Mathlib.Algebra.Homology.HomotopyCofiber	84a54c679b76f41b.ltar
Mathlib.Data.PFunctor.Univariate.M	558e5d8fda987116.ltar
Mathlib.Analysis.CStarAlgebra.ApproximateUnit	bbd4235b200d29ed.ltar
Mathlib.LinearAlgebra.CliffordAlgebra.Basic	65906da66ec14f84.ltar
Mathlib.Algebra.Module.Torsion.Basic	354ebb5100b72d75.ltar
Mathlib.Geometry.Euclidean.BritishFlag	ded3086bc1349bdf.ltar
Mathlib.Basic.Rel.Cover	dc519f4548010470.ltar
Mathlib.MeasureTheory.Integral.Lebesgue.Norm	e21c8d901e57d8e9.ltar
Mathlib.Algebra.Star.Free	a3dab49c475de767.ltar
Mathlib.Data.Rat.Cast.Order	324e46c1f96b04c0.ltar
Mathlib.Algebra.Lie.Weights.Killing	7d56b3a1ba84ebd3.ltar
Mathlib.NumberTheory.NumberField.CanonicalEmbedding.FundamentalCone	43fd278ba358af69.ltar
Batteries.Data.DList	6e7f58b8583fb9de.ltar
Mathlib.RingTheory.WittVector.MulCoeff	5f6c368dc6074670.ltar
Mathlib.CategoryTheory.Limits.Preserves.Grothendieck	7808089a6e2e39d2.ltar
Mathlib.RingTheory.Valuation.LocalSubring	8d384528c9a7790e.ltar
Mathlib.Util.WithWeakNamespace	fcc082e2790fe532.ltar
Mathlib.Combinatorics.SimpleGraph.Matching	adcb1760b94242ef.ltar
Mathlib.GroupTheory.EckmannHilton	16cacbbaddb4ed7d.ltar
Mathlib.Order.ULift	8344dbe416fbadee.ltar
Mathlib.MeasureTheory.MeasurableSpace.Instances	b31319c9270d9d23.ltar
Mathlib.Combinatorics.Additive.Dissociation	18386fc1ff6916db.ltar
Mathlib.NumberTheory.FLT.Basic	d8886eaccd432f6e.ltar
Mathlib.CategoryTheory.Monoidal.Braided.Basic	3af64821d57feb79.ltar
Mathlib.Combinatorics.SimpleGraph.Copy	b2e6c7af437ce7d8.ltar
Mathlib.Topology.Maps.OpenQuotient	a602e6d85f4302bb.ltar
Mathlib.Topology.Algebra.Module.Cardinality	475e22f8db6d7795.ltar
Mathlib.CategoryTheory.ObjectProperty.Extensions	ed8f37843bdb8f06.ltar
Mathlib.RingTheory.Ideal.MonicSpan	436d4b69c6cbd802.ltar
Mathlib.CategoryTheory.Monad.Algebra	eeedeff3eb538f52.ltar
Mathlib.Analysis.Complex.Schwarz	244c7b75c6b46ddb.ltar
Mathlib.MeasureTheory.Function.UnifTight	dbd2991c74b9bc92.ltar
Mathlib.Geometry.Manifold.MFDeriv.Defs	7e16e0c5ce7b2999.ltar
Mathlib.CategoryTheory.Abelian.ShortExact	66577fb9251f26e5.ltar
Mathlib.RingTheory.Polynomial.GaussNorm	a6cd8fe68670f3fb.ltar
Mathlib.Analysis.Fourier.BoundedContinuousFunctionChar	6d63bd29fada31b1.ltar
Mathlib.CategoryTheory.Monoidal.Widesubcategory	5dfce72d42f374ea.ltar
Mathlib.RingTheory.MvPowerSeries.LinearTopology	02855f3a8e77c31b.ltar
Mathlib.MeasureTheory.Measure.Haar.Disintegration	3809c92a977b68e9.ltar
Mathlib.Data.ENat.BigOperators	ce34b445aabdf7ae.ltar
Mathlib.Algebra.Homology.LeftResolution.Basic	d546d859baafc0eb.ltar
Mathlib.LinearAlgebra.BilinearMap	2628cb2cded1d45a.ltar
Mathlib.Algebra.Order.Module.Pointwise	285ba26e6a82a0df.ltar
Mathlib.LinearAlgebra.SModEq.Basic	bb114fd5c2b7cc02.ltar
Mathlib.NumberTheory.PrimesCongruentOne	c6f0a920a776709e.ltar
Mathlib.GroupTheory.GroupAction.DomAct.ActionHom	88dbff8b2cd41ee8.ltar
Mathlib.Data.Nat.Factorial.SuperFactorial	7a11a368b96c68e7.ltar
Mathlib.RingTheory.Valuation.Archimedean	76bab26172b3624e.ltar
Mathlib.Analysis.Asymptotics.Theta	a4b7e5229d0c54b5.ltar
Mathlib.Order.Nat	d90aa9a348ce8f52.ltar
Mathlib.Topology.Algebra.Group.ContinuousDiv	933c5884105591e2.ltar
Mathlib.Topology.Separation.CompletelyRegular	94c6207f100d4644.ltar
Mathlib.AlgebraicGeometry.Morphisms.FlatMono	efce568dff066ddd.ltar
Mathlib.RingTheory.Polynomial.Cyclotomic.Expand	f4a93e5d867ab51d.ltar
Mathlib.Topology.Homotopy.Path	77c6a6722a85a81d.ltar
Mathlib.CategoryTheory.Limits.FunctorCategory.Shapes.Products	9c13e418a3d17ab7.ltar
Mathlib.LinearAlgebra.Matrix.Invertible	084ac4922e341160.ltar
Mathlib.Geometry.Convex.Cone.Dual	26e96592ca4b51af.ltar
Mathlib.Algebra.Category.Ring.Instances	1c7560f0d592fc8b.ltar
Mathlib.SetTheory.Cardinal.Order	a7a945ae50ba83e3.ltar
Mathlib.Order.Interval.Basic	876f38fbc7c04b04.ltar
Mathlib.Topology.OmegaCompletePartialOrder	048a6cddefa28dea.ltar
Mathlib.Data.W.Cardinal	c3091603cc324c80.ltar
Mathlib.SetTheory.Cardinal.NatCard	42fa6812f2eca197.ltar
Mathlib.LinearAlgebra.RootSystem.CartanMatrix	64847293722fb3a9.ltar
Mathlib.MeasureTheory.Integral.DominatedConvergence	d18dabd6d2e7637b.ltar
Mathlib.Tactic.CategoryTheory.Bicategory.Normalize	f09d1b846a42423f.ltar
Mathlib.LinearAlgebra.Matrix.Echelon.Pivot	b5449a11599b5b31.ltar
Mathlib.Order.Filter.SmallSets	e4dfb6fd311505fb.ltar
Mathlib.AlgebraicGeometry.Cover.Directed	8dfc96ef6b8320e3.ltar
Mathlib.Analysis.Calculus.LineDeriv.QuadraticMap	76b264d8ffb70c7b.ltar
Mathlib.Algebra.Module.Presentation.Tensor	187f3198e8b5ef85.ltar
ProofWidgets.Data.Html	65c82649bfd449cc.ltar
Batteries.Recycling.RBTree.Alter	3a8d786044217c47.ltar
Mathlib.MeasureTheory.Function.Floor	66a6cd61aff6efe3.ltar
Mathlib.Topology.IsClosedRestrict	3cdcedef1694ba61.ltar
Mathlib.RepresentationTheory.Invariants	a6b0e01420bf1165.ltar
Mathlib.Topology.Separation.Connected	f5cf75e04c216901.ltar
Mathlib.CategoryTheory.Monoidal.Action.Opposites	df60963205149716.ltar
Mathlib.Tactic.FunProp.Attr	6cc8a5b11dedd963.ltar
Mathlib.Analysis.Normed.Group.SeparationQuotient	7569bfde365ebabe.ltar
Mathlib.Tactic.DeriveCountable	f6a730c92b021af4.ltar
Mathlib.RingTheory.Norm.Basic	240be060ffab414e.ltar
Mathlib.Data.Set.Sigma	0534833469bf0acc.ltar
Mathlib.GroupTheory.SpecificGroups.Alternating.KleinFour	00d13020bf6832e3.ltar
Mathlib.Geometry.Euclidean.Projection	12914dbe0299ce2e.ltar
Mathlib.LinearAlgebra.Dimension.Finite	566c3014c929d24d.ltar
Mathlib.RingTheory.OreLocalization.OreSet	10eda31f149b7a68.ltar
Mathlib.Algebra.GroupWithZero.Action.Pointwise.Set	8cae8b3c9e3a388a.ltar
Mathlib.Topology.Spectral.ConstructibleTopology	195b27e0990ebdd5.ltar
Mathlib.Topology.ContinuousMap.CompactlySupported	c0f121710d85ad62.ltar
Mathlib.Geometry.Euclidean.Basic	b7fa1356f8c77eab.ltar
Mathlib.CategoryTheory.Localization.Prod	777b24b2ec940b87.ltar
Mathlib.Analysis.Normed.Module.Ball.RadialEquiv	c3b3fa86cf1669c8.ltar
Mathlib.LinearAlgebra.Matrix.Polynomial	8d48519e010bfb7d.ltar
Mathlib.Algebra.Module.Submodule.Bilinear	2c83a88a11b2ee04.ltar
Mathlib.LinearAlgebra.ExteriorAlgebra.OfAlternating	e69cb2031bbc675e.ltar
Mathlib.Algebra.Category.ModuleCat.FilteredColimits	9d319d8f691136c7.ltar
Mathlib.CategoryTheory.Sites.Adjunction	6b0861f275b0e5d5.ltar
Mathlib.Probability.Process.LocalProperty	e7e663c3d1d78934.ltar
Mathlib.Algebra.Order.BigOperators.Group.List	e90a6ab57f2076c9.ltar
Mathlib.RingTheory.Smooth.Fiber	e2fd1a7d2d16801f.ltar
Mathlib.RingTheory.Ideal.AssociatedPrime.Localization	576e8e2d8f59695b.ltar
Mathlib.Probability.Process.PartitionFiltration	8b0eda10b7e6e333.ltar
Mathlib.RingTheory.Spectrum.Prime.ChevalleyComplexity	a218e0efb924c6fc.ltar
Mathlib.AlgebraicTopology.ModelCategory.FundamentalLemma	6687c1a7197435bc.ltar
Mathlib.Algebra.Group.Action.Pointwise.Finset	1f88096140db7c0c.ltar
Mathlib.Tactic.Linarith.Lemmas	d0d935bb41583edb.ltar
Mathlib.CategoryTheory.Limits.Pi	1104a9d17f10b620.ltar
Mathlib.LinearAlgebra.Matrix.Permutation	40e6bdd3c6ff5199.ltar
Mathlib.Algebra.Ring.Idempotent	f42622007b322a1c.ltar
Mathlib.NumberTheory.Padics.ValuativeRel	418da34ffcccb774.ltar
Mathlib.Topology.ExtremallyDisconnected	f4a1bdf61e843a1c.ltar
Mathlib.RingTheory.LocalRing.MaximalIdeal.Basic	7fe62fb2e82a1430.ltar
Mathlib.RingTheory.GradedAlgebra.HomogeneousLocalization	3f8b98ac044e9507.ltar
Mathlib.Analysis.Normed.Unbundled.SmoothingSeminorm	320289c743bf419b.ltar
Mathlib.Tactic.Inclusion.Core.ToSet	c02428a2ab5a2faf.ltar
Mathlib.Algebra.DualQuaternion	982f7098b4a3301c.ltar
Mathlib.Data.Nat.Fib.Zeckendorf	72eab5b9db9f0dc9.ltar
Mathlib.CategoryTheory.Monoidal.Cartesian.GrpLimits	c1c46dd375117ae0.ltar
Mathlib.Tactic.CancelDenoms.Core	c37e185d435e44c1.ltar
Mathlib.Algebra.GroupWithZero.Pointwise.Finset	4819a8c602f9b9b6.ltar
Mathlib.Analysis.Normed.Field.Lemmas	e867ce3107260665.ltar
Mathlib.Data.Nat.Choose.Lucas	f2cb2a1b8e319f97.ltar
Mathlib.AlgebraicTopology.TopologicalSimplex	3483a4ff8d11959a.ltar
Mathlib.Analysis.SpecificLimits.FloorPow	d380f402d0bc7e88.ltar
ProofWidgets.Compat	b722d970e525bfba.ltar
Mathlib.Topology.Instances.Matrix	c32a4919f7b190f8.ltar
Mathlib.Topology.Instances.Sign	e121f15ffa40ee36.ltar
Mathlib.Combinatorics.Colex	72152fbf5499deb7.ltar
Mathlib.Topology.Algebra.Group.Quotient	1e72d82fd3543dcb.ltar
Mathlib.Algebra.Homology.DifferentialObject	ba84ca5c6688adc6.ltar
Mathlib.Topology.Sheaves.Skyscraper	e2a76e7784e990a5.ltar
Mathlib.LinearAlgebra.LinearPMap	cc7c54f368253b1c.ltar
Mathlib.Analysis.Meromorphic.TrailingCoefficient	67e138d7ba164f23.ltar
Mathlib.Computability.Encoding	cd637916175ee094.ltar
Mathlib.Order.Filter.Bases.Finite	707bb890d9264eee.ltar
Mathlib.Data.Bool.Count	5352384a909889a8.ltar
Mathlib.Data.QPF.Multivariate.Constructions.Fix	2af3ffbcc7823c19.ltar
Mathlib.RingTheory.GradedAlgebra.Noetherian	e042d0d62721e150.ltar
Mathlib.Algebra.Order.BigOperators.Ring.List	32db53c8d49b4c05.ltar
Mathlib.Algebra.Polynomial.Eval.SMul	044740381e47cdd3.ltar
Mathlib.CategoryTheory.Sites.DenseSubsite.InducedTopology	c15cd5db5d12b92b.ltar
Mathlib.Analysis.Analytic.CPolynomial	5b34c9835784e0ad.ltar
Mathlib.RingTheory.DedekindDomain.FiniteAdeleRing	1d8bfa37f659c510.ltar
Mathlib.Combinatorics.SimpleGraph.Maps	d17aaa487e201eff.ltar
Mathlib.Data.WSeq.Relation	9a94c82659c58ac1.ltar
Mathlib.Algebra.Category.ModuleCat.Presheaf.ColimitFunctor	72db4ae4c1165aa0.ltar
Mathlib.Analysis.InnerProductSpace.Orthonormal	f4bcba2457f822f2.ltar
Mathlib.MeasureTheory.PiSystem	acd943ea6d2f19e4.ltar
Mathlib.MeasureTheory.Function.FactorsThrough	2a6ebab4ec691a45.ltar
Mathlib.Topology.MetricSpace.MetricSeparated	bb4d97a7710e0df4.ltar
Mathlib.Analysis.InnerProductSpace.ExteriorPower	76e3b01c463b6303.ltar
Mathlib.Algebra.Category.Grp.ZModuleEquivalence	c55f2df3590049b3.ltar
Mathlib.RingTheory.Valuation.IsTrivialOn	6a1db5dc7aa8a7e8.ltar
Mathlib.CategoryTheory.Limits.Types.Yoneda	9d724a2c043d1ad5.ltar
Mathlib.MeasureTheory.Measure.Tight	44b1b431803ea3b3.ltar
Mathlib.CategoryTheory.Sites.Coherent.Equivalence	6b46d6f63c8c49f1.ltar
Mathlib.Geometry.Manifold.Metrizable	06cbf1461e28457e.ltar
Mathlib.Analysis.SpecialFunctions.ContinuousFunctionalCalculus.Rpow.Order	3d90049e35f96a95.ltar
Mathlib.Order.Filter.Ring	a2993e83d33c0ba6.ltar
Mathlib.NumberTheory.DiophantineApproximation.Basic	900346c40b6273da.ltar
Mathlib.Tactic.Simproc.Divisors	995081fbfdc30005.ltar
Batteries.Tactic.Congr	5ab87e2cf8c4fa38.ltar
Mathlib.Algebra.BigOperators.Group.Finset.Interval	7d9108546485b5d5.ltar
Mathlib.Analysis.Convex.Side	c0e8b4d0833b3d17.ltar
Mathlib.CategoryTheory.Abelian.FreydMitchell	f70de502735b69a6.ltar
Mathlib.Algebra.Category.ModuleCat.Sheaf.Abelian	b14e2e1a60a65767.ltar
Mathlib.Topology.Algebra.Group.Extension	edd7215896298257.ltar
Mathlib.Tactic.TermCongr	756e6a3c0c7ebda5.ltar
Mathlib.Order.GaloisConnection.Basic	eff985c44b02af29.ltar
Mathlib.CategoryTheory.Monoidal.Discrete	89be827856788d88.ltar
Mathlib.Tactic.FieldSimp.Lemmas	91080982a7e413bd.ltar
Mathlib.SetTheory.Cardinal.ENat	9f99458fc7bd2fe0.ltar
Mathlib.Topology.Algebra.UniformRing	0056772ac5be7bc0.ltar
Mathlib.NumberTheory.ModularForms.Petersson	496f41c67de899e7.ltar
Mathlib.LinearAlgebra.FreeModule.StrongRankCondition	00323cd0fa4793c4.ltar
Mathlib.CategoryTheory.Action.Continuous	c0f056d7170c68f5.ltar
Mathlib.RepresentationTheory.Rep.Iso	8924241dcc87049f.ltar
Mathlib.CategoryTheory.RegularCategory.Basic	00d488cad4a95edc.ltar
Mathlib.AlgebraicGeometry.Geometrically.Connected	bf9934b5ac7b2112.ltar
Mathlib.RingTheory.Etale.StandardEtale	f646610d0e262993.ltar
Mathlib.Topology.Algebra.GroupCompletion	f0636523e3a41db9.ltar
Mathlib.CategoryTheory.Presentable.CardinalDirectedPoset	bee68982ce8aa3e7.ltar
Mathlib.GroupTheory.Perm.MaximalSubgroups	8ab91fe88e73be84.ltar
Mathlib.Algebra.GroupWithZero.Units.Lemmas	be28d30b4e81154e.ltar
Mathlib.ModelTheory.Arithmetic.Presburger.Semilinear.Defs	250efbdc8c073225.ltar
Mathlib.Analysis.LocallyConvex.Bounded	f21d55a04f108bd7.ltar
Mathlib.FieldTheory.RatFunc.Valuation	887b734942c56348.ltar
Mathlib.Analysis.CStarAlgebra.PositiveLinearFunctional	d37d5bfbd4df35db.ltar
Mathlib.Util.CodeActions	8cb001a183c8a8a2.ltar
Mathlib.AlgebraicGeometry.Morphisms.Proper	bb26cb5e646af671.ltar
Mathlib.Geometry.Manifold.IntegralCurve.UniformTime	e830bc5240884ae3.ltar
Mathlib.LinearAlgebra.Dual.BaseChange	ae663f7a9c3da211.ltar
Mathlib.LinearAlgebra.ExteriorAlgebra.Basis	3f380d05d0129fdc.ltar
Mathlib.Probability.Kernel.Composition.KernelLemmas	7f037ce404fbd8d2.ltar
Mathlib.Algebra.Field.Defs	e669152b588cb8ae.ltar
Mathlib.ModelTheory.Encoding	4634e9f02d22d3e9.ltar
Mathlib.Topology.Metrizable.CompletelyMetrizable	87537ecd9c1006ac.ltar
Mathlib.Analysis.RCLike.Extend	3bc947f5b1c1d74e.ltar
Mathlib.Topology.JacobsonSpace	b6f15158d9b7b23f.ltar
Mathlib.Analysis.LocallyConvex.AbsConvex	564e0819b47dbdf1.ltar
Mathlib.Algebra.Category.ModuleCat.Presheaf.Monoidal	f29a947ef3c2a0b5.ltar
Mathlib.Geometry.Manifold.VectorBundle.Tensoriality	eb78145701d07411.ltar
Mathlib.Analysis.Normed.Algebra.Basic	2d452f557f50b6a9.ltar
Mathlib.FieldTheory.Minpoly.Basic	da858f1b03c5a21f.ltar
Mathlib.Algebra.Polynomial.SpecificDegree	67d72d22e25adda6.ltar
Mathlib.NumberTheory.NumberField.Units.Basic	6e9d77729043b316.ltar
Mathlib.Analysis.Calculus.ContDiff.FTaylorSeries	2b5f8d969d79811b.ltar
Mathlib.Data.Nat.ModEq	ecd059eb0db163c3.ltar
Mathlib.AlgebraicTopology.SimplicialSet.AnodyneExtensions.Pairing	5f694a981193b5f0.ltar
Mathlib.RingTheory.Localization.Finiteness	4e63e2774fb85fe6.ltar
Mathlib.Data.Set.Lattice.Image	6d47c27265df8e40.ltar
Mathlib.Probability.Decision.Risk.Defs	a686b1832069241b.ltar
Mathlib.Algebra.Category.ModuleCat.Sheaf.ChangeOfRings	d885205a5644e420.ltar
Mathlib.Analysis.SpecialFunctions.Gamma.Beta	9d660b4cb1c34e83.ltar
Mathlib.LinearAlgebra.Basis.Basic	9f39a30e9f11c1b7.ltar
Mathlib.CategoryTheory.Monoidal.Closed.Transport	c666163374da3c16.ltar
Mathlib.Order.Filter.ZeroAndBoundedAtFilter	b2e4568900176c62.ltar
Mathlib.Algebra.Tropical.Basic	fc14cabbf7a1413e.ltar
Mathlib.Algebra.Ring.Subring.Basic	fbce178e2bd9157b.ltar
Mathlib.MeasureTheory.Measure.Decomposition.IntegralRNDeriv	085e494ee91f4987.ltar
Mathlib.Algebra.Star.TensorProduct	6c3bc74e01e02211.ltar
Mathlib.Analysis.LocallyConvex.StrongTopology	d0462ff26b719a51.ltar
Mathlib.SetTheory.Cardinal.Free	b65b1b9433b40830.ltar
Mathlib.Analysis.InnerProductSpace.OfNorm	6c8634c83b5c02a6.ltar
Mathlib.Algebra.Ring.Ext	3aab8b2b14ee320e.ltar
Mathlib.GroupTheory.MonoidLocalization.MonoidWithZero	4a7fe915946ceac6.ltar
Mathlib.Geometry.Euclidean.Angle.Incenter	e425484bebd82ffb.ltar
Mathlib.Topology.Category.Profinite.Extend	859c13c7f569f56d.ltar
Mathlib.Data.Fintype.Inv	e5a4d082fb6bd3ff.ltar
Mathlib.CategoryTheory.Abelian.GrothendieckAxioms.FunctorCategory	cd96dc400a60ac15.ltar
Mathlib.Data.Nat.Cast.Prod	13e87d7fe2ed31c1.ltar
Mathlib.AlgebraicTopology.SimplicialSet.Op	e47d55f846250547.ltar
Mathlib.Data.Finset.Attach	762568131be7a135.ltar
Mathlib.Algebra.Group.ULift	fe3d42dc42a8224a.ltar
Mathlib.AlgebraicTopology.MooreComplex	66f03a39774afbcc.ltar
Mathlib.Order.GameAdd	c11a2a986ecbe999.ltar
Mathlib.CategoryTheory.Shift.Adjunction	21b05cd4cb08cbca.ltar
Mathlib.CategoryTheory.Bicategory.Coherence	dbf87cb7da0ece83.ltar
Mathlib.CategoryTheory.RepresentedBy	43ffe4f958c73098.ltar
Mathlib.RingTheory.Spectrum.Prime.LTSeries	d5c358054d65f0b7.ltar
Mathlib.Logic.Function.FromTypes	1922d8d3634a13af.ltar
Mathlib.Algebra.Ring.Torsion	a1539c017b17c357.ltar
Mathlib.RingTheory.DedekindDomain.IntegralClosure	21d49d362491c6e4.ltar
Mathlib.CategoryTheory.Functor.KanExtension.Dense	43d728994f2e77e5.ltar
Mathlib.CategoryTheory.FiberedCategory.BasedCategory	9b63c78f4db2f09d.ltar
Mathlib.Analysis.InnerProductSpace.Adjoint	3497540326b7fed4.ltar
Mathlib.Algebra.SkewPolynomial.Basic	5a8d1c878575cb70.ltar
Mathlib.LinearAlgebra.Dimension.RankNullity	6a25034b4b048f6e.ltar
Mathlib.RingTheory.Extension.Cotangent.Basic	738c64b24f31c99d.ltar
Mathlib.Algebra.Vertex.HVertexOperator	0d7221d55d0a6599.ltar
Mathlib.Data.List.OfFn	bbd418201989f968.ltar
Mathlib.LinearAlgebra.TensorProduct.Prod	cfa745c317ae1e96.ltar
Mathlib.ModelTheory.Definability	1aa54052d034e423.ltar
Mathlib.Topology.Algebra.Nonarchimedean.TotallyDisconnected	d0f3da3e1e3a04cd.ltar
Mathlib.Analysis.CStarAlgebra.Hom	76a89d4f66eb1219.ltar
Mathlib.Order.Filter.AtTopBot.Archimedean	4ac11c418fb805a4.ltar
Aesop.Tree.Check	41e06385aadb368e.ltar
Mathlib.Data.Nat.MaxPrimeFac	35ed8b7c03faeeda.ltar
Mathlib.Combinatorics.SimpleGraph.EdgeLabeling	76ec70c7a8871455.ltar
Mathlib.Analysis.Complex.RiemannMapping	287da6787874f53e.ltar
Mathlib.CategoryTheory.Sites.Hypercover.One	ddd1cf5aad1cec35.ltar
Mathlib.RingTheory.WittVector.IsPoly	847e6d9a960c77f6.ltar
Mathlib.Topology.ContinuousMap.ZeroAtInfty	9edb0abbaf9bd235.ltar
Mathlib.MeasureTheory.Measure.FiniteMeasureExt	1e83e381a66cbfa9.ltar
Mathlib.Combinatorics.Additive.ErdosGinzburgZiv	e0971c4c3f196c08.ltar
Mathlib.CategoryTheory.Abelian.Injective.Dimension	960f583e5e43ae47.ltar
Mathlib.Combinatorics.SimpleGraph.Dart	5011baf3ddeda791.ltar
Mathlib.MeasureTheory.Constructions.BorelSpace.Order	e071d6a19564cab6.ltar
Mathlib.RingTheory.Ideal.Int	bbb823103f958a2a.ltar
Mathlib.AlgebraicGeometry.EllipticCurve.NormalForms	b3ffa9c864863f89.ltar
Mathlib.CategoryTheory.Limits.ConeCategory	ac0cf4321ad55b4d.ltar
Mathlib.Combinatorics.SimpleGraph.Finsubgraph	1c2f251df569f27d.ltar
Mathlib.GroupTheory.Coxeter.Matrix	1a2925c9dddbb75b.ltar
Mathlib.Algebra.Category.CommHopfAlgCat	cd74b5aa3efd7c43.ltar
Mathlib.LinearAlgebra.ExteriorPower.Pairing	07e5ec2bef0fefeb.ltar
Mathlib.Analysis.SpecialFunctions.ContinuousFunctionalCalculus.ExpLog.Basic	3266823a0331a507.ltar
Mathlib.NumberTheory.NumberField.FractionalIdeal	dd98784218c6dd8c.ltar
Mathlib.Combinatorics.SetFamily.AhlswedeZhang	b4a68c359d67fc88.ltar
Mathlib.Data.List.NatAntidiagonal	c927bec06c1c4753.ltar
Mathlib.MeasureTheory.Function.LpSeminorm.Basic	ba25e7e10fe71df7.ltar
Mathlib.Tactic.RenameBVar	3520938966403846.ltar
Mathlib.Analysis.InnerProductSpace.LinearPMap	ae8887f47adf6c24.ltar
Mathlib.RingTheory.Unramified.Field	d3b40fb22d7dab5a.ltar
Mathlib.RingTheory.MvPolynomial.Symmetric.FundamentalTheorem	e456e1135a836f75.ltar
Mathlib.Analysis.Complex.UpperHalfPlane.MoebiusAction	1db75057ba020b34.ltar
Mathlib.Data.Finset.Fold	f347b48a7120810b.ltar
Mathlib.LinearAlgebra.RootSystem.Base	be6ace314643b9ac.ltar
Mathlib.Basic.UnivLE	ed3ca52265ac7ba6.ltar
Mathlib.Algebra.Polynomial.Eval.Irreducible	89f771d2965537f7.ltar
Mathlib.Analysis.Calculus.FDeriv.Star	dbdbd8d161bd6761.ltar
Mathlib.CategoryTheory.PEmpty	82b239eca0a68dd4.ltar
Mathlib.Condensed.Discrete.Basic	9589397dc9f6c1be.ltar
Mathlib.Algebra.Ring.NegOnePow	ed0c1ebad7777e71.ltar
Mathlib.Analysis.SpecialFunctions.Gamma.Basic	876fe93df87dad30.ltar
Mathlib.RingTheory.Ideal.Quotient.PowTransition	3766bd2d435af193.ltar
Mathlib.CategoryTheory.Sites.Subsheaf	0cdb016e3870e00e.ltar
Mathlib.Data.Matrix.Mul	32bb48fbbac1f376.ltar
Mathlib.NumberTheory.LSeries.HurwitzZetaEven	8316449427cf5511.ltar
Aesop.Index.RulePattern	31abbdac97f7a0c1.ltar
Mathlib.Algebra.DirectSum.Idempotents	4ca2af40c1520dcd.ltar
Mathlib.Computability.ContextFreeGrammar	f5a8764822215f5c.ltar
Mathlib.CategoryTheory.Preadditive.Projective.Internal	56ee87aaf4e74d80.ltar
Mathlib.Analysis.Normed.Group.SemiNormedGrp.Completion	46c478a7251bbb27.ltar
Mathlib.LinearAlgebra.TensorAlgebra.ToTensorPower	d2fa9266800e7ab3.ltar
Mathlib.Algebra.Field.Periodic	ad3933a764d883e2.ltar
Mathlib.Analysis.InnerProductSpace.Harmonic.Constructions	155361a9eed2d335.ltar
Mathlib.CategoryTheory.Preadditive.Injective.LiftingProperties	822d2d99c0e31e64.ltar
Mathlib.LinearAlgebra.Matrix.MvPolynomial	9bfdd62399c52a35.ltar
Mathlib.Analysis.Complex.Polynomial.UnitTrinomial	05915b4adcada0cb.ltar
Mathlib.Topology.Sheaves.Points	eb9c8587ea56b566.ltar
Mathlib.Topology.Category.TopCat.Limits.Pullbacks	9bf5d98c6899e376.ltar
Mathlib.Algebra.Order.Ring.Abs	b8812e44b7534c99.ltar
Mathlib.Analysis.SpecialFunctions.Trigonometric.Basic	fdd6e3d297698ad0.ltar
Mathlib.Algebra.Order.GroupWithZero.Unbundled.Basic	cab539fc33d64f01.ltar
Mathlib.Algebra.Module.Submodule.Defs	be867bd1e708120f.ltar
Mathlib.Analysis.Normed.Affine.AddTorsor	71f4c8efe11facd0.ltar
Mathlib.Data.Nat.Choose.Dvd	e1c3ea963ae809d9.ltar
Mathlib.CategoryTheory.ObjectProperty.Local	890027be73cd80a3.ltar
Mathlib.Algebra.Group.Pi.Torsion	40367196b1af86b3.ltar
Mathlib.CategoryTheory.ComposableArrows.Three	4502ff6c756a6865.ltar
Mathlib.LinearAlgebra.Basis.Exact	16639fc5e907ddee.ltar
Mathlib.RingTheory.Ideal.IdempotentFG	4af0148ed8a7e03c.ltar
Mathlib.Analysis.Normed.Lp.lpHolder	431386bdfaa91740.ltar
Mathlib.Topology.Clopen	af24b47eeb38e25c.ltar
Mathlib.MeasureTheory.Measure.Lebesgue.Integral	9269129893a9f1a1.ltar
Mathlib.NumberTheory.DirichletCharacter.Bounds	398742ed8fcae278.ltar
Mathlib.CategoryTheory.Limits.Preserves.Yoneda	1125896e4b3e5cb3.ltar
Mathlib.Data.Multiset.Filter	a3afc3ef536f6eaa.ltar
Mathlib.Algebra.CharP.MixedCharZero	693744878d107e09.ltar
Mathlib.Algebra.Order.Monoid.Canonical.Basic	893c8effa27ae16a.ltar
Mathlib.RingTheory.PiTensorProduct	4eca83b72f9e063d.ltar
Mathlib.CategoryTheory.Localization.Resolution	87063fe056e23f89.ltar
Mathlib.AlgebraicGeometry.Noetherian	6bb94f55141a2231.ltar
Mathlib.Topology.ContinuousMap.ZeroAtInftyUnitization	0b241f8cdfe379ff.ltar
Mathlib.Order.SuccPred.IntervalSucc	c95de99b1d343feb.ltar
Mathlib.Logic.Equiv.Finset	63016f1410264f3b.ltar
Mathlib.Topology.Covering.Quotient	6eeb9cd28ab0e309.ltar
Mathlib.GroupTheory.Presentation	8e26f13c46223119.ltar
Mathlib.Computability.Halting	9599ac764c19bd04.ltar
Mathlib.LinearAlgebra.Basis.Bilinear	2a3578df7dd78191.ltar
Mathlib.LinearAlgebra.Matrix.Determinant.TotallyNonneg	2b6bd962a9f2c04e.ltar
Mathlib.Condensed.TopComparison	56774986ad81878b.ltar
Mathlib.CategoryTheory.Limits.Shapes.CombinedProducts	c50a5db51da849eb.ltar
Mathlib.CategoryTheory.Monoidal.Braided.Reflection	c317b504ccc63d91.ltar
Mathlib.Probability.Kernel.Representation	8dc5c514060fb417.ltar
Mathlib.Algebra.Homology.DerivedCategory.HomologySequence	4bb08dbf0063a71e.ltar
Mathlib.Analysis.LocallyConvex.Polar	e00f5458470532ae.ltar
Mathlib.Data.Seq.Defs	c9a46d1696e802cd.ltar
Mathlib.AlgebraicGeometry.Sites.Pretopology	ba39f4ed30990df6.ltar
Mathlib.Data.Finset.Image	03068d923f2781d8.ltar
Mathlib.RingTheory.Ideal.Colon	b9c97757cb3c152d.ltar
Mathlib.Algebra.Homology.ShortComplex.LeftHomology	50757e8d9f8ce97e.ltar
Mathlib.Algebra.Homology.SpectralObject.EpiMono	b25197d460c62bbe.ltar
Mathlib.Analysis.Complex.UpperHalfPlane.Measure	f3eeff2214b90d82.ltar
Mathlib.Control.Traversable.Instances	1bd7b639a0390688.ltar
Mathlib.Data.DFinsupp.Small	c0dc20fb8aabdcd3.ltar
Mathlib.LinearAlgebra.FiniteSpan	0b8612e572d96970.ltar
Mathlib.Analysis.Normed.Module.Connected	978e22ec6ad4572c.ltar
Mathlib.Algebra.Star.MonoidHom	b8a0a0b784ce5a29.ltar
Mathlib.Tactic.CategoryTheory.Reassoc	929bc16b20b8cfed.ltar
Mathlib.Topology.Baire.CompleteMetrizable	a1ad3a63feda1f30.ltar
Mathlib.Data.Finset.Range	ef2a53349fea44ac.ltar
Mathlib.Combinatorics.SimpleGraph.Hasse	5cfe4dd88c0492db.ltar
Mathlib.FieldTheory.IsPerfectClosure	0d8d278ed245fcb2.ltar
Mathlib.Algebra.Star.Unitary	887e4cfbcd37baed.ltar
Mathlib.CategoryTheory.Abelian.Yoneda	2a6b58c1612ac0cb.ltar
Mathlib.Analysis.Normed.Group.Lemmas	ed0774b101bd6342.ltar
Mathlib.Logic.Equiv.Pairwise	05b4127c6bea51f6.ltar
Mathlib.Algebra.Order.Ring.Idempotent	fc05379829fe0594.ltar
Mathlib.Condensed.Discrete.Colimit	d6c2f542e620fdae.ltar
Mathlib.Order.UpperLower.Basic	ebdb8e8e9f0fc776.ltar
Batteries.Data.Fin.OfBits	6163a1383b9f8a4a.ltar
Mathlib.Algebra.Category.AlgCat.Monoidal	18e05fa965467740.ltar
Mathlib.RingTheory.Finiteness.Subalgebra	ce54481b6382dca9.ltar
Mathlib.Data.Multiset.Dedup	cf82161e625afb00.ltar
Mathlib.Logic.Small.Set	f4a7d6cdca865168.ltar
Mathlib.Topology.Algebra.Module.TransferInstance	11fc77f8e9ac6982.ltar
Mathlib.Condensed.Limits	d405e99a111e7786.ltar
Mathlib.AlgebraicTopology.ModelCategory.BifibrantObjectHomotopy	57722ed870cac901.ltar
Batteries.Data.ByteArray	98231369d25c6b4d.ltar
Mathlib.Algebra.Group.Hom.Basic	866f8cff810c9a9f.ltar
Mathlib.Analysis.Complex.UpperHalfPlane.Metric	4b69ae9aa3ac290a.ltar
Mathlib.CategoryTheory.Limits.Shapes.FiniteMultiequalizer	e43677caa44108c1.ltar
Mathlib.Topology.Sober	e7a24512899c4fcc.ltar
Batteries.Lean.System.IO	98d198b88cc8d572.ltar
Batteries.Data.Fin.Coding	32a2160c9ee6b900.ltar
Mathlib.Topology.MetricSpace.GromovProduct	d8763572042a175e.ltar
Mathlib.RepresentationTheory.Homological.Resolution	821ad22a4a3f35d0.ltar
Mathlib.Topology.Algebra.Ring.Real	3162c4d47b20e088.ltar
Mathlib.Analysis.SpecialFunctions.ImproperIntegrals	602f6d96300c866b.ltar
Mathlib.Analysis.Normed.Group.SemiNormedGrp	546bc98794e8240f.ltar
Mathlib.Algebra.Group.Hom.End	0bcfba10d1c7e9d5.ltar
Mathlib.Tactic.Determinant.Bird.Cert	6d4abcb3b61de78a.ltar
Mathlib.Analysis.SpecialFunctions.Exponential	8658ce97067a522f.ltar
Mathlib.GroupTheory.GroupAction.CardCommute	c05e0369821098b8.ltar
Mathlib.Analysis.Calculus.MeanValue	4f5dc7d6896ed663.ltar
Mathlib.RingTheory.PicardGroup	8787e45782c8351a.ltar
Mathlib.GroupTheory.GroupAction.Blocks	07d0d67dc73ed00f.ltar
Aesop.Options.Internal	4e158223a951c583.ltar
Mathlib.LinearAlgebra.Matrix.BaseChange	e84c583f8a34f808.ltar
Batteries.Tactic.Alias	0b6bd27c1bfae7ad.ltar
Mathlib.Analysis.InnerProductSpace.WeakOperatorTopology	460aa715b1826655.ltar
Mathlib.RingTheory.LocalRing.ResidueField.Defs	56555e8d12d66a6b.ltar
Mathlib.NumberTheory.ModularForms.JacobiTheta.TwoVariable	27a85ac47201c00a.ltar
Mathlib.Data.Nat.Dist	215c8169e5a349db.ltar
Mathlib.CategoryTheory.Bicategory.FunctorBicategory.Lax	d6f01917ffffb1f0.ltar
Mathlib.Algebra.Group.Equiv.Basic	e37abe87d57e7457.ltar
Mathlib.Algebra.Group.Subsemigroup.MulOpposite	75f5188610d6e511.ltar
Mathlib.Order.Set	6b0996c0ca71051b.ltar
Mathlib.Algebra.Category.ModuleCat.Projective	fc8b42d1afe6b65a.ltar
Mathlib.MeasureTheory.Integral.IntervalIntegral.Basic	6cc9d4e555679959.ltar
Mathlib.Topology.ContinuousMap.Periodic	19ff29c5df6231d2.ltar
Mathlib.Analysis.Calculus.FormalMultilinearSeries	9cf951eabe94395b.ltar
Mathlib.Topology.Bases	2a02e4e4a7c4b0d7.ltar
Mathlib.Algebra.Homology.HomotopyCategory.MappingCocone	6477e2a1ef2c2bfc.ltar
Qq.AssertInstancesCommute	b4cd62acf44a41e2.ltar
Mathlib.CategoryTheory.Presentable.Retracts	d227d9f572904f32.ltar
Mathlib.CategoryTheory.DinatTrans	ffeb319d747203a3.ltar
Mathlib.NumberTheory.MulChar.Duality	4378812245e7009f.ltar
Mathlib.Algebra.Order.Group.CompleteLattice	480ce0e2e46127c5.ltar
Mathlib.MeasureTheory.Function.LpSpace.ContinuousCompMeasurePreserving	06296edc318492e6.ltar
Mathlib.AlgebraicTopology.DoldKan.NCompGamma	43df79c4277040b8.ltar
Mathlib.CategoryTheory.Bicategory.Functor.Prelax	a158330a3d4b3f8e.ltar
Mathlib.CategoryTheory.Limits.MonoCoprod	7432d1a6dc86fe63.ltar
Mathlib.LinearAlgebra.AffineSpace.AffineEquiv	8fe6f3a977745cd4.ltar
Mathlib.RepresentationTheory.FinGroupCharZero	2bf5f6ec4398a53f.ltar
Mathlib.GroupTheory.DoubleCoset	2d6b5acef6ba8339.ltar
Mathlib.MeasureTheory.Function.ConditionalExpectation.CondexpL2	e5fef041d8f07a15.ltar
Mathlib.Data.Finset.Interval	350bc514ac5f068e.ltar
Mathlib.Analysis.Complex.UpperHalfPlane.FixedPoints	7fa5e34478460c3c.ltar
Mathlib.NumberTheory.ModularForms.Identities	41bf1fbcb02c7b48.ltar
Mathlib.CategoryTheory.Monoidal.Closed.Cartesian	fdf81814a2522cea.ltar
Mathlib.LinearAlgebra.Finsupp.LSum	92045f386f0711fe.ltar
Mathlib.CategoryTheory.Limits.Preorder	f92432a5ae0728c7.ltar
Mathlib.LinearAlgebra.CliffordAlgebra.Fold	054368864fde65d6.ltar
Mathlib.Order.ConditionallyCompleteLattice.Finset	2f4918591fe35a98.ltar
Mathlib.Order.Category.BddDistLat	9a8173e4d7c15649.ltar
Mathlib.Data.Finsupp.Fintype	cd0d335828522935.ltar
Mathlib.Analysis.Calculus.ParametricIntervalIntegral	73096fe2d5131363.ltar
Mathlib.MeasureTheory.Integral.IntegrableOn	eb9a199f59412025.ltar
Mathlib.Condensed.Explicit	2e6b9471f3237d65.ltar
Mathlib.CategoryTheory.Limits.Preserves.Basic	d8098d5b9b2a1645.ltar
Mathlib.Topology.Category.Sequential	1dec66a58238c1f7.ltar
Mathlib.Analysis.Normed.Operator.Completeness	17c626a7ce7d7435.ltar
Mathlib.RepresentationTheory.Homological.ContCohomology.Basic	f95595148252fcad.ltar
Mathlib.Topology.CWComplex.Classical.Subcomplex	3fde91614f910842.ltar
Mathlib.GroupTheory.Frattini	460eeaf54502cb9f.ltar
Mathlib.Lean.Meta.CongrTheorems	65fb509dff99fe42.ltar
Mathlib.Topology.Baire.Lemmas	f83a69d1122184d7.ltar
Mathlib.Tactic.TryThis	b34d6b47cd324822.ltar
Mathlib.Topology.Algebra.Group.Defs	66372eff37398507.ltar
Mathlib.Tactic.Linter.AuxLemma	36e3ac075d50894a.ltar
Mathlib.CategoryTheory.Monoidal.Internal.Types.Grp_	be838050082391f9.ltar
Mathlib.Logic.Function.Iterate	d4c950085e91e01b.ltar
Mathlib.Topology.MetricSpace.Gluing	f6ab132b4f661e01.ltar
Mathlib.Algebra.Homology.Localization	f2ba3ab36562f7d6.ltar
Mathlib.CategoryTheory.Limits.FintypeCat	533f1e8c053f5df4.ltar
Mathlib.NumberTheory.NumberField.FiniteAdeleRing	eed0237e99a64e2a.ltar
Mathlib.CategoryTheory.Shift.Quotient	2e847fdfea38790f.ltar
Mathlib.RingTheory.Ideal.Operations	daafee4ec796bdec.ltar
Batteries.Tactic.SqueezeScope	9c6bd1b50f2b293d.ltar
Mathlib.Topology.ContinuousMap.Polynomial	a620523333e7d5fd.ltar
Mathlib.CategoryTheory.Limits.Constructions.Filtered	5b8295b43fdd2e99.ltar
Mathlib.Data.String.Lemmas	95bec9f4fb5ba030.ltar
Mathlib.Algebra.Ring.Divisibility.Lemmas	85f03cf5c02b52f4.ltar
Mathlib.CategoryTheory.Abelian.Preradical.Radical	02f674288958538a.ltar
Mathlib.Topology.MetricSpace.Similarity	4e039f45de6a3f50.ltar
Mathlib.Analysis.Distribution.SchwartzSpace.Basic	af06b4b0dbe14f12.ltar
Mathlib.CategoryTheory.Monoidal.Limits.HasLimits	fbfb1af9dbd0c927.ltar
Mathlib.Tactic.NormNum.NatFactorial	953086e5b9240f7d.ltar
Mathlib.Probability.Kernel.Category.Stoch	8cfa18286780706a.ltar
Mathlib.Analysis.SpecialFunctions.MulExpNegMulSqIntegral	238898cc6f129976.ltar
Mathlib.LinearAlgebra.BilinearForm.DualLattice	ff9909fd73ce9cde.ltar
Mathlib.CategoryTheory.Abelian.Projective.Extend	40387bba67e6ce13.ltar
Mathlib.Tactic.Ring.NamePolyVars	2a23f9279ad7736d.ltar
Mathlib	8c55ebe04f6e7b50.ltar
Mathlib.RingTheory.Ideal.IsPrincipal	d978a31e33becd4e.ltar
Batteries.Recycling.MonadSatisfying	99fa5e0c83346501.ltar
Mathlib.Topology.Order.DenselyOrdered	c0ae245938d7d191.ltar
Mathlib.Analysis.Calculus.FDeriv.OfCompLeft	fac438b9ad882cb5.ltar
Mathlib.RingTheory.Valuation.ValuativeRel.Basic	32703dffd7f1faa2.ltar
Mathlib.Geometry.Euclidean.Angle.Unoriented.RightAngle	4efb6c87d5eebf00.ltar
Mathlib.CategoryTheory.Limits.Shapes.StrictInitial	86e5b28ece613a00.ltar
Mathlib.AlgebraicGeometry.Sites.MorphismProperty	032be61ff5f0b304.ltar
Mathlib.CategoryTheory.Preadditive.Indization	5afe992b593869c8.ltar
Mathlib.MeasureTheory.Function.LpSeminorm.Trim	61691825645608d4.ltar
Mathlib.LinearAlgebra.ExteriorPower.Basic	d596edc45721f284.ltar
Mathlib.RingTheory.Ideal.Nonunits	c6599fdc73cd5116.ltar
Mathlib.RingTheory.Perfection	8a7f80311884b782.ltar
Batteries.Data.RBMap	c49e76536e1d0af8.ltar
Mathlib.MeasureTheory.Function.ConditionalExpectation.RadonNikodym	22da65cbf4fd476d.ltar
Mathlib.RingTheory.Ideal.Basic	b84c9661a0727eda.ltar
Mathlib.RingTheory.Polynomial.RationalRoot	4307e59f56b9182f.ltar
Mathlib.CategoryTheory.Limits.IndYoneda	3403fe19d47b876c.ltar
Mathlib.Algebra.Order.Ring.Nat	0d40bc10884ac863.ltar
Mathlib.Algebra.CharP.Lemmas	3181505e3320cf46.ltar
Mathlib.MeasureTheory.Measure.MeasureSpace	333abbe16e9dbfd9.ltar
Mathlib.LinearAlgebra.Matrix.Charpoly.Eigs	2745470d3ecae4e8.ltar
Mathlib.Analysis.Convex.SpecificFunctions.Deriv	921cb45726f76acf.ltar
Mathlib.Algebra.BigOperators.Associated	7a9689c80cf37aa4.ltar
Mathlib.LinearAlgebra.AffineSpace.Pointwise	d1423b86dbf8f0f4.ltar
Mathlib.Topology.KrullDimension	7c50107d155ab1ce.ltar
Mathlib.Data.Set.Subset	9ec4ec45adc13486.ltar
Mathlib.RepresentationTheory.Homological.GroupHomology.Shapiro	026ce518e707eea6.ltar
Mathlib.LinearAlgebra.RootSystem.Irreducible	849a670175f45f2e.ltar
Mathlib.GroupTheory.Perm.ClosureSwap	ad040d0d5ccaa6d3.ltar
Mathlib.RingTheory.Jacobson.Artinian	40e7e9e93e1a9aa7.ltar
Mathlib.GroupTheory.GroupAction.FixedPoints	0f7969f3969a3259.ltar
Mathlib.Analysis.Normed.Module.Complemented	945d178661a36670.ltar
Mathlib.Order.SuccPred.LinearLocallyFinite	df1d01e2f4e12ff9.ltar
Mathlib.Topology.Algebra.Valued.ValuedField	c047fc818f0f6484.ltar
Mathlib.LinearAlgebra.BilinearForm.Isometry	143743ca0e95be70.ltar
Mathlib.Order.TransfiniteIteration	9499d747e1b9e2bd.ltar
Mathlib.Algebra.Category.Ring.FilteredColimits	2a4f2937a6aa07c8.ltar
Mathlib.Topology.Homotopy.Affine	dc67e845602bce4d.ltar
Mathlib.MeasureTheory.Function.Intersectivity	6b0d6a7da7c70271.ltar
Mathlib.Topology.Hom.ContinuousEvalConst	d20e61b9ad62f554.ltar
Mathlib.Combinatorics.SimpleGraph.Sum	fa9d1825dfb42fb8.ltar
Mathlib.Data.Nat.Factorization.Induction	717aca3cb5091fcf.ltar
Mathlib.AlgebraicTopology.FundamentalGroupoid.FundamentalGroup	ad83eae5f8c3fbfc.ltar
Mathlib.Data.Analysis.Topology	c64d65a2eb92d754.ltar
Mathlib.Order.Filter.AtTopBot.Basic	08fc317f40c259e3.ltar
Mathlib.Algebra.ContinuedFractions.ContinuantsRecurrence	c1d530f61cf3837a.ltar
Mathlib.CategoryTheory.Limits.FormalCoproducts.Cech	5f724be7872bdf13.ltar
Mathlib.GroupTheory.Divisible	b37a5423de384e1d.ltar
Mathlib.Analysis.Complex.Exponential	e0c1f45a849e7a7c.ltar
ImportGraph.Tools.ImportDiff	235c765c230cd40a.ltar
Mathlib.Topology.Algebra.Group.CompactOpen	8dd4202cd9121fb1.ltar
Mathlib.Analysis.Normed.Module.Ball.Action	bcde5f8a0021dd69.ltar
Mathlib.Geometry.RingedSpace.LocallyRingedSpace.ResidueField	ec4c670fedc67fe2.ltar
Mathlib.Tactic	033de06fa61003a2.ltar
Mathlib.CategoryTheory.Monoidal.Functor.Types	ec039c31801f4089.ltar
Mathlib.Algebra.Lie.Loop	f9a4288ffd42cd03.ltar
Mathlib.Analysis.Calculus.InverseFunctionTheorem.ApproximatesLinearOn	7ac648241c5e2da8.ltar
Mathlib.CategoryTheory.Limits.Presentation	d28d5eaee965d72a.ltar
Mathlib.GroupTheory.Perm.Closure	abb8af283ce7e1eb.ltar
Mathlib.Order.Filter.Bases.Basic	ff527e282155882a.ltar
Mathlib.Algebra.Group.Pointwise.Finset.Scalar	1c7e98225db8e152.ltar
Mathlib.Algebra.BigOperators.NatAntidiagonal	ed01ab584b2c5080.ltar
Mathlib.CategoryTheory.Presentable.Uniformization	5df059bd4e88f6ba.ltar
Mathlib.Data.Nat.Totient	c4b558c5d6533f40.ltar
Mathlib.Analysis.SpecialFunctions.Arcosh	e823834862e54857.ltar
Mathlib.Analysis.CStarAlgebra.CompletelyPositiveMap	ed23de24e020dc23.ltar
Mathlib.Topology.Instances.AddCircle.DenseSubgroup	e1e8947e63f95097.ltar
Mathlib.Algebra.Order.Monoid.WithTop	c744ffd246a2dc04.ltar
Mathlib.Data.Vector3	6cead269192c78fe.ltar
Mathlib.Topology.Algebra.SeparationQuotient.Hom	517c9891d02f9e2f.ltar
Mathlib.Combinatorics.Enumerative.IncidenceAlgebra	b5d9588715715eb7.ltar
Mathlib.RingTheory.RingHom.Etale	18b7a24a2e4e999c.ltar
Mathlib.CategoryTheory.Limits.Shapes.Preorder.Fin	2a7cd198679d83df.ltar
Mathlib.CategoryTheory.Functor.Derived.PointwiseLeftDerived	b2900411d6e0fc8c.ltar
Mathlib.NumberTheory.NumberField.EquivReindex	6602de544ee89e23.ltar
Mathlib.MeasureTheory.Measure.SubFinite	a7535dc5592ac5f3.ltar
Mathlib.Algebra.Module.Submodule.Range	a2226b36cf798535.ltar
Mathlib.Topology.Order.Bornology	85bc884ce28cd442.ltar
Mathlib.Algebra.Polynomial.SumIteratedDerivative	8fbabd952c73cdbd.ltar
Mathlib.LinearAlgebra.SymplecticGroup	21969bec61fca404.ltar
Mathlib.RingTheory.Algebraic.Denominator	2c4a944056b2210f.ltar
Mathlib.CategoryTheory.EqToHom	b4cb95fd62d711fa.ltar
Mathlib.Order.Concept	149b3694e330cbda.ltar
Mathlib.CategoryTheory.Limits.Shapes.Pullback.HasPullback	bbd10588f6a180ac.ltar
Mathlib.Analysis.Calculus.Deriv.MeanValue	5633eb1b2c9daef3.ltar
Mathlib.Combinatorics.SimpleGraph.Walk.Counting	2d494b52a850ffef.ltar
Mathlib.NumberTheory.ModularForms.Discriminant	15a4ea3aabca8aaa.ltar
Mathlib.CategoryTheory.Sites.Hypercover.Subcanonical	7bf8b967b29a0f16.ltar
Mathlib.MeasureTheory.Function.L1Space.Integrable	0a492ef482a1089a.ltar
Mathlib.AlgebraicTopology.SimplicialSet.CompStruct	5007d3f848c4364c.ltar
Mathlib.Algebra.PresentedMonoid.Basic	5d139edbdc48868f.ltar
Mathlib.GroupTheory.Coset.Card	e0ebca2819b12a3d.ltar
Mathlib.GroupTheory.SpecificGroups.Alternating.Centralizer	73926a36cd7cab7a.ltar
Mathlib.Data.Bool.AllAny	d4ae8ed439c1ecad.ltar
Mathlib.Tactic.Linter.TacticDocumentation	dcb4bf280c89281c.ltar
Mathlib.Analysis.Normed.Affine.MazurUlam	8eef60262909f230.ltar
Mathlib.Algebra.Homology.Monoidal	9cd0045f701e1380.ltar
Mathlib.Algebra.Group.Action.Sigma	239c66561e30934b.ltar
Mathlib.Data.Matrix.Invertible	f25055ccdc1134cb.ltar
Batteries.Lean.Meta.InstantiateMVars	8e4fdab1a76d17a1.ltar
Mathlib.Deprecated.Aliases	ea2de8e2d87f1d24.ltar
Mathlib.Algebra.Module.Presentation.Cokernel	5bc0c4a2d58fdca1.ltar
Mathlib.Topology.Category.FinTopCat	ed655d123811fbb3.ltar
Mathlib.CategoryTheory.Limits.Indization.FilteredColimits	2f48ef1c55f4c33d.ltar
Mathlib.Tactic.NormNum.Prime	4b11edc1841f2cc0.ltar
Mathlib.RingTheory.Noetherian.Nilpotent	9a74d92c7b07c767.ltar
Mathlib.Geometry.Manifold.MFDeriv.UniqueDifferential	47a8b69acba9960f.ltar
Mathlib.Data.Int.Range	05018999e605dc93.ltar
Plausible.Random	a1ec21d2ac494420.ltar
Mathlib.Algebra.Polynomial.Basic	22ffadfccce3f3b8.ltar
Mathlib.Topology.Category.UniformSpace	c2d3d6c72616775f.ltar
Mathlib.LinearAlgebra.QuadraticForm.Real	9d70035b7e19ef1b.ltar
Mathlib.RingTheory.KrullDimension.Field	bc00763ac812226b.ltar
Mathlib.Algebra.Homology.HomologicalComplexLimitsEventuallyConstant	2abdc8b9706a8e63.ltar
Mathlib.GroupTheory.FreeGroup.Orbit	11a0f1b2de6662c0.ltar
Mathlib.Algebra.Algebra.Opposite	3c6b8915064d5e8f.ltar
Mathlib.Algebra.GroupWithZero.Action.TransferInstance	44b58d9ef41ce788.ltar
Mathlib.Logic.Embedding.Basic	0db4ebf7e08581ca.ltar
Mathlib.Analysis.RCLike.ContinuousMap	f798ab58a40e08fe.ltar
Mathlib.Analysis.Convex.EGauge	35640e44b0bdd9d2.ltar
Mathlib.Topology.Category.TopCommRingCat	87c8eab26b694fd4.ltar
Mathlib.Algebra.Category.GrpWithZero	871d5c6a63bef3cb.ltar
Batteries.Tactic.NoMatch	efde5cd7c60aecdc.ltar
Mathlib.CategoryTheory.Preadditive.HomOrthogonal	4713fe44a0b1be0c.ltar
Mathlib.Tactic.Linter.HaveLetLinter	ab1dd2fe9516c7f4.ltar
Mathlib.CategoryTheory.Limits.Types.ColimitType	04eb5c6f8a66f180.ltar
Mathlib.CategoryTheory.Monoidal.Bimod	6231246752fe1a6c.ltar
Mathlib.Algebra.Order.Hom.Submonoid	0ac3ebda8df08d08.ltar
Mathlib.Topology.UniformSpace.Compact	753606a897801a4d.ltar
Mathlib.Analysis.Calculus.FDeriv.Add	a9d401c1dca09274.ltar
Mathlib.Algebra.Category.Ring.EqualizerPushout	056817b179a864f9.ltar
Mathlib.MeasureTheory.Integral.IntervalIntegral.Periodic	a51636857fca8fa2.ltar
Mathlib.Algebra.Category.Grp.Limits	873207c53af69894.ltar
Aesop.Index	76b5f863b9c263a6.ltar
Mathlib.RingTheory.RingHom.QuasiFinite	a283f76c59bc5edf.ltar
Mathlib.Tactic.CategoryTheory.CheckCompositions	fbe0e58178be89d6.ltar
Mathlib.Tactic.Algebra.Lemmas	5b28b8b110144137.ltar
Mathlib.CategoryTheory.Category.Basic	dbd9a9eebcbced71.ltar
Mathlib.Data.Finset.Lattice.Union	50d9c3a8af74875a.ltar
Mathlib.FieldTheory.FinTrdeg	4e0e0f70e84c5788.ltar
Mathlib.RepresentationTheory.FDRep	bb737402ca74f85c.ltar
Mathlib.Data.PNat.Order	9e78cb6ae2a68ce7.ltar
Mathlib.Analysis.Normed.Algebra.TrivSqZeroExt	5a3ee25c1713b735.ltar
Batteries.Lean.Expr	3a942686069ed71e.ltar
Mathlib.Topology.Category.TopCat.Opens	707a64be4276250c.ltar
Mathlib.Analysis.Calculus.FDeriv.CompCLM	80f603924e3b9679.ltar
Mathlib.Algebra.Group.Graph	20510a64855ccc91.ltar
Mathlib.Data.Nat.Choose.Basic	affc188e530c90ee.ltar
Mathlib.Analysis.Normed.Group.Pointwise	130dc39e1a72dcc5.ltar
Mathlib.Basic.NNReal.Defs	2e7099bbfd638b29.ltar
Mathlib.Basic.IsEmpty.Basic	c736b9c818f00a93.ltar
Mathlib.Analysis.Normed.Module.MultipliableUniformlyOn	a0b43f175b99aa2d.ltar
Aesop.Util.EqualUpToIds	26d8abc7a036816d.ltar
Mathlib.CategoryTheory.ObjectProperty.Orthogonal	a41f0cb7cfec93c2.ltar
Mathlib.Analysis.NormedSpace.OperatorNorm.Prod	7bbb6d422a1eebb3.ltar
Mathlib.Algebra.Module.SpanRankOperations	842312403a198dcf.ltar
Mathlib.MeasureTheory.Measure.Typeclasses.NullSingletonClass	309006a64bff6448.ltar
Mathlib.RingTheory.KrullDimension.Zero	439d8dd5557d48a8.ltar
Mathlib.Algebra.Group.Pointwise.Set.Lattice	3a58aceff08b3216.ltar
Mathlib.Algebra.Homology.ConcreteCategory	243d050d747a141a.ltar
Mathlib.Algebra.Order.Nonneg.Ring	087621a9993c273e.ltar
ProofWidgets.Presentation.Expr	42114bf059f1e8fe.ltar
Mathlib.Order.Hom.WithTopBot	f9bb84e23580dc05.ltar
Mathlib.Order.WithBotTop	50ee8149ff80f688.ltar
Mathlib.RingTheory.Etale.Locus	99485630c440d371.ltar
Mathlib.Order.TypeTags	7f7909c06299fefb.ltar
Mathlib.Topology.Order.NhdsSet	3f3608757fe10c81.ltar
Mathlib.Algebra.Order.Field.Rat	dd0f3d5cde44a03e.ltar
Mathlib.Analysis.SpecialFunctions.Trigonometric.Bounds	8b194fb3f66a6363.ltar
Mathlib.Algebra.Group.Units.Basic	1ac0f474eebe56d7.ltar
Mathlib.Analysis.Normed.Field.TransferInstance	fdd0fd11307abc0c.ltar
Mathlib.AlgebraicTopology.DoldKan.Notations	4653c735b71dbbc9.ltar
Mathlib.Data.Fintype.Pi	7ee383612a99884c.ltar
Mathlib.RingTheory.PowerSeries.Exp	6043fdcea15fba2a.ltar
Mathlib.CategoryTheory.Sites.SheafHom	1973736933f1fa19.ltar
Aesop.Tree.AddRapp	52a10d34edba84c8.ltar
Batteries.Lean.Meta.UnusedNames	fd9e9abb487c46ba.ltar
Mathlib.CategoryTheory.Abelian.SerreClass.Localization	f0eef51c4c0a5373.ltar
Mathlib.Algebra.Module.Pi	351665983389e23a.ltar
Mathlib.CategoryTheory.Sites.RegularEpi	8ef60b003d4717fa.ltar
Mathlib.Analysis.Normed.Group.ControlledClosure	03fd51615d389e63.ltar
Mathlib.RingTheory.RingHom.Smooth	aad531ae986ca6b8.ltar
Mathlib.NumberTheory.Padics.PadicNumbers	09e84193e4deb432.ltar
Mathlib.NumberTheory.ModularForms.ProperlyDiscontinuous	147fd091d2a54144.ltar
Aesop.Util.UnionFind	868cf6c9c97a1465.ltar
Mathlib.Analysis.Analytic.IteratedFDeriv	4ee995802720e90f.ltar
Mathlib.Data.Set.Lattice.Disjoint	a618a3ed6ed2bcac.ltar
Mathlib.AlgebraicGeometry.Cover.Sigma	cc64b77398257370.ltar
Mathlib.Probability.Kernel.Posterior	37050f50dbc88798.ltar
Mathlib.Analysis.InnerProductSpace.Affine	900446360e562378.ltar
Mathlib.MeasureTheory.OuterMeasure.Operations	3182733c10716cd7.ltar
Mathlib.Tactic.CategoryTheory.Monoidal.Normalize	f7be28af359776d0.ltar
Mathlib.Analysis.InnerProductSpace.Symmetric	183a5bf38d205ea3.ltar
Mathlib.Data.Vector.MapLemmas	beb39009e98e42b5.ltar
Mathlib.Order.UpperLower.Principal	fb1585ec9c2acb2f.ltar
Mathlib.NumberTheory.LSeries.HurwitzZetaValues	b9675fd769f65a4f.ltar
Mathlib.Algebra.Homology.DerivedCategory.Ext.Map	9014b41ec8b4c7a9.ltar
Mathlib.Algebra.Group.Units.Equiv	ccbd2f80a8a9a9f2.ltar
Mathlib.Topology.MetricSpace.Ultra.ContinuousMaps	18bca7d69e119c8f.ltar
Mathlib.Analysis.Normed.Algebra.Unitization	84c2159a35c4a3d0.ltar
Mathlib.Algebra.Group.Semigroup	e21a939ab672d147.ltar
Mathlib.Topology.MetricSpace.Perfect	250657f631b4b642.ltar
Mathlib.Tactic.IrreducibleDef	c7e354981f21bc92.ltar
Mathlib.Algebra.Ring.Subsemiring.MulOpposite	0e135463f87b5f4f.ltar
Mathlib.GroupTheory.FreeGroup.Reduce	671144ecb4d12fe1.ltar
Mathlib.Condensed.Light.TopCatAdjunction	b9bdcae3e3f00994.ltar
Mathlib.Topology.Order.AtTopBotIxx	80ca410015422c2e.ltar
Mathlib.CategoryTheory.Limits.Preserves.Shapes.Kernels	5c4e244bcf2db60f.ltar
Mathlib.Tactic.Finiteness	d3810b3371cb13cf.ltar
Mathlib.Data.List.FinRange	4529f3ffc7efec00.ltar
Mathlib.Analysis.RCLike.BoundedContinuous	1d89774415a26baa.ltar
Mathlib.Topology.Algebra.InfiniteSum.TsumUniformlyOn	5bafe986154594c4.ltar
Mathlib.Probability.Distributions.Poisson.Basic	f9422c4815e39c8e.ltar
Mathlib.CategoryTheory.Limits.FunctorToTypes	492235f202496b94.ltar
Mathlib.CategoryTheory.Sites.Coherent.CoherentTopology	c02f1ff57b7797a9.ltar
Mathlib.MeasureTheory.Measure.Haar.NormedSpace	2c77a356bc628470.ltar
Mathlib.CategoryTheory.Monoidal.Closed.Basic	b9a06f92f9bf7c23.ltar
Mathlib.NumberTheory.Chebyshev	5834283c30da2426.ltar
Mathlib.Algebra.MonoidAlgebra.ToDirectSum	3ed141767f81473b.ltar
Mathlib.CategoryTheory.Limits.Constructions.EpiMono	678d0b9405cb1fd0.ltar
Mathlib.Util.AtomM.Recurse	74c24469bc9253d0.ltar
Mathlib.CategoryTheory.Sites.Sieves.Basic	939af1339faaec1e.ltar
Mathlib.Algebra.Star.Subsemiring	a0933570191ab6e3.ltar
Mathlib.MeasureTheory.Measure.Trim	cd07d5d3a59dd074.ltar
Mathlib.Algebra.Order.Ring.Ordering.Basic	931debea2fa4d3e7.ltar
Mathlib.Data.Multiset.Antidiagonal	ff00c87c06709644.ltar
Mathlib.Logic.Hydra	3648eb21fa77baba.ltar
Mathlib.Algebra.Homology.Embedding.AreComplementary	77e882e62291f8a1.ltar
Mathlib.InformationTheory.Coding.KraftMcMillan	a714daad977d4fa9.ltar
Mathlib.Data.Set.Basic	c22d068759c9fc9a.ltar
Mathlib.Analysis.SpecialFunctions.Pow.Continuity	b497474d6979d004.ltar
Mathlib.LinearAlgebra.Eigenspace.Semisimple	f9441fc1456ec676.ltar
Mathlib.Algebra.Category.ModuleCat.Tannaka	7cc0c1f1c534df92.ltar
Mathlib.Data.List.ProdSigma	9dde394adb7de8e4.ltar
Mathlib.CategoryTheory.Sums.Basic	5d4c1e218f6c3395.ltar
Mathlib.Data.Subtype	8691c2f1ae5d65b4.ltar
Mathlib.Tactic.FBinop	64b31a627ad94a48.ltar
Mathlib.Analysis.Distribution.ContDiffMapSupportedIn	21de4ab915cada5b.ltar
Mathlib.CategoryTheory.Localization.DerivabilityStructure.OfFunctorialResolutions	b386b269177527bd.ltar
Mathlib.CategoryTheory.Adjunction.Reflective	440b4e62eadf0635.ltar
Mathlib.Combinatorics.Quiver.Path.Vertices	56d5938724b0a66d.ltar
Mathlib.CategoryTheory.Limits.Types.PreservesLimit	64b9d53b855d708f.ltar
Mathlib.Algebra.Group.Semiconj.Units	9bb80f7e11ce7a79.ltar
Mathlib.RingTheory.Finiteness.Descent	0385d4df628e68c8.ltar
Mathlib.Tactic.RSuffices	2643f2ced5246522.ltar
Mathlib.Topology.EMetricSpace.Basic	3d7a52bcfeb975ff.ltar
Mathlib.Geometry.RingedSpace.SheafedSpace	5003143c7390125f.ltar
Mathlib.Algebra.Polynomial.UnitTrinomial	7e9ec922055c20bd.ltar
Mathlib.Algebra.Category.Ring.Small	e389f72ed262ab0b.ltar
Mathlib.GroupTheory.MonoidLocalization.GrothendieckGroup	60cf86270a05a575.ltar
Mathlib.Data.Bool.Set	a3cafd4c32cbc926.ltar
Mathlib.Data.Fintype.Card	944be17643515289.ltar
Mathlib.SetTheory.Cardinal.Ordinal	f6ae7cc0f9dfd3f8.ltar
Aesop.Rule.Forward	0d7836892be42b9a.ltar
Mathlib.RingTheory.Fintype	097777692f202cb0.ltar
Mathlib.CategoryTheory.Conj	712b9168cd413225.ltar
Mathlib.Order.SetNotation	1ee92da95dbf5130.ltar
Mathlib.AlgebraicGeometry.Pullbacks	5512ad8c3842deb3.ltar
Mathlib.Data.FP.Basic	481ce86e44df03f3.ltar
Mathlib.Analysis.SpecialFunctions.Complex.CircleMap	f9b0ac8ee0ca2585.ltar
Mathlib.Data.Multiset.Powerset	7cb075839eb7493c.ltar
Mathlib.CategoryTheory.Presentable.Directed	fe273004fa8fb725.ltar
Mathlib.Control.Applicative	0e59f1686d3ea8aa.ltar
Mathlib.Algebra.Algebra.Prod	f2d241dc6acb55f0.ltar
Mathlib.Combinatorics.SimpleGraph.Walks.Decomp	993c2f2b55f246ff.ltar
Mathlib.CategoryTheory.Center.Localization	50e4d35ad8f0669f.ltar
Mathlib.AlgebraicGeometry.Morphisms.UnderlyingMap	c3a551fc1d6ee068.ltar
Mathlib.NumberTheory.ArithmeticFunction.Misc	c762127f683521fd.ltar
Mathlib.RingTheory.Flat.Stability	6fa35802405619ff.ltar
Mathlib.CategoryTheory.Limits.Shapes.BinaryProducts.BinaryFan	04a23c472801ba05.ltar
Mathlib.Data.List.Nodup	13f290548572639a.ltar
Mathlib.Algebra.Order.Module.PositiveLinearMap	3b96e322a2d6125a.ltar
Mathlib.AlgebraicTopology.SimplicialSet.Homotopy	037f425761e1e345.ltar
Mathlib.Util.LongNames	c9056ae0f16193c0.ltar
Mathlib.CategoryTheory.Generator.Abelian	7cbd88bf8f6dfb36.ltar
Mathlib.CategoryTheory.Limits.Preserves.Limits	2d069321642d222a.ltar
Mathlib.Algebra.Category.Ring.Under.Limits	fcbc496f6a6dfd99.ltar
Mathlib.GroupTheory.CoprodI	c052cab04863cf46.ltar
Mathlib.LinearAlgebra.AffineSpace.Restrict	4155b54445686d88.ltar
Mathlib.Tactic.Inclusion.ExtensionAPI.Attr	657b11bb9ff1e896.ltar
Mathlib.Data.Fin.SuccPredOrder	08199562bcbe4517.ltar
Mathlib.Algebra.Order.Field.Pointwise	a7bd40dde3b37df1.ltar
Mathlib.Topology.FiberBundle.Trivialization	f3deecc4dba1de37.ltar
Mathlib.MeasureTheory.Measure.Lebesgue.VolumeOfBalls	37c1387f8da2da48.ltar
Mathlib.CategoryTheory.Sites.PreservesLimits	77d15677bbf0ddd1.ltar
Mathlib.CategoryTheory.Galois.Action	b5d8e42a51851671.ltar
Mathlib.Data.Finset.Grade	455da586b36f704c.ltar
Mathlib.Dynamics.TopologicalEntropy.Subset	85ba72bdb80f65c8.ltar
Mathlib.Topology.Instances.ENNReal.Lemmas	7080a24035eefa29.ltar
Mathlib.Data.Nat.Factorization.PrimePow	72383268c695fa23.ltar
Mathlib.CategoryTheory.Monoidal.DayConvolution.Closed	fa34e4315007eedc.ltar
Mathlib.Analysis.Complex.Polynomial.Basic	56370cbf67656903.ltar
Mathlib.RingTheory.Adjoin.Tower	8d6f7456b7d0e58f.ltar
Mathlib.Analysis.Normed.Module.Basic	a1009a4a3f9875ac.ltar
Mathlib.Condensed.CartesianClosed	9b379a1da30984ae.ltar
Mathlib.Analysis.Real.Pi.Irrational	54ad1d25fe979f39.ltar
Mathlib.Algebra.Group.Action.Defs	80e2a3288fad992a.ltar
Mathlib.Data.List.Sublists	8a9cdce4fcc1aeab.ltar
Mathlib.Analysis.InnerProductSpace.Completion	1861ca6c9a2dc235.ltar
Mathlib.CategoryTheory.Monoidal.Limits.Colimits	5220e2f60012e2e3.ltar
Mathlib.CategoryTheory.MorphismProperty.Quotient	113dfe1b679e1098.ltar
Aesop.Exception	b5e66efb0a7faee9.ltar
Mathlib.Algebra.Group.Submonoid.Units	8e59c7ff47ab012b.ltar
Mathlib.RingTheory.IntegralClosure.IntegralRestrict	f3804f9b7439fb20.ltar
Mathlib.AlgebraicTopology.SimplicialSet.Subdivision	09641174369cfe9f.ltar
Mathlib.MeasureTheory.Function.ConvergenceInDistribution	165057ef2256ae42.ltar
Mathlib.LinearAlgebra.PiTensorProduct.Basic	ef114797092fd2a3.ltar
Mathlib.Geometry.Manifold.MFDeriv.Basic	b55a58c89c7d95dc.ltar
Mathlib.CategoryTheory.Preadditive.CommGrp_	28c9cbee37199840.ltar
Batteries.Data.BinomialHeap	492ea65323107616.ltar
Mathlib.RingTheory.RingHom.StandardSmooth	ef0da6c79c1d15d1.ltar
Mathlib.Data.Rat.Denumerable	12e343aaef6c6eae.ltar
Mathlib.RingTheory.Algebraic.MvPolynomial	1aab5f135c2abf6f.ltar
Mathlib.Tactic.Simproc.VecPerm	b6ba19dd640607aa.ltar
Mathlib.GroupTheory.QuotientGroup.ModEq	4bed34faf2850be3.ltar
Mathlib.Algebra.Order.Monoid.Unbundled.Defs	8d049d83320c9a9b.ltar
Aesop.BuiltinRules.Assumption	3ee91b82589a9639.ltar
Mathlib.Geometry.Manifold.VectorField.LieBracket	19445d31880b5b11.ltar
Mathlib.Order.GaloisConnection.Defs	85944f442dd2f43f.ltar
Mathlib.GroupTheory.Solvable	9fdab83b958f08fa.ltar
Mathlib.Topology.UniformSpace.ProdApproximation	faa4438e9024c703.ltar
Mathlib.CategoryTheory.Sites.LocalSite	83c2dc47e9a971d2.ltar
Mathlib.Analysis.Normed.Group.Subgroup	bba893588d2e3d1f.ltar
Mathlib.Topology.UniformSpace.CompleteSeparated	6352d35f6aeab8ee.ltar
Mathlib.Data.Char	2e240916bab7bb48.ltar
Batteries.Data.Char.Basic	af02bd9e4d722fb5.ltar
Mathlib.Analysis.Normed.Group.Rat	c195c6da2e1d8c9a.ltar
Mathlib.Topology.Order.LawsonTopology	f76520fa46e5da8f.ltar
Mathlib.CategoryTheory.Sites.Monoidal	5f7ce246c914c3e8.ltar
Mathlib.Topology.Convenient.OpenClosed	12714633dfbf753a.ltar
Mathlib.Tactic.TypeStar	552c5192e7d05360.ltar
Mathlib.Tactic.Inclusion.Extension.Core.Core	d6ec88e84b09a67d.ltar
Mathlib.Analysis.InnerProductSpace.Projection.Submodule	4814caaf7b357db0.ltar
Mathlib.Analysis.SpecialFunctions.Gamma.BohrMollerup	8f0dbc00a8731b0f.ltar
Mathlib.CategoryTheory.Monoidal.Transport	9ecab245d888c803.ltar
Mathlib.Analysis.LocallyConvex.Barrelled	5db145562b6121fc.ltar
Mathlib.Probability.Distributions.Gaussian.Basic	235f838a4871dd7a.ltar
Mathlib.LinearAlgebra.CliffordAlgebra.Conjugation	950c37e64f460645.ltar
Mathlib.Order.Directed	59396ca3e51c6e2e.ltar
Mathlib.MeasureTheory.Function.ConditionalExpectation.LebesgueBochner	dd550c3d0e7121fb.ltar
Mathlib.NumberTheory.ModularForms.LFunction	a6ae1577a6c969a3.ltar
Mathlib.Order.Types.Defs	00a76f64288a87ec.ltar
Mathlib.Analysis.Convex.Deriv	92b5491c2b7dd185.ltar
Mathlib.RingTheory.LittleWedderburn	3b3474f5f9a868c6.ltar
Mathlib.Algebra.Polynomial.Sequence	274d50c8b4eb0572.ltar
Mathlib.Topology.Algebra.Module.Spaces.PointwiseConvergenceCLM	e87eaeeeff9acf56.ltar
Mathlib.Geometry.Manifold.SmoothEmbedding	e96f0c1bdd2656e9.ltar
Batteries.Util.LibraryNote	f81fe6aa2a4060be.ltar
Mathlib.Combinatorics.Enumerative.Stirling	fd0fd055c7a00642.ltar
Mathlib.Tactic.ComputeAsymptotics.Multiseries.Corecursion	fdf25202e2b83f61.ltar
Mathlib.GroupTheory.Coxeter.Inversion	88e6dd8947afc082.ltar
Mathlib.Combinatorics.SimpleGraph.Girth	e25b62e6305d1311.ltar
Mathlib.Combinatorics.SimpleGraph.Regularity.Bound	e9ff3f96b848609b.ltar
Mathlib.Dynamics.SymbolicDynamics.Basic	6efdc826a5bf25ed.ltar
Mathlib.CategoryTheory.Category.RelCat	100a3fe31dd84cdc.ltar
Mathlib.Data.Seq.Parallel	41ac036a9ca0023d.ltar
Mathlib.Topology.Order.IsLUB	d9608cb3b0ac4420.ltar
Mathlib.NumberTheory.LSeries.Linearity	c635e2713ce3b396.ltar
Mathlib.Analysis.SpecialFunctions.ContinuousFunctionalCalculus.ExpLog.Order	e31f628dff1531b8.ltar
Batteries.Data.MLList	37bb3ce604b5e45d.ltar
Mathlib.LinearAlgebra.FreeModule.Determinant	89a3db4fc1ddcba2.ltar
Mathlib.Combinatorics.Young.SemistandardTableau	78f091883b67ad05.ltar
Mathlib.AlgebraicGeometry.Restrict	fab08423576f6d01.ltar
Mathlib.RingTheory.Bialgebra.Quotient	7d753b325aab0788.ltar
Mathlib.Geometry.Manifold.Submersion	0b510d6ce202e451.ltar
Mathlib.Algebra.MvPolynomial.Eval	84fd4bb17de65873.ltar
Mathlib.RingTheory.AdicCompletion.Exactness	b44b2c6f520806f7.ltar
Mathlib.NumberTheory.ModularForms.SlashActions	6a13b5bf934006aa.ltar
Mathlib.LinearAlgebra.FreeModule.Basic	b8b0cec5b8363e52.ltar
Batteries.Data.AssocList	168e6b75e2f00252.ltar
Mathlib.CategoryTheory.Localization.DerivabilityStructure.Derives	6328597d6f778d37.ltar
Mathlib.Tactic.SimpIntro	b6bbc6f947e250e3.ltar
Mathlib.Logic.Equiv.Sigma	ed49ebbc7ec9d38f.ltar
Mathlib.Analysis.Asymptotics.Completion	a7e03ba1db2bbdaa.ltar
Mathlib.Data.Sum.Basic	c8a4ceab9f9a4518.ltar
Mathlib.Tactic.Inclusion.ExtensionAPI.Basic	455400fbd1d46da5.ltar
Mathlib.Order.Sublocale	1a0b7d98d587646a.ltar
Mathlib.CategoryTheory.Monoidal.Cartesian.Grp_	f1ba9db79a32d329.ltar
Mathlib.CategoryTheory.Category.Cat.Colimit	314bcc4c0f2042ea.ltar
Mathlib.Tactic.DefEqAbuse	dd9ea124c1f976fc.ltar
Mathlib.CategoryTheory.Sites.Coherent.ExtensiveColimits	eec57fdd115d06e8.ltar
Mathlib.Combinatorics.SetFamily.HarrisKleitman	583a77c2a6011c85.ltar
Mathlib.Data.DFinsupp.Lex	0b7253b413530410.ltar
Mathlib.RingTheory.IsGaloisGroup.Defs	5faa6f99cbf52d93.ltar
Mathlib.CategoryTheory.Abelian.Projective.Resolution	89ee1b2135bd06e1.ltar
Mathlib.Algebra.Lie.Basic	0eb422bdf4340f31.ltar
Mathlib.Analysis.Meromorphic.LogDeriv	251718eb800aecd9.ltar
Mathlib.Tactic.Widget.StringDiagram	ae7b722d60b70162.ltar
Mathlib.CategoryTheory.Bicategory.Free	fbb8f872df835907.ltar
Mathlib.Order.ConditionallyCompletePartialOrder.Basic	e98a4abb1c7a251a.ltar
Mathlib.Tactic.Setm	64c7ffa2ac31a517.ltar
Mathlib.Lean.Meta.RefinedDiscrTree.Lookup	c295fce0bb66ef0f.ltar
Mathlib.CategoryTheory.Localization.DerivabilityStructure.PointwiseLeftDerived	28eabf2016e068ba.ltar
Mathlib.Data.Multiset.AddSub	91e24914b3a9d602.ltar
Mathlib.LinearAlgebra.Dimension.OrzechProperty	6b1d67da769aab39.ltar
Mathlib.Topology.MetricSpace.Closeds	830335ae2f58d0e6.ltar
Mathlib.Tactic.Module	6e11593bdf3120d9.ltar
Mathlib.Order.Hom.Bounded	2d22eebe8ed3ae96.ltar
Mathlib.Geometry.Manifold.ContMDiff.NormedSpace	63490b7f31989c49.ltar
Mathlib.Probability.ConditionalProbability	fa7f369a20127740.ltar
Mathlib.Algebra.Group.Pointwise.Set.BigOperators	e8c14cd85c21a27c.ltar
Mathlib.FieldTheory.RatFunc.IntermediateField	c17a7e784df9f53f.ltar
Mathlib.CategoryTheory.Limits.Shapes.Pullback.ChosenPullback	536bf7324d13a430.ltar
Mathlib.Topology.Neighborhoods	86978fd6438152b5.ltar
Mathlib.Tactic.FunProp.Core	ca27a99bc826ab46.ltar
Mathlib.Algebra.Category.Grp.Colimits	e68fe0ce5d9ac030.ltar
Mathlib.Tactic.Relation.Symm	8333213950650e30.ltar
Mathlib.MeasureTheory.Order.UpperLower	57743d26157cb6c7.ltar
Mathlib.Data.Finite.Defs	7f600bbccf59beb0.ltar
Mathlib.Data.List.Lemmas	24e190af286f3b67.ltar
Mathlib.Algebra.Homology.Embedding.Basic	51531d947b6548a9.ltar
Mathlib.LinearAlgebra.RootSystem.BaseExists	55ccccd498088d52.ltar
Mathlib.CategoryTheory.Limits.Shapes.Products	566b461ea2e4362f.ltar
Mathlib.MeasureTheory.Function.LpSpace.Complete	b6dea0976ff377f3.ltar
Mathlib.LinearAlgebra.TensorPower.Pairing	ed4d9e54e7d05127.ltar
Mathlib.RingTheory.NonUnitalSubring.Basic	caac2e5c6d89392e.ltar
Mathlib.MeasureTheory.Measure.Haar.Quotient	a6bc39ec3da6eb39.ltar
Mathlib.Data.Fin.SuccPred	955540c8b53abd59.ltar
Mathlib.Algebra.SkewMonoidAlgebra.Support	0f6070173781f8da.ltar
Mathlib.LinearAlgebra.Basis.MulOpposite	9718fc4dfb850ab6.ltar
Mathlib.Analysis.Normed.Unbundled.FiniteExtension	46a3703b4a243b20.ltar
Mathlib.Algebra.Homology.ShortComplex.ModuleCat	861dfe0a67c7a4ab.ltar
Mathlib.Analysis.Complex.Basic	eacdc6f3d1d78db5.ltar
Mathlib.AlgebraicGeometry.Morphisms.LocalFlatDescent	99e14a997dda1785.ltar
Mathlib.CategoryTheory.Groupoid.FreeGroupoid	2373bb43f0d143e2.ltar
Mathlib.Topology.Category.Profinite.Nobeling.Span	b586b6efa79e8f43.ltar
Mathlib.Algebra.Homology.DerivedCategory.Ext.EnoughInjectives	b26649d61f5ee830.ltar
Mathlib.Geometry.Euclidean.Sphere.Tangent	dca222107369e070.ltar
Mathlib.Tactic.Linter.GlobalAttributeIn	81599c1788e3e1ff.ltar
Mathlib.Order.CompleteLattice.Chain	8b7ecd23e9615fdc.ltar
Mathlib.Topology.Sheaves.LocallySurjective	7801b1192be17099.ltar
Mathlib.Algebra.Order.Monoid.Unbundled.Units	df38dee2d7fe00ba.ltar
Mathlib.Order.OrderIsoNat	57a508dde88ac42d.ltar
Mathlib.Basic.Unique	b5b72b284a86ad4a.ltar
Mathlib.Data.List.Enum	970824dd5a9c8258.ltar
Mathlib.NumberTheory.SelbergSieve	ab5f9038381625e4.ltar
Mathlib.RingTheory.HopkinsLevitzki	99a0ed5b809cd34c.ltar
Mathlib.Data.Nat.Choose.Central	24b4942a19d82f08.ltar
Mathlib.CategoryTheory.Enriched.Limits.HasConicalLimits	6a3591c463ec573e.ltar
Mathlib.RingTheory.Adjoin.Basic	73e8e0abab047bb5.ltar
Mathlib.MeasureTheory.OuterMeasure.AE	41d1ab1f215bca87.ltar
Mathlib.Topology.Connected.PathConnected	23d7dccfe59e5489.ltar
Mathlib.Analysis.InnerProductSpace.l2Space	e960dec6d2817b3c.ltar
Mathlib.Combinatorics.Enumerative.Pentagonal.PowerSeries	437490bd46a92967.ltar
Mathlib.Order.Interval.Finset.Nat	cbb851429fbe28af.ltar
Mathlib.Data.PEquiv	7fc119462178770a.ltar
Mathlib.NumberTheory.ArithmeticFunction.Moebius	4be938450aa02dfe.ltar
Mathlib.Topology.Partial	3cc0a4898e4e1d5e.ltar
Mathlib.Analysis.Real.Pi.Leibniz	a5b8d6c8be87abb0.ltar
Mathlib.Topology.Category.TopCat.Limits.Cofiltered	c26b442dfc18b6ea.ltar
Mathlib.Order.SuccPred.CompleteLinearOrder	780eddc21b67e71d.ltar
Mathlib.MeasureTheory.Constructions.Pi	8fdd55394f2aa0d2.ltar
Mathlib.Analysis.ODE.Basic	9f901ca5c6918606.ltar
Mathlib.AlgebraicGeometry.Sites.BigZariski	694a92dfcbb742c9.ltar
Mathlib.SetTheory.Ordinal.Commute	b048897251a55d9f.ltar
Mathlib.Topology.Category.Profinite.Projective	d31ef36c14fb2a34.ltar
Mathlib.LinearAlgebra.Vandermonde	e88f2c0af933abe0.ltar
Mathlib.Algebra.Polynomial.Degree.TrailingDegree	b3737ab2867ba41d.ltar
Mathlib.Algebra.Group.PNatPowAssoc	26fa434173d48918.ltar
Mathlib.Algebra.Category.ModuleCat.Adjunctions	400e367cbb54dbf8.ltar
Mathlib.Topology.Algebra.IntermediateField	101a5b03bca9d0d8.ltar
Mathlib.Algebra.Category.ModuleCat.Presheaf.Limits	fe417b0afe6c69a0.ltar
Mathlib.FieldTheory.PurelyInseparable.AdjoinPthRoots	a4dead402d1b56f1.ltar
Mathlib.Analysis.Calculus.Deriv.AffineMap	301a23291e8fe612.ltar
Mathlib.Tactic.CategoryTheory.Bicategory.Basic	592507382773320b.ltar
Mathlib.Dynamics.TopologicalEntropy.CoverEntropy	299fd9da4fa78284.ltar
Mathlib.NumberTheory.LucasLehmer	99a737b75413ccda.ltar
Mathlib.Tactic.FunProp	02a927282c3d7a63.ltar
Mathlib.MeasureTheory.Function.StronglyMeasurable.Lemmas	46f007aac2447937.ltar
Mathlib.Topology.Algebra.Support	b4a64ada0fe760cf.ltar
Mathlib.Data.Multiset.Sections	e13b330126a2ae50.ltar
Mathlib.Algebra.IsPrimePow	06726dd8cdfe2407.ltar
Mathlib.RingTheory.SimpleModule.Rank	4b60a02c5cabbb35.ltar
Mathlib.MeasureTheory.Measure.FiniteMeasurePi	8879b3c0ffb75e0b.ltar
Mathlib.NumberTheory.GaussSum	2ad34fb104488b61.ltar
Mathlib.ModelTheory.LanguageMap	66d40d48b7caba24.ltar
Mathlib.Probability.Kernel.IonescuTulcea.Traj	ac04034b42dde557.ltar
Batteries.Data.Float.Rat	078189dd8638dd90.ltar
Mathlib.CategoryTheory.Functor.TypeValuedFlat	22464488ab53ac03.ltar
Mathlib.Data.Rat.Sqrt	a466caafd0a24d18.ltar
Mathlib.Algebra.Group.Commutator	0faeaa06655976ad.ltar
Mathlib.Condensed.Discrete.LocallyConstant	6de51da9a752bbb1.ltar
Mathlib.Tactic.Recover	14cc2e7d918154eb.ltar
Mathlib.RingTheory.RingHom.Flat	7ff9c8cfdc2f4092.ltar
Mathlib.Combinatorics.Matroid.Init	9f314107637e078f.ltar
Mathlib.RingTheory.Polynomial.IntegralNormalization	710efadcdcc3a50d.ltar
Mathlib.Analysis.Calculus.Deriv.Star	a784a3b02af6c24c.ltar
Mathlib.AlgebraicTopology.SimplexCategory.Augmented.Basic	6ab969a3abf623b1.ltar
Mathlib.RingTheory.Polynomial.Resultant.Basic	f8a49d20641cbbd2.ltar
Mathlib.Order.Filter.Ultrafilter.Basic	eb05dbfdd95ca9a0.ltar
Mathlib.Tactic.Inclusion.Extension.IntervalDyadicReal.Init	4ee631e6ab3de64a.ltar
Mathlib.Data.Set.Disjoint	82304ac827cf71ee.ltar
Mathlib.CategoryTheory.Limits.Constructions.Over.Connected	2df4882340ed3e42.ltar
Mathlib.Combinatorics.SimpleGraph.Connectivity.Connected	4db874c58cde7494.ltar
Mathlib.Tactic.ModuleNF	786c51bdfc1dec36.ltar
Mathlib.Probability.CentralLimitTheorem	8ba59ee3ed59bbf6.ltar
Mathlib.RingTheory.Polynomial.Content	4b10b1505d82f276.ltar
Aesop.Index.Forward	f02adabba1b67366.ltar
Mathlib.Analysis.Calculus.BumpFunction.Normed	df8fdd1b5f6aba5d.ltar
Mathlib.RingTheory.Bialgebra.Convolution	2cea891f5a1fb0bf.ltar
Mathlib.CategoryTheory.CopyDiscardCategory.Basic	d61dea288227cbfd.ltar
Mathlib.Topology.DenseEmbedding	124eae0fa25fcd6e.ltar
Mathlib.Data.FunLike.Basic	ddc769b65945bd96.ltar
Mathlib.Algebra.Regular.Pi	ef9c385ae4ae50c9.ltar
Mathlib.Probability.Kernel.SetIntegral	cbcea90269e20041.ltar
Mathlib.MeasureTheory.Integral.Lebesgue.Add	a665b90a13c2443d.ltar
Mathlib.CategoryTheory.Subterminal	adad3be05afbd0ee.ltar
Mathlib.Topology.Algebra.InfiniteSum.Field	9ace715900dda470.ltar
Aesop.RuleTac.Basic	6a7ab1432954e082.ltar
Mathlib.FieldTheory.PolynomialGaloisGroup	d1f281ca54702f59.ltar
Mathlib.Data.QPF.Multivariate.Constructions.Comp	1491782f0974725d.ltar
Mathlib.LinearAlgebra.Matrix.ZMatrix	fd4861fa953a6a38.ltar
Mathlib.CategoryTheory.Limits.Shapes.Opposites.Filtered	e1cc7908b7e8e518.ltar
Mathlib.CategoryTheory.Localization.Composition	86f1492e4cfc986f.ltar
Mathlib.RingTheory.TwoSidedIdeal.BigOperators	16a5c433fbe09e72.ltar
Mathlib.RingTheory.RingHom.FinitePresentation	44917a9e85dae824.ltar
Mathlib.CategoryTheory.Adjunction.Basic	350a2ff0585b892e.ltar
Mathlib.CategoryTheory.Monoidal.Closed.Braided	d5cdcbde9c56fd5a.ltar
Mathlib.Tactic.Linarith.Oracle.FourierMotzkin	082929cc6a9cb479.ltar
Mathlib.CategoryTheory.Extensive	f14f1938adb3f342.ltar
Aesop.Script.UScript	c76b3fcf8567a146.ltar
Mathlib.AlgebraicGeometry.Geometrically.Reduced	43c32a68cda851cd.ltar
Mathlib.Topology.Category.TopPair	101bdc201667d77a.ltar
Mathlib.FieldTheory.IsRealClosed.Basic	c2864a93de635c77.ltar
Mathlib.Algebra.FreeAbelianGroup.UniqueSums	3354d1c0654ffa3a.ltar
Mathlib.Algebra.Polynomial.EraseLead	e9b223d697033d3e.ltar
Mathlib.Algebra.Order.Group.Int.Sum	3e868ee9398ff95d.ltar
Mathlib.Order.Interval.Set.Image	e38e537321261727.ltar
Mathlib.CategoryTheory.Bicategory.Yoneda	8e83496d8ead4ee1.ltar
Mathlib.Algebra.GCDMonoid.IntegrallyClosed	d97f2fe868ce64d8.ltar
Mathlib.Topology.Algebra.Affine	ab4a4e095939a22b.ltar
Mathlib.Dynamics.Ergodic.AddCircleAdd	ae70972c8dc78d79.ltar
Mathlib.Analysis.Normed.Algebra.Exponential	647d15497dcf1640.ltar
Mathlib.Algebra.Field.ZMod	4fa2d3ba2cca4a46.ltar
Mathlib.CategoryTheory.Abelian.RightDerived	559c36de42430160.ltar
Mathlib.CategoryTheory.Comma.Basic	3a0796bac42d7962.ltar
Mathlib.CategoryTheory.Discrete.Basic	2a1c4d61a2b5b839.ltar
Mathlib.Algebra.Group.Invertible.Defs	689fd690157bf4ff.ltar
Mathlib.Topology.Algebra.Group.Pointwise	55e57f863ddeef46.ltar
Mathlib.CategoryTheory.Topos.Classifier	24759ffd4a285e68.ltar
Mathlib.Analysis.SpecificLimits.Fibonacci	a5ade79ccfe25d73.ltar
Mathlib.Algebra.GroupWithZero.Center	23ee042ae13f0f56.ltar
Mathlib.Algebra.BigOperators.Option	03965516ebc6fb63.ltar
Mathlib.Analysis.Calculus.IteratedDeriv.Analytic	ad84aa9d595840a5.ltar
Mathlib.Data.NNRat.Defs	cf168bfadb19562e.ltar
Mathlib.Probability.Martingale.BorelCantelli	7206092f3bde2482.ltar
Mathlib.RingTheory.PowerSeries.Catalan	3d3f1e5ec39cb41c.ltar
Mathlib.RingTheory.AlgebraicIndependent.RankAndCardinality	c9f3b93b0bde64bb.ltar
Mathlib.CategoryTheory.Sites.Point.Presheaf	100a7544d10d6d16.ltar
Mathlib.RingTheory.Spectrum.Prime.Topology	18aaf630e7cacf17.ltar
Mathlib.Algebra.DirectSum.Algebra	6e6f3a41096fb9a6.ltar
Mathlib.Algebra.AffineMonoid.Embedding	0d0484158edfc6fc.ltar
Mathlib.ModelTheory.Fraisse	8b4d644ced3628c1.ltar
Mathlib.CategoryTheory.Quotient.Linear	cd29c9a7819c65d6.ltar
Mathlib.CategoryTheory.Abelian.Basic	0c4cc786a9fd75d1.ltar
Mathlib.Analysis.SumIntegralExpDecay	c5cf02631f8ca355.ltar
Mathlib.Order.Interval.Finset.Box	bc75fe07248ba8dd.ltar
Mathlib.Algebra.Category.MonCat.Basic	8d404926d0504dee.ltar
Mathlib.Data.Finset.Prod	53577fc6950c70e2.ltar
Mathlib.CategoryTheory.Abelian.GrothendieckCategory.ModuleEmbedding.GabrielPopescu	dfeea98c784c4534.ltar
Mathlib.AlgebraicTopology.FundamentalGroupoid.SimplyConnected	2fc2e51fd2c24498.ltar
Mathlib.Algebra.Order.Ring.Cast	36ed913d4bf02a5a.ltar
Mathlib.LinearAlgebra.Matrix.Nonsingular	64b0c4f43f97864b.ltar
Mathlib.Tactic.Monotonicity.Attr	d8f09337bbe1c0be.ltar
Mathlib.Analysis.Convex.Function	20bcddfbae31a44e.ltar
Mathlib.RingTheory.Ideal.GoingDown	265f28229df45066.ltar
Mathlib.Topology.Category.Profinite.Nobeling.Basic	67b8ce10036e7468.ltar
Mathlib.MeasureTheory.Function.LpSpace.InfiniteSum	3e7ed71d1801fada.ltar
Mathlib.Data.Set.Restrict	6894a0dbb2ff2b45.ltar
Mathlib.Algebra.Order.GroupWithZero.Basic	f8299015b75facef.ltar
Mathlib.Combinatorics.SimpleGraph.Finite	a6d9746020c2b846.ltar
Mathlib.Geometry.Manifold.VectorBundle.CovariantDerivative.Torsion	87b5e714d4047b0e.ltar
Mathlib.RingTheory.TensorProduct.MonoidAlgebra	097770f40b1dd075.ltar
Mathlib.CategoryTheory.FiberedCategory.Cartesian	7d145b2ea92993f1.ltar
Mathlib.Control.Lawful	503ad3693c460e1e.ltar
Mathlib.Basic.Real.Sign	9dd3ae421996a759.ltar
Mathlib.CategoryTheory.Limits.Shapes.FiniteProducts	8782b0485bf4d2a1.ltar
Mathlib.AlgebraicGeometry.Cover.Over	bf633ef307c238c5.ltar
Mathlib.Data.Sym.Card	03c6b7019b0691e9.ltar
Mathlib.Algebra.MvPolynomial.Polynomial	a77821322f701197.ltar
Mathlib.RingTheory.LocalProperties.Basic	da3aef61115b100b.ltar
Mathlib.Analysis.Calculus.DifferentialForm.Basic	f846a80f56f8ca18.ltar
Mathlib.Tactic.Positivity	7c6ea85a2aa358a2.ltar
Mathlib.CategoryTheory.Monoidal.Internal.FunctorCategory	7e533a67a8d9d464.ltar
Mathlib.Analysis.Normed.Order.Hom.Basic	3eac05a9ce7f515f.ltar
Mathlib.Data.Set.MulAntidiagonal	26d38387ce5f65cd.ltar
Mathlib.Analysis.Real.Pi.Bounds	35d5af4348129d9f.ltar
Mathlib.SetTheory.Descriptive.Tree	da814c395eb072c9.ltar
Mathlib.MeasureTheory.Integral.RieszMarkovKakutani.NNReal	d8810a95ecda7bfb.ltar
Mathlib.Geometry.Euclidean.Angle.Unoriented.Affine	3ef285f90852ffea.ltar
Mathlib.Control.Functor.Multivariate	0c68af68c9a2dcf1.ltar
Mathlib.RingTheory.Etale.Pi	1dd19f9e74ccfcb8.ltar
Mathlib.Algebra.Order.Group.PartialSups	68d0dfb722c95ccb.ltar
Mathlib.RingTheory.Ideal.IsPrimary	8d780696a8f0b864.ltar
Mathlib.Algebra.Polynomial.Monomial	39dcec19293263b0.ltar
Mathlib.Probability.Kernel.RadonNikodym	3e81b296fb5d1e76.ltar
Mathlib.Algebra.Module.LocalizedModule.Exact	819ef42e14c10612.ltar
Mathlib.Algebra.Module.Submodule.LinearMap	d3378dc3e890b141.ltar
Mathlib.LinearAlgebra.AffineSpace.MidpointZero	92cadf387e617f11.ltar
Mathlib.CategoryTheory.Limits.Shapes.WidePullbacks	a27c43ab12674a2c.ltar
Mathlib.Data.Multiset.Replicate	95f85658e6174a35.ltar
Mathlib.Data.Set.Semiring	437e4bf411a1eff2.ltar
Mathlib.Algebra.Lie.Quotient	651a0b0a9a84d919.ltar
Mathlib.MeasureTheory.Group.Defs	dca922b78e15cd7c.ltar
Mathlib.RingTheory.Smooth.NoetherianDescent	72dadcb5ab6823a5.ltar
Mathlib.Probability.Kernel.Irreducible	743d304148115df0.ltar
Mathlib.Topology.Sheaves.Forget	a14abc322f653a54.ltar
Batteries.Data.HashMap	67e149ffe05cfcfa.ltar
Mathlib.CategoryTheory.GuitartExact.KanExtension	889b9ca60c4e7bce.ltar
Mathlib.Combinatorics.Additive.CovBySMul	7de06ab5cb23c4fd.ltar
Mathlib.Analysis.InnerProductSpace.StandardSubspace	f6d24c490f5f3619.ltar
Aesop.Builder.Constructors	14813d68172bcce2.ltar
Mathlib.Algebra.Lie.Basis	c16989425be3478a.ltar
Mathlib.Topology.Compactness.CompactlyCoherentSpace	5bd6a4274beb0277.ltar
Mathlib.Algebra.Group.EvenFunction	767f14c0c294d081.ltar
Mathlib.AlgebraicTopology.SimplexCategory.SemiSimplexCategory	7b44404db34a70cd.ltar
Mathlib.Algebra.Category.FGModuleCat.Limits	e6eb28a189352627.ltar
Mathlib.Algebra.Algebra.Equiv	c8a8f1a0b6e4c296.ltar
Mathlib.CategoryTheory.Quotient.LocallySmall	52783d77261fb35c.ltar
Mathlib.Util.ParseCommand	165a2228f1ff6fd2.ltar
Mathlib.Analysis.Normed.Module.Multilinear.Curry	42fa23811483ac66.ltar
Plausible	71d22d5a4c7c68d9.ltar
Mathlib.RingTheory.Spectrum.Prime.Module	8b72b3c42382ba5d.ltar
Mathlib.CategoryTheory.Category.Factorisation	d05f7f6836582dda.ltar
Mathlib.CategoryTheory.ObjectProperty.CompleteLattice	7b125df63cf079e7.ltar
Mathlib.AlgebraicTopology.FundamentalGroupoid.Basic	ffcae386e2dc5e57.ltar
Mathlib.RingTheory.MvPowerSeries.Ideal	ad661b20cb775120.ltar
Mathlib.Data.ENNReal.Lemmas	8bd05ff17ac1f021.ltar
Mathlib.Analysis.Polynomial.Order	c013eafb788041bf.ltar
Mathlib.Data.Nat.MaxPowDiv	c3cf8095e5ed2427.ltar
Mathlib.Topology.Ultrafilter	8d1c827bd0af25ac.ltar
Mathlib.Analysis.Normed.Group.AddCircle	00116958b45dc3be.ltar
Mathlib.CategoryTheory.Products.Bifunctor	553ee61503c00442.ltar
Mathlib.MeasureTheory.Group.AEStabilizer	00e7e0a98de4c357.ltar
Mathlib.CategoryTheory.Limits.Shapes.Pullback.PullbackObjObj	a0adb93b8e8eec1d.ltar
Mathlib.LinearAlgebra.Finsupp.Supported	08a906b71036802e.ltar
Mathlib.Tactic.Ring.RingNF	3d83fe7f80fa46ab.ltar
Mathlib.Analysis.Normed.Unbundled.AlgebraNorm	b40bbea8ec2e0aa8.ltar
Mathlib.Data.Nat.Choose.Cast	69422fb9837182b2.ltar
Mathlib.Topology.Homeomorph.TransferInstance	7821ba3b464de7b0.ltar
Aesop.BuiltinRules.ApplyHyps	410f30dde2313974.ltar
Mathlib.CategoryTheory.LiftingProperties.Basic	c3ed88c8a8e0795a.ltar
Mathlib.Tactic.ComputeAsymptotics.Multiseries.Defs	240de1724ba5c578.ltar
Mathlib.NumberTheory.NumberField.DirichletDensity	7e4f1be0f3258271.ltar
Mathlib.CategoryTheory.Limits.Shapes.Reflexive	d63a96dab6c2a02a.ltar
Mathlib.Analysis.Complex.UpperHalfPlane.FunctionsBoundedAtInfty	5d95fbf6aa29c4c6.ltar
Mathlib.Analysis.Normed.Operator.ContinuousAlgEquiv	99807b3d5326226d.ltar
Mathlib.Analysis.BoxIntegral.Basic	0eae22d8f008446d.ltar
Mathlib.CategoryTheory.Limits.Shapes.Terminal	f4552306b0ee835b.ltar
Mathlib.Tactic.Translate.Reorder	08064e38865210f1.ltar
Mathlib.GroupTheory.Subsemigroup.Center	59866ae6498119b2.ltar
Mathlib.Analysis.Normed.Field.Approximation	b371f9722a00896d.ltar
Mathlib.CategoryTheory.Category.GaloisConnection	9f5040be8bc91b0d.ltar
Mathlib.LinearAlgebra.QuadraticForm.TensorProduct	263d0f82657251b0.ltar
Mathlib.GroupTheory.Submonoid.Centralizer	9771dc126037b0c7.ltar
Mathlib.LinearAlgebra.Projectivization.Independence	f7e3bbcd5e72f12f.ltar
Mathlib.Data.Nat.Prime.Infinite	5f7175f068748324.ltar
Batteries.Data.Char	43214f33e3588056.ltar
Mathlib.Tactic.DeprecateTo	d6ebcdb9989a4088.ltar
Mathlib.CategoryTheory.Localization.DerivabilityStructure.DerivesTriangulated	60e5b79236f733c9.ltar
Mathlib.Topology.Algebra.Algebra.Equiv	88c67e1af58d332c.ltar
Mathlib.Lean.Json	69a462e3cb1ef5d7.ltar
Mathlib.Analysis.Complex.Tietze	5963c595700b3906.ltar
Mathlib.Logic.Function.Defs	f1d7d84a809d72a9.ltar
Mathlib.MeasureTheory.Covering.Besicovitch	08f225442cd8f4d8.ltar
Mathlib.Tactic.Inclusion.Core.DiscrTreeExt	cb9fa3a661a53442.ltar
Mathlib.LinearAlgebra.Basis.Prod	a32b975226c2b705.ltar
Mathlib.Analysis.Complex.JensenFormula	3d99d58d994f19af.ltar
Mathlib.MeasureTheory.Integral.Lebesgue.Map	80ec30e5ccd10474.ltar
Mathlib.Algebra.GroupWithZero.Subgroup	5a98451bb4bc89fc.ltar
Mathlib.Algebra.CharP.IntermediateField	2792f3eb4c922723.ltar
Mathlib.Combinatorics.SimpleGraph.Clique	95b8d27b202071e5.ltar
Mathlib.ModelTheory.PartialEquiv	ccfa670cc41cea76.ltar
Mathlib.FieldTheory.SplittingField.IsSplittingField	d7cc6d09abf1c4cc.ltar
Mathlib.Data.Finmap	14ab510bedfac556.ltar
Mathlib.Order.Filter.TendstoCofinite	719b8a4408cd2966.ltar
Mathlib.RingTheory.Flat.TorsionFree	aad7247d28c15381.ltar
Mathlib.Analysis.Convex.Topology	0032ac03a797fe75.ltar
Mathlib.Tactic.Linarith.Oracle.SimplexAlgorithm	340aa06a6c21eb4f.ltar
Qq	5f8d21f91d154311.ltar
Mathlib.AlgebraicGeometry.ZariskisMainTheorem	d1e433ed4660c7c3.ltar
Mathlib.Topology.UniformSpace.Equiv	4a8ea7ded0d4e47c.ltar
Mathlib.LinearAlgebra.Matrix.ToLin	fd79f49e89dbd86f.ltar
Mathlib.Analysis.Matrix.LDL	09cccd4bc41be569.ltar
Mathlib.Order.Category.OmegaCompletePartialOrder	846fd225065b96b4.ltar
Mathlib.AlgebraicTopology.DoldKan.Decomposition	71a76a7992ea4bd1.ltar
Mathlib.AlgebraicGeometry.Group.Smooth	a77db6da6c31b940.ltar
Mathlib.Combinatorics.SimpleGraph.Regularity.Uniform	caf180407cc367d7.ltar
Mathlib.Topology.UniformSpace.Cauchy	ead19738d74d894b.ltar
Mathlib.Topology.Algebra.LinearMapCompletion	cb6bd4ba52d24f19.ltar
Mathlib.SetTheory.Cardinal.ToNat	ab66e2bae82c4e16.ltar
Mathlib.Analysis.Oscillation	0771dc196a103bc3.ltar
Mathlib.Analysis.Complex.RemovableSingularity	da035483fea2b799.ltar
Mathlib.ModelTheory.Graph	f9edf7e6f37b8a9e.ltar
Mathlib.Combinatorics.SimpleGraph.AdjMatrix	23b65b20cea1e5e1.ltar
Mathlib.Analysis.SpecialFunctions.Sqrt	5939258473e3765c.ltar
Mathlib.Tactic.Order.Graph.Basic	cf8e3c0a24ff0087.ltar
Aesop.Percent	8c303427d973d631.ltar
Mathlib.ModelTheory.Arithmetic.Presburger.Basic	457652c8c4dc04ea.ltar
Aesop.BuiltinRules.DestructProducts	35d4a77e53a311f5.ltar
Mathlib.SetTheory.Ordinal.Topology	02da76643b6874f7.ltar
Mathlib.Geometry.Convex.ConvexSpace.Module	36013669f5bd3df0.ltar
Mathlib.NumberTheory.EulerProduct.Basic	89b4a1de724d1573.ltar
Mathlib.Analysis.Complex.Norm	099cc1c5b5683f23.ltar
Mathlib.Combinatorics.SimpleGraph.Ends.Defs	e38e72cec824bb40.ltar
Mathlib.CategoryTheory.Groupoid.Subgroupoid	ec3bffa10db2fabf.ltar
Mathlib.Algebra.Ring.ULift	83a9a27a213e64e1.ltar
Mathlib.Algebra.Homology.Opposite	c3a31a9cf84aae2e.ltar
Mathlib.Algebra.MvPolynomial.Coeff	a6e883a0387a9c27.ltar
Mathlib.Data.Nat.Factors	33c398ce6a5b5360.ltar
Mathlib.CategoryTheory.Monoidal.Action.Basic	0150608dec68684d.ltar
Mathlib.Algebra.Regular.ULift	9419e6f1cbb9fca8.ltar
Mathlib.Order.SuccPred.Basic	f432107f48d6de35.ltar
Mathlib.Algebra.Group.Int.Defs	b0beeaeae4fbc196.ltar
Mathlib.RingTheory.HopfAlgebra.Convolution	48f42dac936eba39.ltar
Mathlib.FieldTheory.JacobsonNoether	36a0624d0b9cdfdc.ltar
Mathlib.Analysis.SpecialFunctions.NonIntegrable	52c74228cb86d4bb.ltar
Batteries.Data.MLList.Heartbeats	305e3dea100b9d3b.ltar
Mathlib.RingTheory.KrullDimension.Module	b3a072d6b4c1b471.ltar
Mathlib.Topology.Algebra.ContinuousAffineMap	c76d456d1939a1b1.ltar
Mathlib.MeasureTheory.Measure.Decomposition.RadonNikodym	17c1dc2ac1b6a6a1.ltar
Mathlib.Order.Filter.IsBounded	2baf9ea8964878db.ltar
Mathlib.FieldTheory.TranscendentalSeparable	f1bacc34b2aa88b8.ltar
Mathlib.RingTheory.LocalRing.ResidueField.Fiber	f98e03e8969caa3c.ltar
Mathlib.CategoryTheory.ConcreteCategory.Representable	01890f45d7ca55d0.ltar
Mathlib.Algebra.Algebra.Subalgebra.Order	3f6d708e9b2a81de.ltar
Mathlib.Probability.Process.Stopping	9c8fad64fc6e34c1.ltar
Mathlib.Geometry.Manifold.IsManifold.InteriorBoundary	306760211364879a.ltar
Mathlib.Analysis.SpecialFunctions.Integrals.LogTrigonometric	ee66df648642069e.ltar
Mathlib.Algebra.Algebra.Shrink	bc633cc8053aaf06.ltar
Mathlib.CategoryTheory.Localization.CalculusOfFractions.OfAdjunction	339a75450351df02.ltar
Mathlib.Tactic.Bound.Attribute	28daf4dd3e6ab6de.ltar
Mathlib.Data.Finset.Lattice.Pi	6afa8e72737fadc1.ltar
Mathlib.Topology.ContinuousMap.Basic	aee1807850353d76.ltar
Mathlib.Tactic.NormNum.NatSqrt	e66bffc669030d23.ltar
Mathlib.CategoryTheory.Sites.Sieves.Presheaf	90efde426621ef42.ltar
Mathlib.Algebra.Homology.Embedding.Extend	d3563cf27132e5f0.ltar
Mathlib.Topology.ContinuousMap.LocallyConstant	9400288cce78c964.ltar
Mathlib.Util.TransImports	85ac98357428a0ee.ltar
Mathlib.CategoryTheory.Monoidal.Cartesian.Over	5b1a85f823a1870a.ltar
Mathlib.Analysis.SumIntegralComparisons	7985f66d73c04d82.ltar
Mathlib.LinearAlgebra.SesquilinearForm.Orthogonal	8d32d9e5611b1228.ltar
Mathlib.AlgebraicTopology.SimplicialSet.Path	7478ee3932ae4179.ltar
Mathlib.Analysis.NormedSpace.OperatorNorm.NNNorm	09e2e46901667cb7.ltar
Mathlib.CategoryTheory.Adjunction.AdjointFunctorTheorems	ebea8180611b6871.ltar
Mathlib.InformationTheory.KullbackLeibler.KLFun	8da19bad9dfd66e0.ltar
Mathlib.RingTheory.DedekindDomain.Ideal.Basic	6176cf26bfe8f522.ltar
Mathlib.Order.MinMax	a33809da05fe0fc2.ltar
Mathlib.Algebra.Order.Group.Opposite	5b607bf67b3d3ff9.ltar
Batteries.Data.HashMap.Basic	32b7abdfaeffae3b.ltar
Mathlib.NumberTheory.ModularForms.EisensteinSeries.QExpansion	b1dee2779ba54f86.ltar
Mathlib.MeasureTheory.Function.Piecewise	207b9a57e238fa6e.ltar
Mathlib.RingTheory.LocalRing.Length	ef3f0db742116e32.ltar
Mathlib.LinearAlgebra.StdBasis	441923d4e52c7785.ltar
Mathlib.CategoryTheory.Monoidal.Center	8bf0b22eb3904167.ltar
Mathlib.Data.Sym.NatCard	eaf6fcbb129752d1.ltar
Mathlib.AlgebraicTopology.FundamentalGroupoid.InducedMaps	36d9de9c4dbc04d1.ltar
Mathlib.Tactic.NormNum.DivMod	4e4fdb113fcd60e8.ltar
Mathlib.Probability.Kernel.Disintegration.Integral	c69ae516b92ea25f.ltar
Batteries.Data.Vector.Lemmas	1b90d0414bb1d1e1.ltar
Mathlib.Data.FunLike.Group	7dbf711c21e5b458.ltar
Mathlib.LinearAlgebra.Goursat	107f371ecf47c2f5.ltar
Mathlib.RingTheory.Flat.FaithfullyFlat.Basic	a16cc811907e26a5.ltar
Mathlib.Algebra.SkewMonoidAlgebra.Single	00157ef026a919c4.ltar
Mathlib.RingTheory.Perfectoid.BDeRham	fd0106ba93cc7b04.ltar
Mathlib.Dynamics.BirkhoffSum.Average	467406e80e36392d.ltar
Mathlib.Topology.PreorderRestrict	7753955cd9d6db1a.ltar
Mathlib.RingTheory.MvPolynomial.Basic	3285a10eebbd3ce6.ltar
Mathlib.Combinatorics.Graph.Lattice	c7aa883448e19026.ltar
Mathlib.MeasureTheory.Constructions.Polish.StronglyMeasurable	4c99baf2afc7f6c3.ltar
Mathlib.Geometry.Manifold.Instances.UnitsOfNormedAlgebra	23f2e5c92347d26e.ltar
Batteries.Data.Nat.Basic	9056531b85d09e05.ltar
Mathlib.Geometry.RingedSpace.Basic	386c68f4987091f5.ltar
Mathlib.RingTheory.MvPolynomial.Ideal	9ffc08d05efd6cc3.ltar
Batteries.Lean.Meta.DiscrTree	d0b7e3e9b4aa38ed.ltar
Mathlib.AlgebraicTopology.ModelCategory.Over	814925c9949ec607.ltar
Batteries.Linter	cc20b663a27881dd.ltar
Mathlib.Topology.Sheaves.Flasque	683fae6ddbd40065.ltar
Mathlib.Basic.TwoPointing	83892553979cfc36.ltar
Mathlib.Algebra.ContinuedFractions.Determinant	1655a51006c6d301.ltar
Mathlib.Analysis.SpecialFunctions.Trigonometric.Chebyshev.RootsExtrema	952700a45c1a683b.ltar
Mathlib.Analysis.BoxIntegral.DivergenceTheorem	980a841c005c64a0.ltar
Mathlib.Algebra.Group.Subgroup.Order	8044cc40f7a43e4f.ltar
Batteries.Lean.Json	f57af9025f95cf8c.ltar
Mathlib.CategoryTheory.Sites.Hypercover.Homotopy	915c8d8e33b4ee5f.ltar
Mathlib.FieldTheory.RatFunc.AsPolynomial	95f7515d495c4d57.ltar
Mathlib.CategoryTheory.Galois.Equivalence	20034a6bf6331344.ltar
Mathlib.Data.EReal.Basic	3a15d69e9e3fbed3.ltar
Mathlib.Topology.LocallyFinite	829ba53113b1fe85.ltar
Mathlib.Analysis.SpecialFunctions.Trigonometric.InverseDeriv	2796a22f6e959bcf.ltar
Mathlib.Algebra.Algebra.Subalgebra.Centralizer	fcb7fe9216f69181.ltar
Mathlib.CategoryTheory.Sites.Sheaf	d2f3df68617f6d95.ltar
Mathlib.MeasureTheory.Measure.Typeclasses.Probability	d08f7b82ab947b70.ltar
Mathlib.CategoryTheory.Limits.Fubini	0526c7ead111ef30.ltar
Mathlib.Data.Finsupp.Weight	f8a9932865bd48eb.ltar
Mathlib.Analysis.Calculus.FDeriv.Measurable	a9d87cace783b9c2.ltar
Mathlib.Algebra.Category.ModuleCat.Sheaf	e8ae699ffe0aaedc.ltar
Mathlib.Analysis.Complex.Angle	fd47323ee1f55509.ltar
Mathlib.Tactic.NormNum.LegendreSymbol	63aea88da1ffbfe0.ltar
Mathlib.Data.Seq.Computation	ce8f6a193e010f76.ltar
Mathlib.Algebra.Order.PUnit	70d198703c661ef0.ltar
Mathlib.Algebra.Notation.Support	e5fd2e3a783dd531.ltar
Mathlib.Algebra.Module.Basic	c6f462aa278c315d.ltar
Mathlib.Algebra.Category.FGModuleCat.Abelian	8b729d19f36b9ee2.ltar
Mathlib.RingTheory.Ideal.Pure	6a57b747b20d55c6.ltar
Mathlib.Analysis.Normed.Lp.Finsupp	4b71fba61c30ce0d.ltar
Mathlib.Algebra.Category.AlgCat.Limits	18f1066968cd948f.ltar
Mathlib.Combinatorics.SetFamily.Kleitman	41cf146e9603ef14.ltar
Mathlib.CategoryTheory.Bicategory.Opposites	cc2bcf92d188bddf.ltar
Mathlib.Topology.Algebra.ProperConstSMul	cd5da4fcc276f8db.ltar
Mathlib.Algebra.Ring.Periodic	0ad81e9343ad178e.ltar
Mathlib.AlgebraicGeometry.Morphisms.QuasiFinite	6907ae560c18a181.ltar
Mathlib.Probability.Kernel.Composition.CompNotation	341ea28afd29247c.ltar
Mathlib.NumberTheory.Transcendental.Liouville.LiouvilleNumber	39b36a73a1a33f7b.ltar
Mathlib.Algebra.Quaternion	b8734e6894f18d09.ltar
Mathlib.Algebra.Group.Ideal	cc6002414a515c72.ltar
Mathlib.RingTheory.Polynomial.IsIntegral	737ef8f89ccd34ae.ltar
Mathlib.Algebra.Order.Archimedean.Defs	d61d56d3de55679c.ltar
Mathlib.Tactic.LinearCombinationPrime	2f51ea1a2b9a5bf5.ltar
Mathlib.Analysis.Real.Pi.Chudnovsky	e872beb9ca83b5e5.ltar
Mathlib.RingTheory.FiniteType	ea3b7448cdd60dcf.ltar
Mathlib.Tactic.Translate.TagUnfoldBoundary	1b6d58d89720f023.ltar
Mathlib.Analysis.SpecialFunctions.Pochhammer	de457a4bd174920a.ltar
Mathlib.AlgebraicGeometry.Stalk	8560dd5be7b74925.ltar
Mathlib.Analysis.Normed.Module.Dual	081e08b8cb9530d1.ltar
Mathlib.RingTheory.AlgebraTower	748a848c0a5f8f12.ltar
Mathlib.Analysis.Distribution.Support	325fed209aa9c0c1.ltar
Mathlib.CategoryTheory.Category.Init	b2f53866f561f670.ltar
Mathlib.AlgebraicTopology.ModelCategory.FibrantObjectHomotopy	2e906432f729b0f5.ltar
Batteries.Lean.AttributeExtra	5539979096658bcd.ltar
Mathlib.Basic.NNReal.Star	df7546a196d998c9.ltar
Mathlib.CategoryTheory.Limits.FilteredColimitCommutesFiniteLimit	095e580179b1b12e.ltar
Mathlib.Tactic.Simps.NotationClass	d1089029652442b6.ltar
Mathlib.Analysis.Normed.Operator.Mul	af415ed5d7604174.ltar
Mathlib.Algebra.Group.Hom.Defs	a2cd02f4be7ef682.ltar
Mathlib.MeasureTheory.Measure.NullMeasurable	d57f6291d05b5b12.ltar
Mathlib.CategoryTheory.Galois.Basic	2e79505b073afec8.ltar
Mathlib.Algebra.Polynomial.Module.TensorProduct	9be1e73102c49fe9.ltar
Mathlib.CategoryTheory.Bicategory.Functor.Pseudofunctor	7340fc65f3fe8941.ltar
Mathlib.Topology.UniformSpace.Basic	f1474f6173a684d7.ltar
Mathlib.Condensed.Light.CartesianClosed	7ba3581853286373.ltar
Mathlib.Geometry.Manifold.Algebra.Monoid	1c6f06fcb8790c50.ltar
Mathlib.Computability.TuringMachine.ToPartrec	5c1a98585060903e.ltar
Mathlib.Topology.UnitInterval	f8080d5ba7256ddd.ltar
Mathlib.Analysis.Complex.MeanValue	097130e9e6d415f7.ltar
Mathlib.Combinatorics.Hypergraph.Basic	4fd25b4e07c84bf4.ltar
Batteries.Lean.Meta.Simp	f1305b8f2b5b05ad.ltar
Mathlib.Algebra.Module.Submodule.EqLocus	a64399d8b62cc3c0.ltar
Mathlib.Algebra.Order.Rearrangement	b10096037efebab6.ltar
Mathlib.Analysis.Analytic.Uniqueness	6bb1ebab8e22b8eb.ltar
Mathlib.Topology.Homotopy.TopCat.ZerothHomotopy	21b1e2636ed9dd19.ltar
Mathlib.RepresentationTheory.Homological.GroupHomology.LowDegree	534175437d209269.ltar
Mathlib.Topology.Algebra.Monoid.Defs	897d5bee314eb9ea.ltar
Mathlib.FieldTheory.Cardinality	3c7ef04b6e20800e.ltar
Mathlib.SetTheory.Ordinal.FundamentalSequence	98582ddfe17fd8cf.ltar
Mathlib.LinearAlgebra.Matrix.Determinant.Misc	b9e9e97aa5752a7f.ltar
Mathlib.Algebra.Order.Group.OrderIso	b4e7efaf20f4cafe.ltar
Mathlib.MeasureTheory.Integral.PeakFunction	2ca2664b608f4fce.ltar
Mathlib.Algebra.FiveLemma	92106146b08436b8.ltar
Mathlib.Topology.PartialHomeomorph.Basic	772f924ecddd93f0.ltar
Mathlib.Analysis.CStarAlgebra.PositiveLinearMap	5fd71673608f73bf.ltar
Mathlib.Topology.Algebra.Field	3c89cabfb05aba0f.ltar
Mathlib.RingTheory.SimpleRing.Defs	9b0037c633b22b3b.ltar
Mathlib.Probability.Independence.Process.HasIndepIncrements.Basic	4374bb9464291ee4.ltar
Mathlib.Algebra.Group.MinimalAxioms	3d2b7846d0209bfa.ltar
Mathlib.Topology.Instances.ENNReal.ENatENNReal	1401360fc00c6f76.ltar
Mathlib.SetTheory.Cardinal.EventuallyConst	15b268aecc10af9f.ltar
Mathlib.GroupTheory.CommutingProbability	65caac7c24a5e731.ltar
Mathlib.Tactic.Group	de650f1038acfb76.ltar
Mathlib.Data.Multiset.Sum	d74afbb5792dcd18.ltar
Mathlib.AlgebraicTopology.SimplicialSet.AnodyneExtensions.PairingCore	55106455e9df8afb.ltar
Mathlib.Algebra.Group.Hom.CompTypeclasses	cd3053f3fc80cc7c.ltar
Mathlib.CategoryTheory.Abelian.Projective.Dimension	10d9044877ef1835.ltar
Mathlib.Algebra.Module.Equiv.Defs	38902af19bd09904.ltar
Mathlib.Geometry.Convex.ConvexSpace.AffineMap	9c5ea450e6f9fda4.ltar
Mathlib.CategoryTheory.Types.Epimorphisms	d5e048fe260702b5.ltar
Mathlib.NumberTheory.Ostrowski	ca2619bbc79845fb.ltar
Mathlib.RingTheory.Localization.Algebra	0d33d78a14fa535f.ltar
Mathlib.CategoryTheory.ObjectProperty.ShiftAdditive	e135afb0902149d6.ltar
Mathlib.CategoryTheory.Limits.Shapes.Pullback.Square	67fa1f04b1c99059.ltar
Mathlib.Combinatorics.Quiver.Path.Decomposition	2cf7395882f19623.ltar
Mathlib.RingTheory.TensorProduct.IsBaseChangePi	1daf1356eca53199.ltar
Mathlib.RingTheory.UniqueFactorizationDomain.ClassGroup	04163df0138edb6c.ltar
Mathlib.Algebra.Lie.Solvable	5ee1f7d20f58544d.ltar
Mathlib.Data.Rat.BigOperators	eef771a5e1b1f193.ltar
Mathlib.CategoryTheory.EssentiallySmall	9d4f7624777ee0cc.ltar
Mathlib.Tactic.FieldSimp	35eebe45a5699e0f.ltar
Mathlib.Algebra.Module.Presentation.Free	7949728a56d4dcc5.ltar
Mathlib.ModelTheory.Bundled	e85dc46463d04383.ltar
Mathlib.Geometry.Manifold.Riemannian.PathELength	801b034231b3c652.ltar
Mathlib.Data.PFunctor.Univariate.Basic	a1d47822cfd9aa89.ltar
Mathlib.Algebra.Module.Submodule.Basic	d8b7bbc9c1fead51.ltar
Mathlib.Combinatorics.Enumerative.Pentagonal	d0faae76729ff677.ltar
Batteries.Data.MLList.IO	e296ab1239f106cf.ltar
Mathlib.Order.UpperLower.LocallyFinite	2d64af8c17400675.ltar
Mathlib.CategoryTheory.Galois.Prorepresentability	a09bfd8f87d19aa5.ltar
Mathlib.Analysis.Normed.Module.ContinuousInverse	969f665b68fcf502.ltar
Mathlib.CategoryTheory.Triangulated.SpectralObject	07127852dfac03c2.ltar
Mathlib.RingTheory.Ideal.CotangentBaseChange	d4709058c4911c80.ltar
Mathlib.GroupTheory.Generators	ac943efe93f52893.ltar
Mathlib.RingTheory.WittVector.Identities	5d2f3fabae82e62d.ltar
Mathlib.Algebra.Homology.ShortComplex.Abelian	750363aa28e0367f.ltar
Mathlib.Analysis.Calculus.IteratedDeriv.WithinZpow	42e09773e3d34209.ltar
Mathlib.LinearAlgebra.AffineSpace.AffineSubspace.Basic	9b8ecda914c66172.ltar
Mathlib.SetTheory.Ordinal.Arithmetic	02119c024600d103.ltar
Mathlib.Topology.PartialHomeomorph.Defs	9b49dfa952892087.ltar
Mathlib.Tactic.Nontriviality.Core	2de3315b7b6bb41c.ltar
Mathlib.RingTheory.Etale.QuasiFinite	f229d184fb5b06f3.ltar
Mathlib.GroupTheory.Coset.Defs	a27222daf5d01651.ltar
Mathlib.CategoryTheory.Presentable.CardinalPure	6a855ef17b860a8d.ltar
Mathlib.Combinatorics.Digraph.Basic	4000ccdbc9ef3e2c.ltar
Mathlib.AlgebraicGeometry.FunctionField	9c49fb9d76f78ad0.ltar
Mathlib.CategoryTheory.PathCategory.Basic	3497aef5664310d7.ltar
Mathlib.AlgebraicTopology.ModelCategory.DerivabilityStructureFibrant	b464cee43a732c16.ltar
Mathlib.RingTheory.LocalRing.NonLocalRing	e3cb0df00d771a74.ltar
Mathlib.Order.Heyting.Basic	42dad507bbe4bd1e.ltar
Mathlib.Algebra.Group.Subgroup.Finite	415767b3ac40e4b4.ltar
Mathlib.AlgebraicGeometry.ValuativeCriterion	ca8c55e4a184de0b.ltar
Mathlib.CategoryTheory.FinCategory.Basic	a6b864774f781983.ltar
Mathlib.RingTheory.Norm.Defs	38b01d36d80d16d9.ltar
Mathlib.Algebra.Order.Group.Cone	65d90b7ad0a8db44.ltar
Mathlib.Data.Int.ModEq	a3b69625062a8309.ltar
Mathlib.CategoryTheory.Enriched.Limits.HasConicalProducts	6e42ac7c52c9a9db.ltar
Mathlib.Tactic.ArithMult	ea755f2618c1c299.ltar
Mathlib.Algebra.Order.Floor.Semiring	4314f18e19d5b6c1.ltar
Mathlib.Tactic.Echelon.Bareiss	65ed63fc17bdb6ea.ltar
Mathlib.Algebra.Group.Prod	7ff50e4eadbe9ce8.ltar
Mathlib.LinearAlgebra.Projectivization.Constructions	c121fb97d318afe8.ltar
Mathlib.NumberTheory.NumberField.CMField	1d172e9fd86fce62.ltar
Mathlib.RingTheory.GradedAlgebra.AlgHom	df8c800338bcd17f.ltar
Mathlib.Analysis.Asymptotics.TVS	d5f4ae5e436ada41.ltar
Mathlib.LinearAlgebra.Matrix.GeneralLinearGroup.Basic	360b162aabf5b79a.ltar
Mathlib.Analysis.Convex.Approximation	ea33fdce457683ba.ltar
Mathlib.Algebra.EuclideanDomain.Field	cb8e3682a0b2b4a8.ltar
Mathlib.RingTheory.Polynomial.Eisenstein.IsIntegral	f4c35652d15aca45.ltar
Mathlib.Algebra.Group.Action.TransferInstance	4716dc280ecc3fef.ltar
Mathlib.RingTheory.Ideal.HasGoingUp	cf882a26a3141a0f.ltar
Mathlib.Data.Finsupp.Multiset	31444d5488c1a862.ltar
Mathlib.LinearAlgebra.Basis.Defs	22ad6e6065920a48.ltar
Mathlib.Analysis.CStarAlgebra.GelfandDuality	b5b239d4bdc852a5.ltar
Mathlib.InformationTheory.Hamming	4c5be850f3c181b5.ltar
Mathlib.CategoryTheory.Limits.Types.Filtered	2751f893a66e0bd3.ltar
Mathlib.LinearAlgebra.Multilinear.DirectSum	a07ed2096967f14a.ltar
Mathlib.RingTheory.RingHom.OpenImmersion	261b8811f263503c.ltar
Mathlib.CategoryTheory.Preadditive.SingleObj	ede060ed325b64b9.ltar
Mathlib.Tactic.Translate.Core	88ab86dbc3449e97.ltar
Mathlib.Topology.Algebra.InfiniteSum.NatInt	c66b96e98b2019e6.ltar
Mathlib.Topology.Instances.ZMultiples	8d94a2ec2dda0c8e.ltar
Mathlib.CategoryTheory.Functor.ReflectsIso.Balanced	c0c0353265c9b999.ltar
Mathlib.Data.Set.List	6f77e8472029ad6e.ltar
Mathlib.Combinatorics.Enumerative.Catalan.Basic	cf59531c76f3a0de.ltar
Mathlib.CategoryTheory.Abelian.GrothendieckCategory.HasExt	d79cb013088f0454.ltar
Mathlib.Data.Nat.ChineseRemainder	68887d2864179c43.ltar
Mathlib.Order.SuccPred.Limit	881b27c3f86f4648.ltar
Mathlib.Data.Finsupp.Single	db65ef2d73a405f3.ltar
Mathlib.Analysis.Normed.Group.Uniform	c9aa879e4f395216.ltar
Mathlib.Analysis.InnerProductSpace.Orientation	cea91cee9db6d698.ltar
Batteries.CodeAction.Deprecated	48abd7a73ccf49d8.ltar
Mathlib.Geometry.Manifold.VectorBundle.FiberwiseLinear	7f41128f0e7b2d66.ltar
Mathlib.Algebra.Group.Subgroup.Lattice	1ab52be98b6d2e20.ltar
Mathlib.RingTheory.Adjoin.PowerBasis	491ea9da1be7a001.ltar
Mathlib.CategoryTheory.LiftingProperties.Over	147e22962d69c44f.ltar
Mathlib.RingTheory.Derivation.DifferentialRing	c6eda53116fd0032.ltar
Mathlib.NumberTheory.PrimeCounting	64eed8da23f2d5b8.ltar
Mathlib.Analysis.Calculus.TangentCone.Real	c2c024dd417667fc.ltar
Mathlib.FieldTheory.Minpoly.IsConjRoot	b8217eb4546f0b51.ltar
Mathlib.Algebra.Category.Grp.FiniteGrp	c487c687c314fe4d.ltar
Mathlib.Analysis.Calculus.LHopital	9aae18e94f01485b.ltar
Mathlib.Topology.MetricSpace.Algebra	10120e989c245b58.ltar
Mathlib.RingTheory.Congruence.Opposite	c47c2b0f0fdb0ced.ltar
Mathlib.Algebra.Group.Pointwise.Finset.Density	b83665ac74ab14c8.ltar
Mathlib.Order.Interval.Finset.SuccPred	76faf8086eb9a581.ltar
Mathlib.Analysis.Normed.Module.Alternating.Uncurry.Fin	d7cf9a9dcde6ed04.ltar
Mathlib.RingTheory.LocalRing.ResidueField.Basic	02b05fc968ab0ab3.ltar
Mathlib.AlgebraicGeometry.ProjectiveSpectrum.StructureSheaf	3e123a474fb6a96d.ltar
Mathlib.Control.LawfulFix	fd0b3c6566c4781b.ltar
Mathlib.Algebra.Ring.Hom.InjSurj	4da43cfef646600d.ltar
Mathlib.Algebra.Homology.CommSq	47b8f4e4480fb7b5.ltar
Aesop.Tree.ExtractProof	c32749b99fb6965a.ltar
Mathlib.Order.Filter.AtTopBot.Defs	d71d196a14005f8d.ltar
Mathlib.Algebra.Lie.Nilpotent	745e90fa4e559fa0.ltar
Mathlib.Geometry.Manifold.SmoothApprox	68f886791c2597f2.ltar
Mathlib.GroupTheory.GroupExtension.Basic	0f553954bd3e4c64.ltar
Aesop.RuleTac.Forward.Basic	bfca898bbf3b6818.ltar
Mathlib.NumberTheory.EulerProduct.DirichletLSeries	8461d6da092f975d.ltar
Mathlib.Algebra.Polynomial.Module.AEval	c16a70b83c4aa59e.ltar
Mathlib.CategoryTheory.Bicategory.LocallyDiscrete	cdc64fed6191d1ef.ltar
Mathlib.RingTheory.Localization.AtPrime.Basic	6a2f989249b46038.ltar
Batteries.Data.Nat.Bitwise.Lemmas	65f705c6cf02cc32.ltar
Mathlib.Topology.MetricSpace.Thickening	09b2bd9ac9f97420.ltar
Mathlib.Algebra.Regular.Basic	55d2d3ba79461de6.ltar
Mathlib.Analysis.Convex.Cone.TensorProduct	3e0c89e46b272ee6.ltar
Mathlib.Tactic.Order.ToInt	e0856335942d5141.ltar
Qq.ForLean.ToExpr	b7ea3c39f7821564.ltar
Mathlib.Geometry.Convex.ConvexSpace.AffineSpace	b00c05bfaf9a8271.ltar
Mathlib.GroupTheory.Abelianization.Finite	9a649c9a53e504dc.ltar
Mathlib.SetTheory.Cardinal.UnivLE	aaacefca8c45306c.ltar
Mathlib.MeasureTheory.Group.Circle	2ad397493f8c0f43.ltar
Mathlib.CategoryTheory.GuitartExact.HorizontalComposition	e1b7563b35e920b2.ltar
Mathlib.Topology.Algebra.InfiniteSum.Ring	11cce5e8853677a3.ltar
Mathlib.LinearAlgebra.Finsupp.LinearCombination	470302f25f075b80.ltar
Mathlib.Data.Int.SuccPred	3f0ae1df2f407ca6.ltar
Mathlib.Algebra.Order.Antidiag.Finsupp	6024bda65514a3f8.ltar
Mathlib.Algebra.BigOperators.Group.Finset.Gaps	645c127c0d2d8ea0.ltar
Mathlib.Order.Fin.Prod	97bccc51c5340b8b.ltar
Mathlib.Topology.Algebra.Module.TopDualPairing	70799d0547940051.ltar
Mathlib.LinearAlgebra.Matrix.Adjugate	fba62a702504bcf4.ltar
Mathlib.ModelTheory.Algebra.Ring.Basic	bd9b57b96273b7c2.ltar
Mathlib.LinearAlgebra.AffineSpace.Basis	5e91d7e4703f0fef.ltar
Mathlib.CategoryTheory.Monoidal.Closed.FunctorCategory.Complete	3492ccc301cbeda2.ltar
Mathlib.Algebra.Homology.ModelCategory.Lifting	191ab2831df170e7.ltar
Mathlib.Algebra.Order.SuccPred	7cc6cd8a70b1a3dd.ltar
Mathlib.Topology.UniformSpace.AbsoluteValue	92879005043a2c2c.ltar
Mathlib.LinearAlgebra.RootSystem.RootPositive	1f10e79324e58262.ltar
Batteries.Data.String.Matcher	d983346efdb4d401.ltar
Mathlib.Analysis.CStarAlgebra.ContinuousFunctionalCalculus.Range	0f65c0247219f24e.ltar
Mathlib.AlgebraicTopology.SimplicialSet.Nonempty	31e8d813c5a0e2c6.ltar
Batteries.Data.List.Init.Lemmas	880c6f167fdaab59.ltar
Mathlib.Topology.Sheaves.SheafOfFunctions	c54a9dacd228274a.ltar
Mathlib.Algebra.Module.SnakeLemma	0cfea1c13c91ab39.ltar
Mathlib.MeasureTheory.Integral.IntervalIntegral.Slope	af47bc28bc01dee8.ltar
Mathlib.Algebra.Category.ModuleCat.LeftResolution	964b01bbd4f7d604.ltar
Mathlib.Data.Matrix.Composition	8b25af303898a303.ltar
Mathlib.CategoryTheory.Limits.Creates	c25241b6791897e6.ltar
Mathlib.AlgebraicGeometry.PullbackCarrier	99469e48d78ef60e.ltar
Batteries.Tactic.Lint.Simp	001d7ba42dea1374.ltar
Mathlib.Topology.Algebra.Module.Equiv	0bba7c7821243879.ltar
Mathlib.MeasureTheory.VectorMeasure.BoundedVariation	57004aed207fdab2.ltar
Mathlib.CategoryTheory.Localization.CalculusOfFractions.Preadditive	b70313010b58a479.ltar
Mathlib.Algebra.Homology.BifunctorFlip	1517b860915cc52f.ltar
Mathlib.MeasureTheory.Group.Prod	eed0cc7319beea98.ltar
Mathlib.FieldTheory.Finite.Basic	cc03e2935f9455f3.ltar
Mathlib.Combinatorics.SetFamily.KruskalKatona	6b0af8ffd6ffd7b0.ltar
Mathlib.Algebra.Category.Grp.Basic	84d89514e965e323.ltar
Mathlib.CategoryTheory.Category.Cat.Op	c98fed030891825b.ltar
Mathlib.Algebra.Polynomial.RingDivision	1f8b755cc2d92d1e.ltar
Mathlib.Data.Int.NatPrime	3b40f5e98c52250e.ltar
Mathlib.Algebra.Ring.Semiconj	fa38554ba44ec2dc.ltar
Mathlib.Data.Nat.Prime.Nth	d3ce5d26d082519b.ltar
Mathlib.Algebra.QuadraticAlgebra.Discr	bbb512459dc34114.ltar
Mathlib.NumberTheory.Transcendental.Liouville.LiouvilleWith	7c4044257211161d.ltar
Mathlib.Algebra.Module.LocalizedModule.Int	ee4f89e9c6686f74.ltar
Mathlib.LinearAlgebra.AnnihilatingPolynomial	a47ae2ced7019b58.ltar
Mathlib.Algebra.Homology.HomotopyFiber	21e9cb43d94e63e9.ltar
Mathlib.Topology.Category.TopCat.Basic	d4767c86e60c3b50.ltar
Mathlib.MeasureTheory.Integral.Bochner.SumMeasure	83b5d75307fcd10f.ltar
Mathlib.RingTheory.MvPolynomial.MonomialOrder.DegLex	e7878b1bf526f73d.ltar
Mathlib.Algebra.BigOperators.Pi	4e427aa8662510ea.ltar
Mathlib.AlgebraicGeometry.Sites.AffineEtale	321152f358246272.ltar
Mathlib.Logic.Equiv.Array	bc0977fae2d43ad7.ltar
Mathlib.Tactic.Continuity.Init	79c5df28d144029a.ltar
Mathlib.Data.Finset.Max	7488367c1aa2a6be.ltar
Mathlib.Topology.Algebra.Valued.ValuativeRel	c041be1155af1e68.ltar
Mathlib.CategoryTheory.Monoidal.FunctorCategory	04cc8e6a0da7f67a.ltar
Mathlib.Data.Fin.Tuple.NatAntidiagonal	7c948cde03bb814c.ltar
Mathlib.Combinatorics.Enumerative.Bell	ad9222316ce07de3.ltar
Mathlib.LinearAlgebra.Matrix.Module	3d468e01b8c3fb26.ltar
Mathlib.CategoryTheory.Linear.LinearFunctor	512bbc8b133444ae.ltar
Mathlib.GroupTheory.Perm.Cycle.Factors	cd3fe36e35afdaee.ltar
Batteries.Data.String.Lemmas	56d108bfeaadd3ef.ltar
Mathlib.CategoryTheory.Localization.Linear	c4bbe13e065cda7b.ltar
Mathlib.Data.Set.Notation	e43b82f0d6eeffac.ltar
Mathlib.Algebra.Category.ModuleCat.ChangeOfRingsExact	5de2757ae3a4aea0.ltar
Mathlib.Topology.Separation.SeparatedNhds	af441a4131a07e88.ltar
Mathlib.Order.Prod.Lex.Hom	6cd4bbc3bc802a45.ltar
Batteries.Data.List.Matcher	08bba0833835fb61.ltar
Mathlib.Analysis.Calculus.Deriv.Prod	352f40e332a6d4ad.ltar
Mathlib.NumberTheory.ModularForms.BoundedAtCusp	7637a1e63f643fe6.ltar
Mathlib.Algebra.NeZero	8dcb35d91fedeab3.ltar
Mathlib.RingTheory.AlgebraicIndependent.TranscendenceBasis	faccc27cfaf3cd2c.ltar
Mathlib.Order.Bounds.Image	2362999c030019ec.ltar
Mathlib.NumberTheory.NumberField.Norm	195703e096a67f3b.ltar
Mathlib.Combinatorics.SimpleGraph.Cayley	b31bce43b8b83843.ltar
Mathlib.Algebra.Ring.NonZeroDivisors	e4b705b53795f062.ltar
Mathlib.NumberTheory.NumberField.CanonicalEmbedding.PolarCoord	a04570729cd6bfb1.ltar
Mathlib.RingTheory.Finiteness.Prod	7ef48ba95c4f4f8d.ltar
Mathlib.AlgebraicGeometry.Limits	6450f11cedb8f937.ltar
Mathlib.Analysis.InnerProductSpace.MulOpposite	014cc17e56eae6d6.ltar
Mathlib.LinearAlgebra.Matrix.Irreducible.Defs	617c64e28204c696.ltar
Aesop.Tree.Data.ForwardRuleMatches	9aa226a1301ded90.ltar
Mathlib.Analysis.Matrix.Normed	4244a0dad0d431f4.ltar
Mathlib.Analysis.SpecificLimits.ArithmeticGeometric	2e49a18b44ea3fcd.ltar
Mathlib.AlgebraicTopology.SimplicialSet.NerveNondegenerate	b4564545347cd4e6.ltar
Mathlib.Algebra.Homology.Embedding.CochainComplex	8981914385e3caf3.ltar
Mathlib.Analysis.Normed.Operator.Basic	750e422457587eaf.ltar
Mathlib.Topology.Algebra.Constructions.DomMulAct	85f928109490cf83.ltar
Mathlib.Algebra.Torsor.Defs	478b4053d21c4d42.ltar
Mathlib.Algebra.Module.LinearMap.Basic	49796df61f8b94f4.ltar
Mathlib.RingTheory.FiniteStability	8eb3db0f7e244e96.ltar
Mathlib.Tactic.Translate.ToDual	4c06a5f15e99abf8.ltar
Mathlib.Tactic.ApplyWith	72f5117e44112fc6.ltar
Mathlib.SetTheory.Ordinal.Family	951ee4b8a50a1a38.ltar
Mathlib.Data.Set.Lattice.Indexed	a219add20810d1ab.ltar
Mathlib.Algebra.QuaternionBasis	0e8c7890e36a06ba.ltar
Mathlib.Topology.Inseparable	93f38f4d7eed28e4.ltar
Mathlib.Algebra.MvPolynomial.Variables	cd8c38bc99a41fe4.ltar
Mathlib.Tactic.Field	b2ac29e3702a0c70.ltar
Mathlib.Analysis.Calculus.BumpFunction.Convolution	50878bcc36fc3bc0.ltar
Mathlib.Algebra.QuadraticDiscriminant	72396fb9ad3286cf.ltar
Mathlib.MeasureTheory.VectorMeasure.Variation.Semivariation	16caa3f99154f2b1.ltar
Mathlib.RingTheory.Ideal.AssociatedPrime.Basic	08b6e53507a82057.ltar
Mathlib.Topology.Maps.Strict.Module	bf1548946c2acacc.ltar
Mathlib.Lean.LocalContext	5b0484d0b6b90e0f.ltar
Mathlib.Algebra.Module.Submodule.Finsupp	34aa65e37394535d.ltar
Mathlib.Analysis.Calculus.Deriv.Shift	cae33127dc3abcdd.ltar
Mathlib.CategoryTheory.Limits.Opposites	885670be855c2706.ltar
Mathlib.Data.Erased	53d78cfc59b889f2.ltar
Mathlib.NumberTheory.Rayleigh	c5cf93beda72960d.ltar
Mathlib.Geometry.Manifold.MFDeriv.SpecificFunctions	ed17b854363234c1.ltar
Mathlib.Analysis.Calculus.InverseFunctionTheorem.FiniteDimensional	8c25a927f45e34f2.ltar
Mathlib.Control.Bitraversable.Basic	ecda8bf66e3d9fd3.ltar
Mathlib.Geometry.Euclidean.PerpBisector	78a9ab82970d6b08.ltar
Mathlib.Algebra.Order.Group.Cyclic	220428a6f17ef8a5.ltar
Mathlib.Algebra.Module.StablyFree.Basic	5a8297481c3580d0.ltar
Mathlib.Algebra.Group.Pi.Units	d4c1da4ca0584673.ltar
Mathlib.Data.NNReal.Defs	19c543dc2e90e2de.ltar
Mathlib.CategoryTheory.Functor.Derived.RightDerived	dd623a77aa281fee.ltar
Mathlib.RingTheory.Regular.IsSMulRegular	ce7b5ad79eeba30e.ltar
Mathlib.Probability.Kernel.Composition.IntegralCompProd	397a4acb8fef80ed.ltar
Mathlib.Order.Interval.Set.Limit	71f01525943cc74c.ltar
Mathlib.LinearAlgebra.Matrix.Cartan.Basic	37d48d5e0e56ecaf.ltar
Mathlib.NumberTheory.SiegelsLemma	322d35ad4d235ef5.ltar
Mathlib.Topology.EMetricSpace.Defs	f602caccbc8efa73.ltar
Mathlib.Combinatorics.SimpleGraph.Prod	c645e15da2eb0b12.ltar
Mathlib.Data.Nat.Factorization.Defs	df27ead4d64b2e6e.ltar
Mathlib.RepresentationTheory.Homological.GroupCohomology.Shapiro	b0817c88320aa7d9.ltar
Mathlib.Analysis.Asymptotics.SpecificAsymptotics	2583011f08650835.ltar
Mathlib.Data.Finsupp.Order	f95400be81d6e736.ltar
Mathlib.LinearAlgebra.CliffordAlgebra.Equivs	71cc76b1c6a03e9c.ltar
Mathlib.CategoryTheory.GradedObject.Unitor	a5bef908b99b4663.ltar
Mathlib.Algebra.Lie.Ideal	46da7ee5f5a82b8a.ltar
Mathlib.Algebra.FreeMonoid.Basic	49d0d10fd0edf71d.ltar
Mathlib.CategoryTheory.Localization.DerivabilityStructure.OfLocalizedEquivalences	c7acba321a2d4ab3.ltar
Mathlib.Tactic.Linter.PPRoundtrip	fb444f3a4b4d4e26.ltar
Mathlib.Analysis.Calculus.VectorField	7fafafa446b057f8.ltar
Mathlib.Tactic.ReduceModChar	abcd26ba9f617533.ltar
Mathlib.Algebra.BigOperators.Ring.List	cefd0ce6fa3450f6.ltar
Mathlib.Dynamics.Ergodic.Action.OfMinimal	a6c5db30b84e43d7.ltar
Mathlib.Algebra.GroupWithZero.Submonoid.Instances	222b5a218071e8c5.ltar
Mathlib.RingTheory.MvPowerSeries.GaussNorm	610f05d7bc27dae7.ltar
Mathlib.Algebra.Homology.SpectralSequence.Basic	d536388a77e033a8.ltar
Mathlib.Algebra.BigOperators.RingEquiv	b316d812fc2b95dd.ltar
Mathlib.CategoryTheory.Sites.SheafCohomology.Cech	bc577107cb2db844.ltar
Mathlib.RingTheory.RingHom.Injective	f1fb0baaa31bf47d.ltar
Mathlib.CategoryTheory.Subfunctor.Image	fc66a5b362060467.ltar
Mathlib.Algebra.Homology.ShortComplex.Ab	3f027b3e6f139363.ltar
Mathlib.Data.Num.Prime	b364ba876f2e2399.ltar
Mathlib.Topology.Compactness.Paracompact	58bdd414a9b788e8.ltar
Mathlib.Topology.Algebra.Valued.ValuationTopology	a6a6497c97e504ef.ltar
Mathlib.CategoryTheory.Monad.Types	3270ac1f743d4ce8.ltar
Mathlib.Analysis.SpecialFunctions.Complex.Circle	b1b6bb6d8dc9166c.ltar
Mathlib.CategoryTheory.Equivalence.Symmetry	1e5d1f1811eb7dcb.ltar
Mathlib.Algebra.Module.SpanRank	6c4ca11ffead7735.ltar
Mathlib.Tactic.SwapVar	25685c6bcc8f71b4.ltar
Mathlib.Algebra.Ring.Centralizer	50432b17a25a1f62.ltar
Mathlib.RingTheory.QuasiFinite.Polynomial	ded13c667b244009.ltar
Mathlib.CategoryTheory.Yoneda	ca249a66cf811d69.ltar
Mathlib.Algebra.Order.Module.Field	52c970ac90143670.ltar
Mathlib.LinearAlgebra.CliffordAlgebra.EvenEquiv	86d0cc446039d986.ltar
Mathlib.CategoryTheory.Limits.WeakLimits.Basic	55b49a79b685860e.ltar
Mathlib.Algebra.Notation.Pi.Basic	35fcc8c8f4317f78.ltar
Mathlib.Algebra.Star.StarProjection	0102712d832634d6.ltar
Mathlib.FieldTheory.Finite.Polynomial	fe89334ae1e4bb11.ltar
Mathlib.RingTheory.HahnSeries.Basic	6c4714fdcd90469a.ltar
Mathlib.CategoryTheory.Localization.BousfieldTransfiniteComposition	40591c508e04e1eb.ltar
Mathlib.Analysis.Complex.ValueDistribution.Proximity.IntegralPresentation	5e08a285825bff81.ltar
Mathlib.Tactic.NormNum.Pow	9072417d13144658.ltar
Mathlib.Data.DFinsupp.Multiset	33763cb39cbf3197.ltar
Mathlib.AlgebraicGeometry.EllipticCurve.Jacobian.Formula	785bfe17f774aef0.ltar
Mathlib.Topology.Category.CompHausLike.Cartesian	89c444d231be4730.ltar
Mathlib.Tactic.Linarith.Frontend	5fad53e78ab3d78f.ltar
Mathlib.Order.Filter.Ker	4b019ccd452294f0.ltar
Mathlib.Topology.Sheaves.Limits	26b879a09c93590b.ltar
Mathlib.FieldTheory.Galois.Infinite	cacab344cb138850.ltar
Mathlib.Tactic.Linarith.Oracle.SimplexAlgorithm.Datatypes	8ca1b46be8a38685.ltar
Mathlib.CategoryTheory.Limits.Preserves.Bifunctor	fa425280285f3992.ltar
Mathlib.Algebra.Order.Monoid.Basic	dca4f8711432e8fc.ltar
Mathlib.Analysis.Complex.OpenMapping	11d947e43c20a152.ltar
Mathlib.CategoryTheory.Presentable.ColimitPresentation	a77c99a909aa7087.ltar
Mathlib.Algebra.Order.Field.Pi	4db1a77fe57805c5.ltar
Mathlib.LinearAlgebra.Transvection	1de55a6d213963a1.ltar
Mathlib.Data.Finset.Attr	02ab9373a92ee829.ltar
Mathlib.LinearAlgebra.AffineSpace.Matrix	34f669e5a9fbbcae.ltar
Mathlib.RingTheory.LocalIso	e2916bda99f8bf98.ltar
Mathlib.Analysis.InnerProductSpace.Subspace	1ab0a001870db843.ltar
Mathlib.Order.BooleanGenerators	8a3e884949891066.ltar
Mathlib.CategoryTheory.Comma.Over.OverClass	041b000aea204c09.ltar
Mathlib.CategoryTheory.Dialectica.Basic	083ddebb64ae07be.ltar
Mathlib.Algebra.Homology.HomotopyCategory.HomComplexCohomology	b615d279c470f7e5.ltar
Aesop.Nanos	a485637926e1ec00.ltar
Mathlib.Topology.ContinuousMap.Bounded.Normed	a925c6f9ca3976e4.ltar
Mathlib.FieldTheory.Normal.Defs	30116890fa9ffd28.ltar
Mathlib.Algebra.Homology.Square	39fb3567f31e12c8.ltar
Mathlib.CategoryTheory.Limits.Shapes.Pullback.Assoc	efd7c94f87c71464.ltar
Mathlib.NumberTheory.Transcendental.Lindemann.AnalyticalPart	990198e3014c3826.ltar
Mathlib.CategoryTheory.Sites.Point.Comap	47d53d309d38c56a.ltar
Mathlib.CategoryTheory.GradedObject.Associator	26cf96a1f28c150a.ltar
Mathlib.Algebra.BigOperators.Ring.Nat	e1007eeb8b5faefe.ltar
Mathlib.Basic.Finite.Sigma	d8d6518dd8ff0bee.ltar
Mathlib.Data.Nat.Prime.Pow	5db51c319d6f264f.ltar
Mathlib.MeasureTheory.Function.AEMeasurableOrder	572d0f03ebfb1480.ltar
Mathlib.GroupTheory.GroupAction.Quotient	85cda87c37f83574.ltar
Mathlib.AlgebraicGeometry.EllipticCurve.Affine.Basic	a76b5a7d24e1ea92.ltar
Mathlib.RingTheory.PrincipalIdealDomain	b8e361a703e3d19e.ltar
Mathlib.CategoryTheory.Monoidal.Cartesian.Mod_	52d4c997e8786578.ltar
Mathlib.Topology.Connected.LocPathConnected	391497bf72c4efc2.ltar
Mathlib.Topology.Category.Profinite.Nobeling.Induction	598daafffcad348d.ltar
Mathlib.CategoryTheory.MorphismProperty.LocalClosure	fe5fdbe7e857a60f.ltar
Mathlib.Data.Sigma.Lex	c41400f3754e491c.ltar
Mathlib.LinearAlgebra.Countable	03edf08bcbd54847.ltar
Mathlib.NumberTheory.Padics.PadicIntegers	bc8be9b2befc8566.ltar
Mathlib.LinearAlgebra.Prod	40aaae6953d5c25a.ltar
Mathlib.Algebra.Lie.Prod	5d0dec895e2f3b45.ltar
Mathlib.GroupTheory.FiniteIndexNormalSubgroup	e8d4efe5c1c04240.ltar
Mathlib.Probability.Kernel.Deterministic	11f7af6c7aa17dc2.ltar
Mathlib.Dynamics.Ergodic.RadonNikodym	edf061638f343375.ltar
Mathlib.Algebra.Notation.Indicator	6a869f79eeffefd1.ltar
Mathlib.RingTheory.Coalgebra.Hom	87500b14b1a3829d.ltar
Mathlib.Algebra.Group.Submonoid.Membership	af35453946f8fe09.ltar
Mathlib.Analysis.Normed.Lp.Matrix	bb8a4c499b90d732.ltar
Mathlib.SetTheory.ZFC.PSet	4345f56cfec2c024.ltar
Mathlib.LinearAlgebra.RootSystem.Finite.G2	f59fbb6946ccbe45.ltar
Mathlib.Algebra.Category.ModuleCat.Differentials.Presheaf	ef24d2f4220b84ce.ltar
Mathlib.Algebra.Ring.PUnit	738f58cbbbd96976.ltar
Aesop.Search.Queue.Class	28033e8cbd1a9394.ltar
Mathlib.MeasureTheory.Integral.Pi	96225c6b3f89ddac.ltar
Mathlib.Algebra.Homology.ShortComplex.ShortExact	3614bd33e2b80d0d.ltar
Mathlib.Testing.Plausible.Functions	3f4c4bbb52c91a95.ltar
Mathlib.Topology.Bornology.Basic	53a648e1a5ee1f79.ltar
Mathlib.Analysis.SpecialFunctions.ContinuousFunctionalCalculus.Rpow.RingInverseOrder	757c6b5e2822ab9f.ltar
Mathlib.CategoryTheory.Sites.Hypercover.IsSheaf	0ddba25eb19ff998.ltar
Mathlib.Algebra.WithConv	3c24038594f88085.ltar
Mathlib.Data.Set.Pairwise.Basic	eb3b06365d211552.ltar
Mathlib.Analysis.Calculus.InverseFunctionTheorem.FDeriv	dc9c70e9d2277bc5.ltar
Mathlib.CategoryTheory.Monad.Comonadicity	ab4482dd9106229d.ltar
Mathlib.GroupTheory.CosetCover	0d86d90debfce814.ltar
Mathlib.Algebra.Order.Monoid.Canonical.Defs	109ad014a8aa9550.ltar
Mathlib.RingTheory.RingHom.Locally	0c4f11917d2da973.ltar
Mathlib.CategoryTheory.Limits.Shapes.Grothendieck	020d650448f9b9b5.ltar
Mathlib.Order.Interval.Set.Pi	08b65c68c0e6bd52.ltar
Mathlib.RingTheory.WittVector.Truncated	24762b96ff7e5f0f.ltar
Mathlib.Analysis.InnerProductSpace.ProdL2	e5962badf7367dc5.ltar
Mathlib.Analysis.InnerProductSpace.Semisimple	4a37ed25e6bd8a38.ltar
Mathlib.MeasureTheory.Measure.Continuity	93a868919196fec1.ltar
Mathlib.AlgebraicGeometry.Morphisms.ClosedImmersion	ecf07afa922ffa1f.ltar
Mathlib.Tactic.ApplyAt	5684984f1053e6d4.ltar
Mathlib.RingTheory.Unramified.Pi	d6cbe40446e916ac.ltar
Mathlib.Analysis.Calculus.ContDiff.Polynomial	7547ec095720f87f.ltar
Mathlib.Combinatorics.SimpleGraph.Operations	d731b66db4c70ced.ltar
Batteries.Lean.LawfulMonad	21998f45f2935590.ltar
Mathlib.Algebra.Homology.BifunctorHomotopy	abbfbcc2330828a8.ltar
Mathlib.Topology.Algebra.Module.PerfectPairing	9183bfc194a7fb90.ltar
Mathlib.RingTheory.WittVector.InitTail	832e82e339f6eea1.ltar
Mathlib.Algebra.Homology.HomotopyCategory	3c0cd3afbb2792d9.ltar
Mathlib.AlgebraicTopology.SimplicialSet.AnodyneExtensions.Inner.PushoutProduct	740f7c7a58e6026c.ltar
Mathlib.Algebra.Polynomial.Expand	f693feabe93670f8.ltar
Mathlib.Algebra.Category.MonCat.Colimits	6cb80df6af2d39a2.ltar
Mathlib.RingTheory.RingHom.LocallyStandardSmooth	52aa0cb680ffdfe5.ltar
Mathlib.AlgebraicGeometry.Morphisms.FinitePresentation	6e49ad99c0e2bdd0.ltar
Mathlib.Algebra.Module.Card	9f233aedb7a84362.ltar
Mathlib.AlgebraicTopology.SimplicialSet.Homology.HomotopyInvariance	83f4b97e83d6c023.ltar
Mathlib.Algebra.Order.Sum	a067e1326bdf7150.ltar
Mathlib.Topology.Algebra.Monoid	722dae21f214a836.ltar
Mathlib.Logic.Equiv.Sum	d57d508443ce2871.ltar
Mathlib.MeasureTheory.Function.LpSeminorm.Indicator	11e354f4a238fe1a.ltar
Mathlib.Topology.MetricSpace.Pseudo.Lemmas	ced797af6d8e645e.ltar
Mathlib.CategoryTheory.Monoidal.Free.Basic	5040fb3da3838921.ltar
Mathlib.Algebra.Polynomial.Degree.Domain	5a707cd016de61a5.ltar
Mathlib.RingTheory.RegularLocalRing.Defs	c08b8c07da514e2a.ltar
Mathlib.CategoryTheory.Sigma.Basic	0352336bb0a821c3.ltar
Mathlib.Algebra.Order.Group.MinMax	fe7434c2b3fa73ea.ltar
Mathlib.Topology.IsLocalHomeomorph	6f83d590f410f976.ltar
Mathlib.GroupTheory.QuotientGroup.Simple	b6778536e0467f98.ltar
Mathlib.Order.SetDissipate	e2d942d0c0c1d160.ltar
Mathlib.Analysis.Matrix.Spectrum	c77d99c9e8235559.ltar
Mathlib.Analysis.Calculus.UniformLimitsDeriv	e65645843ca94f10.ltar
Mathlib.RingTheory.Localization.NormTrace	f6508525ffbcfcde.ltar
Mathlib.Analysis.Normed.Lp.ProdLp	43b23b99bbbac275.ltar
Mathlib.Algebra.Polynomial.GroupRingAction	2ad2abb86c886f89.ltar
Mathlib.Data.Finsupp.Basic	235f1166431a14a8.ltar
Mathlib.Algebra.Ring.AddAut	797f53a25cb363f3.ltar
Mathlib.RingTheory.FreeCommRing	fe44c64f3fb1e28a.ltar
Mathlib.RingTheory.TensorProduct.Pi	15f521b2e0e3ba77.ltar
Mathlib.RingTheory.Localization.Saturation	fe4d46a76d0a8586.ltar
Mathlib.Data.List.Monad	fa6178e0156d8d01.ltar
Mathlib.RingTheory.Coalgebra.Basic	710eedee7449965e.ltar
Mathlib.RingTheory.OrderOfVanishing.Noetherian	67befc482609191b.ltar
Mathlib.Order.Compare	031f629275977c5d.ltar
Mathlib.Topology.Maps.Basic	cca6321a88057c27.ltar
Mathlib.RingTheory.Finiteness.FinitePresentationLocal	02f872e76e1cfa6a.ltar
Mathlib.CategoryTheory.Limits.Types.Pullbacks	fba1444a6cccba04.ltar
Mathlib.RingTheory.LocalRing.Etale	550424b051c89d5f.ltar
Mathlib.Algebra.Lie.Weights.Linear	80b93690b54e45e8.ltar
Mathlib.Analysis.SpecialFunctions.MulExpNegMulSq	cef3a76618f28106.ltar
Mathlib.Algebra.Homology.LeftResolution.Transport	4152f804bb9496f5.ltar
Mathlib.Basic.Finite.Defs	06baefb9e70fd2b0.ltar
Mathlib.Topology.Sheaves.MayerVietoris	c7ceae956ab0c367.ltar
Mathlib.Algebra.Group.Submonoid.DistribMulAction	e78bd5c49c66c5e7.ltar
Batteries.Control.OptionT	a5e402614818cf61.ltar
Mathlib.Data.List.Permutation	a967d626e14f0da1.ltar
Mathlib.CategoryTheory.MorphismProperty.RetractArgument	0cebd3a43f115037.ltar
Mathlib.RingTheory.PowerSeries.Derivative	ed52371fbf47ac71.ltar
Mathlib.CategoryTheory.Groupoid.Basic	5a1ac19daa3f518c.ltar
Batteries.Recycling.RBTree	ab4fd679ff7b6d07.ltar
Mathlib.CategoryTheory.Localization.OfQuotient	6a9e5e56bf049b99.ltar
Mathlib.Algebra.Order.GroupWithZero.Submonoid	8d572bd83f7297fc.ltar
Mathlib.CategoryTheory.Monad.Limits	692af3e63d3ebc74.ltar
Mathlib.Tactic.DeriveTraversable	04339d96f45af0ef.ltar
Mathlib.Geometry.Convex.Cone.Simplicial	9cde06958c1978e7.ltar
Mathlib.Data.Bracket	2b2396bdeca1fc9f.ltar
Mathlib.Algebra.Homology.HomotopyCategory.HomologicalFunctor	b126b434b1a58b81.ltar
Mathlib.AlgebraicGeometry.Geometrically.Integral	6e3a0137f4d6ba48.ltar
Mathlib.Computability.RecursiveIn	677190a4fc06264c.ltar
Mathlib.CategoryTheory.Limits.Preserves.Lattice	0bb14762de4e427b.ltar
Mathlib.Data.Int.Cast.Pi	92198fcdfdc0ca31.ltar
Mathlib.Topology.Compactness.Lindelof	0fc3088343f1b7bc.ltar
Mathlib.NumberTheory.LSeries.MellinEqDirichlet	3ddae450a1cb7b5a.ltar
Mathlib.CategoryTheory.Adhesive.Over	5cdf4b640e8430b5.ltar
Mathlib.Geometry.Manifold.IsManifold.ExtChartAt	6d93830127e53eab.ltar
Mathlib.CategoryTheory.HomCongr	5141fbe934a37665.ltar
Mathlib.Algebra.MonoidAlgebra.Lift	5847cdb660ea975a.ltar
Mathlib.ModelTheory.FinitelyGenerated	fc30375843ca60b3.ltar
Qq.MatchImpl	a3c76ba5f478dac2.ltar
Mathlib.LinearAlgebra.RootSystem.OfBilinear	c8ff956f2a10128e.ltar
Mathlib.Tactic.UnsetOption	52e781edb5e72e88.ltar
Mathlib.GroupTheory.ClassEquation	9795a572045c8bd4.ltar
Mathlib.Algebra.BigOperators.Sym	dad64836d905c44d.ltar
Aesop.Tree.TreeM	2a66914e78335e9b.ltar
Mathlib.Tactic.Convert	eb000ec50e584771.ltar
Mathlib.Analysis.Normed.Module.RCLike.Basic	f6c82c256481b201.ltar
Mathlib.Order.CountableSupClosed	5763b8ec8ba8ed68.ltar
Mathlib.Combinatorics.Matroid.Closure	1ceb8aef2f47a6db.ltar
Aesop.RulePattern.Cache	a28c5f1a3c818e27.ltar
Mathlib.RingTheory.UniqueFactorizationDomain.NormalizedFactors	8d390fb86d60f9fd.ltar
Mathlib.RepresentationTheory.Homological.GroupHomology.Functoriality	4881efe6e2b6b486.ltar
Mathlib.Algebra.BigOperators.Module	6674cdaa77c8c5a5.ltar
Mathlib.Topology.Algebra.Group.Matrix	7a22acbaaa15f14f.ltar
Mathlib.RingTheory.TensorProduct.Nontrivial	9f016a64339a9be4.ltar
Mathlib.Algebra.Homology.Embedding.HomEquiv	0cb4e7de8af32151.ltar
Mathlib.LinearAlgebra.TensorProduct.Map	18aa72e7f94ad3bc.ltar
Mathlib.Algebra.Algebra.Unitization	fcd2a0051c180353.ltar
Mathlib.Data.ENat.Lattice	83e5c52362b7473b.ltar
Mathlib.MeasureTheory.Integral.IntervalIntegral.DerivIntegrable	7c3d75ad617d036b.ltar
Mathlib.Analysis.Convex.LinearIsometry	f4f32d302fa58e5d.ltar
Mathlib.Data.Finsupp.PWO	f4de9f6ec2647104.ltar
Mathlib.Analysis.Analytic.ConvergenceRadius	92a254ceb1a27a29.ltar
Mathlib.Algebra.Category.ModuleCat.Presheaf.Pullback	e1b8e71a0da0eeea.ltar
Mathlib.Analysis.Convex.Body	825c1d0884a59956.ltar
Mathlib.Tactic.Widget.SelectInsertParamsClass	9919ebd7979c0cf7.ltar
Mathlib.Order.ScottContinuity.Complete	9a6b7bd837b7c43a.ltar
Mathlib.Combinatorics.SimpleGraph.Subgraph	301d72021c37addf.ltar
Mathlib.Combinatorics.SimpleGraph.Bipartite	56e4ef35ec9568cc.ltar
Mathlib.Data.Set.Monotone	129af3f2479c2143.ltar
Mathlib.Analysis.Complex.UpperHalfPlane.Basic	cd3626c67284db74.ltar
Mathlib.Data.Nat.Squarefree	1643beff28745ba3.ltar
Mathlib.NumberTheory.ModularForms.NormTrace	d7280a55611c0402.ltar
Mathlib.Tactic.TautoSet	34d1acac5f97433d.ltar
Mathlib.MeasureTheory.Measure.MeasureSpaceDef	3e06aa572a5e8b5b.ltar
Mathlib.CategoryTheory.Limits.Shapes.BinaryProducts	cec8a61efb96ceb6.ltar
Batteries.Tactic.SeqFocus	2e2cda7cedb5db58.ltar
Mathlib.CategoryTheory.ComposableArrows.Basic	ed10ac861f599745.ltar
Mathlib.Analysis.Convex.Extrema	8bac28d9197c8756.ltar
Mathlib.Data.Finset.Disjoint	97ed64442dddcd3e.ltar
Mathlib.NumberTheory.RamificationInertia.Valuation	73b6493e5ff4acc2.ltar
Mathlib.Data.Rat.Init	0719c40600520ebe.ltar
Mathlib.RingTheory.RingHom.FaithfullyFlat	7dfe26b359980c3b.ltar
Mathlib.Topology.MetricSpace.PiNat	9acb21e9583723bd.ltar
Mathlib.AlgebraicGeometry.IdealSheaf.Subscheme	7eac6a7126d2416c.ltar
Mathlib.Algebra.Order.BigOperators.Group.LocallyFinite	5ffc51f29b959876.ltar
Mathlib.Data.PNat.Xgcd	147eac63133ae6a9.ltar
Mathlib.NumberTheory.LegendreSymbol.QuadraticChar.Basic	19deb74da17069dd.ltar
Mathlib.MeasureTheory.Function.LpSeminorm.SMul	b59921cda1d8f1e1.ltar
Mathlib.Tactic.Ring.Compare	db84141762ebf05f.ltar
Aesop.Search.SearchM	041be26ac0d3b05b.ltar
Mathlib.Order.Filter.AtTopBot.ModEq	8e267c7aec29b08e.ltar
Mathlib.Algebra.Order.Floor.Extended	e623894ea2697a9f.ltar
Mathlib.Algebra.MvPolynomial.Degrees	3889880d8a5c7517.ltar
Mathlib.CategoryTheory.Sites.Continuous	5b0c7bf3dd0af16c.ltar
Mathlib.AlgebraicGeometry.Morphisms.FiniteType	8fed32997001bc55.ltar
Mathlib.CategoryTheory.Triangulated.TStructure.AbelianSubcategory	fa9eed2c747eb441.ltar
Mathlib.Data.Set.Equitable	bd97043796ce7453.ltar
Mathlib.Order.PFilter	d99becadf57ed3e4.ltar
Mathlib.MeasureTheory.VectorMeasure.Variation.Basic	2482c2edc8bc7233.ltar
Mathlib.Analysis.Normed.Lp.WithLp	d4d40cdf26ea63cb.ltar
Mathlib.Algebra.Lie.Semisimple.Defs	e073a69e105e1ca0.ltar
Mathlib.RingTheory.Smooth.Quotient	d06c3161bc11662e.ltar
Mathlib.Topology.Algebra.Algebra.Rat	1a6b1c29f20ebc06.ltar
Mathlib.Geometry.Euclidean.Angle.Unoriented.Conformal	19c7872632f17184.ltar
Mathlib.RingTheory.NonUnitalSubsemiring.Basic	b0a1bbcfd9078af9.ltar
Mathlib.Algebra.Polynomial.Inductions	0f4a93ca4e4f4b4f.ltar
Mathlib.AlgebraicTopology.SimplicialSet.SubcomplexEvaluation	84cfe7252c8694de.ltar
Mathlib.Algebra.Module.DedekindDomain	1a78e5dda283af49.ltar
Batteries.Util.ExtendedBinder	6e5c105176fd7fb4.ltar
Mathlib.Topology.Sets.Order	4954b02e6c7e4330.ltar
Mathlib.Order.Filter.Partial	a2818dc567dd2e2f.ltar
Mathlib.Lean.FoldEnvironment	f4145f223828635e.ltar
Mathlib.CategoryTheory.Monoidal.Hopf_	46cd9d9c7b764c9e.ltar
Mathlib.Order.Interval.Set.Final	9d0f1ca2b5f7276c.ltar
Mathlib.Topology.Order.Filter	0b9d347931d03408.ltar
Mathlib.CategoryTheory.Sites.Descent.Precoverage	5cde25483f09ef94.ltar
Mathlib.Tactic.Order.CollectFacts	b0722df0e4c63875.ltar
Mathlib.Data.Set.Countable	cebe691e32584471.ltar
Mathlib.Tactic.Linter.TextBased	348a38636a423e76.ltar
Mathlib.Algebra.BigOperators.Finprod	9e031731e105507e.ltar
Mathlib.Topology.Algebra.Star.Unitary	5acbcc95de288a5a.ltar
Mathlib.Tactic.NormNum.IsCoprime	edd9745b4cac955e.ltar
Batteries.Data.Rat.Float	e1303ae0e4004d8e.ltar
Mathlib.RingTheory.Jacobson.Semiprimary	74ebde4acc1bca0c.ltar
Mathlib.RingTheory.RingHom.FiniteType	aa0849ad86647a40.ltar
Mathlib.CategoryTheory.Sites.Point.Conservative	6c1a23ebe6926bfd.ltar
Mathlib.Analysis.SpecialFunctions.Gamma.Deriv	2a8f6746304274c9.ltar
Mathlib.RingTheory.MvPowerSeries.Evaluation	288a5bfdb7bde744.ltar
Mathlib.RingTheory.Flat.Tensor	e4ef014d9805b977.ltar
Mathlib.CategoryTheory.Presentable.EssentiallyLarge	1f0c0020d4350a00.ltar
Mathlib.CategoryTheory.GradedObject.Single	a0a0798b3aa5c113.ltar
Mathlib.Condensed.Light.Explicit	867b191ccae2a76d.ltar
Mathlib.FieldTheory.AbelRuffini	ead7a56141253725.ltar
Mathlib.CategoryTheory.Sites.PreservesLocallyBijective	101bca65814bb6f1.ltar
Mathlib.CategoryTheory.Grothendieck	2176e507b0bb6330.ltar
Mathlib.CategoryTheory.Limits.Preserves.Shapes.BinaryProducts	3444de9595e8180c.ltar
Mathlib.CategoryTheory.Comma.Over.StrictInitial	cb4deda243df6af2.ltar
Mathlib.Topology.Category.LightProfinite.Injective	bcbfee97643ced7f.ltar
Mathlib.Analysis.Convex.Cone.Extension	422b07fb10e1b121.ltar
Mathlib.RingTheory.SimpleRing.Congr	09da134ae7627f78.ltar
Batteries.Data.RunningStats	7580a648405887e5.ltar
Batteries.Data.List.Scan	05c86a2f32019c6b.ltar
Mathlib.Topology.Algebra.Group.Subgroup	95773d5fe2fa94a0.ltar
Mathlib.Algebra.Field.Shrink	86db6477ca101aa4.ltar
Mathlib.RingTheory.HahnSeries.PowerSeries	61230c0726ef13e9.ltar
Mathlib.Tactic.Linter.DocPrime	a8976201c126dbd3.ltar
Mathlib.Data.Set.PowersetCard	9d84ea2f6ca82a94.ltar
Mathlib.Data.ZMod.Factorial	3b549443eb330c48.ltar
Mathlib.CategoryTheory.Monoidal.Functor	dc11421ac334514d.ltar
Mathlib.Topology.Algebra.InfiniteSum.Order	3275f36c1a3f1558.ltar
Mathlib.Tactic.NthRewrite	831e32f348faa4fb.ltar
Mathlib.CategoryTheory.Sites.Coherent.RegularSheaves	be1da73287209268.ltar
Mathlib.Algebra.ContinuedFractions.Euler	763f96128b0ec312.ltar
Mathlib.CategoryTheory.Preadditive.Injective.InjectiveObject	5e47d2e46538d8e0.ltar
Mathlib.Analysis.SpecialFunctions.FrullaniIntegral	ee84f551eff3d056.ltar
Mathlib.Geometry.Manifold.Riemannian.Basic	b4ebfb19c72e7120.ltar
Mathlib.Tactic.ToLevel	2dc56a5759403ac4.ltar
Mathlib.Algebra.Order.Ring.Prod	17679daea47194ed.ltar
Mathlib.SetTheory.Cardinal.Basic	649f2631b6904153.ltar
Mathlib.GroupTheory.GroupAction.SubMulAction.OfFixingSubgroup	ba79d676c43dbdf5.ltar
Mathlib.Dynamics.Ergodic.AddCircle	549f8eacef341960.ltar
Mathlib.RingTheory.Ideal.KrullsHeightTheorem	f0b07185a0f67434.ltar
Mathlib.Order.CompleteLattice.SetLike	0634d2d83f275739.ltar
Batteries.Data.BinaryHeap	bb1b374200c7457f.ltar
Mathlib.Tactic.ToExpr	d153e8ebb6114d0b.ltar
Mathlib.CategoryTheory.ObjectProperty.ColimitsCardinalClosure	729dde17bef7369e.ltar
Mathlib.LinearAlgebra.SpecialLinearGroup	8ba7b35dfe7ec27f.ltar
Mathlib.Algebra.CharP.Basic	3618159be2cceb0d.ltar
Mathlib.RingTheory.FormalGroup.Basic	a56a49eb0de1f030.ltar
Mathlib.Topology.Algebra.Star	ddb8a2bcac590245.ltar
Mathlib.CategoryTheory.Limits.Constructions.ZeroObjects	73a73d03cc0f71d9.ltar
Mathlib.Algebra.FiniteSupport.Defs	db62dba999241fbf.ltar
Mathlib.Data.Nat.Cast.Order.Field	692f6a0a5154a9e0.ltar
Mathlib.InformationTheory.KullbackLeibler.ChainRule	cb316bb6942bc4dd.ltar
Mathlib.Algebra.Lie.Abelian	c93eb26e90fc7942.ltar
Mathlib.Combinatorics.SimpleGraph.Connectivity.EdgeConnectivity	5ff751fb4197129b.ltar
Mathlib.RepresentationTheory.Homological.GroupHomology.Basic	8e05951ddf61230a.ltar
Mathlib.RingTheory.Polynomial.ScaleRoots	8d275d7a39d23fc5.ltar
Mathlib.MeasureTheory.Topology	b50dc00f8fa9c000.ltar
Mathlib.CategoryTheory.Abelian.Opposite	b32bf2b226c109bd.ltar
Mathlib.MeasureTheory.Measure.CompleteLattice	ffe4c39f7fe6e1b0.ltar
Mathlib.AlgebraicTopology.Quasicategory.Nerve	f21cf8cb47e1481d.ltar
Mathlib.Algebra.Homology.Embedding.Connect	1e39d203b540098e.ltar
Mathlib.Topology.Covering.Basic	78e36a12ca96b0b4.ltar
Mathlib.Algebra.MvPolynomial.Basic	096301fa0707e454.ltar
Mathlib.CategoryTheory.GuitartExact.Basic	efcc669bcdce86b5.ltar
Mathlib.Data.Set.Finite.Monad	53bcefbff590c4e6.ltar
Mathlib.RingTheory.Spectrum.Prime.TensorProduct	698d68054c08f7bc.ltar
Mathlib.FieldTheory.IsAlgClosed.Classification	c086e400e792f721.ltar
Mathlib.Combinatorics.SimpleGraph.Hall	4f2a06e751fff4d6.ltar
ProofWidgets.Component.Basic	dafa0e4178cfa4ae.ltar
Mathlib.Topology.Instances.EReal.Lemmas	22e2f49096197581.ltar
Mathlib.Topology.Order.IntermediateValue	21346a6c15dc79cc.ltar
Mathlib.Data.List.ToFinsupp	a9825efff3f45f9c.ltar
Mathlib.RingTheory.Valuation.Quotient	da95361cef220c0a.ltar
Mathlib.RingTheory.AdicCompletion.Basic	4723e16e90177b9d.ltar
Mathlib.Control.Bitraversable.Instances	dbc731016bcc778c.ltar
Mathlib.MeasureTheory.Integral.IntegralEqImproper	164b3ea1f99d66a9.ltar
Mathlib.CategoryTheory.Bicategory.Strict.Pseudofunctor	896c1e06a4641d2e.ltar
Mathlib.CategoryTheory.Adjunction.Whiskering	4805f73ab18d3a2f.ltar
Mathlib.Tactic.Bound	74083c160b79f0fd.ltar
Mathlib.Order.Category.CompleteLat	03c220ff0413f305.ltar
Mathlib.Algebra.Jordan.Basic	de3b5a8c3f8bdefd.ltar
Mathlib.Topology.Order.ExtendFrom	70b11ed4bb6a892f.ltar
Mathlib.RingTheory.Filtration	ece0ff42ab3a8878.ltar
Mathlib.Algebra.ContinuedFractions.Computation.Translations	b249f88e02bf1ce6.ltar
Mathlib.Algebra.Module.MinimalAxioms	c581bc9ad06dd330.ltar
Mathlib.RingTheory.RingHom.Bijective	dd76174db8a53446.ltar
Mathlib.Probability.Moments.Variance	81a75278399aefe6.ltar
Mathlib.LinearAlgebra.Matrix.IsDiag	dc2da21f657d0963.ltar
Mathlib.MeasureTheory.VectorMeasure.Order	4df607ee22f49c2f.ltar
Mathlib.RingTheory.Bialgebra.Equiv	82ecacc99710e7ae.ltar
Mathlib.Algebra.Ring.Action.Subobjects	39d3c8ccd583d7f2.ltar
Mathlib.RingTheory.Ideal.Quotient.Noetherian	6e896dea93807f5b.ltar
Mathlib.CategoryTheory.Sites.Subcanonical	4ba35b0469059784.ltar
Mathlib.AlgebraicTopology.SimplicialSet.Homology.MapHomologicalComplex	cf44a56a1417b9d8.ltar
Mathlib.Analysis.Calculus.DerivativeTest	eafd75125830b33c.ltar
Mathlib.Algebra.GroupWithZero.ProdHom	f487d2ec35cb7616.ltar
Mathlib.SetTheory.Cardinal.CountableCover	598e826c56337722.ltar
Mathlib.Algebra.Order.Interval.Set.SuccPred	eccb35770c919c02.ltar
Mathlib.CategoryTheory.Sites.SubcanonicalOver	a0ab0df876ba5675.ltar
Mathlib.ModelTheory.Quotients	1314e76c46aff042.ltar
Mathlib.Algebra.DirectSum.Module	84ddbf4596b4e590.ltar
Mathlib.Geometry.Euclidean.SignedDist	bc009d4ef377ea37.ltar
Mathlib.CategoryTheory.Functor.Category	56df093b04cc1eff.ltar
Mathlib.Order.Category.PartOrdEmb	c456982dd77beeff.ltar
Mathlib.AlgebraicGeometry.ProjectiveSpectrum.Functor	6d66cca5cf84164b.ltar
Mathlib.Order.Iterate	8b1a9fb81986efbe.ltar
Mathlib.Algebra.Lie.Sl2	da3fb975a86f3301.ltar
Mathlib.Algebra.Divisibility.Hom	904f1746d96c0d52.ltar
Mathlib.Basic.Finite.Set	d8bf7377747eab23.ltar
Mathlib.RingTheory.RootsOfUnity.PrimitiveRoots	e81224dbd5189b26.ltar
Mathlib.LinearAlgebra.Matrix.ElementaryRowOperations	7b3e1f019899508e.ltar
Mathlib.Algebra.Polynomial.Derivative	8e70b9de2bbe1814.ltar
Mathlib.Algebra.Homology.LocalCohomology	36954e489940b2df.ltar
Mathlib.RingTheory.PowerSeries.WellKnown	757227762b22914d.ltar
Mathlib.Algebra.Polynomial.AlgebraMap	016a358908fbc37a.ltar
Mathlib.Tactic.TacticAnalysis.Declarations	239c3cd5464cd767.ltar
Mathlib.CategoryTheory.Limits.Shapes.NormalMono.Basic	539f940a697f1aa8.ltar
Mathlib.AlgebraicGeometry.Morphisms.Preimmersion	2862e732c5913a7c.ltar
Mathlib.Geometry.Euclidean.Angle.Oriented.Rotation	1bd1f08221cb7538.ltar
Mathlib.Analysis.Complex.CanonicalDecomposition	8bad61e61b04f491.ltar
Mathlib.Algebra.CharP.Defs	ab08ea257465d13a.ltar
Mathlib.Analysis.Normed.Unbundled.SeminormFromConst	d1ec1d6f23d29cb5.ltar
Mathlib.Analysis.SpecialFunctions.ExpDeriv	f023b7f476fdb90a.ltar
Mathlib.AlgebraicTopology.SimplicialSet.FiniteProd	a8d72bb04b4aff06.ltar
Mathlib.Algebra.MvPolynomial.Monad	68cd8be9563acd31.ltar
Mathlib.RingTheory.GradedAlgebra.Homogeneous.Ideal	cf953061cfbc9ace.ltar
Mathlib.Data.Finset.Erase	ed03966eb4e9cb7b.ltar
Mathlib.Lean.Meta.RefinedDiscrTree.Encode	c0243799f02867ba.ltar
Mathlib.AlgebraicTopology.Quasicategory.TwoTruncated	df6dda96a42eab29.ltar
Batteries.Data.RBMap.Alter	207f3bbb7aef1918.ltar
Mathlib.Algebra.Order.Group.Bounds	4369e44f4678f6a6.ltar
Mathlib.Topology.Algebra.Order.LiminfLimsup	2975c6a08dff93a4.ltar
Mathlib.MeasureTheory.Constructions.BorelSpace.ContinuousMap	8ed77121b5d19d3c.ltar
Mathlib.Topology.Algebra.Module.Spaces.UniformConvergenceCLM	5bab0d6f86d0dcc7.ltar
Mathlib.CategoryTheory.Abelian.DiagramLemmas.Four	67f9c729405c7bdb.ltar
Mathlib.Analysis.Complex.Isometry	85be9270f6366390.ltar
Mathlib.Analysis.Calculus.TangentCone.Seq	b6452f024d6d716a.ltar
Mathlib.Analysis.Complex.Harmonic.Poisson	868c2a2a7ebac786.ltar
Mathlib.AlgebraicGeometry.Geometrically.Irreducible	08670790e132a03a.ltar
Mathlib.RingTheory.Morita.Basic	33a540b03bb92cc0.ltar
Mathlib.Data.DFinsupp.Interval	9ec5824fa66c2872.ltar
Mathlib.MeasureTheory.Measure.AbsolutelyContinuous	5792be15596daf0b.ltar
Mathlib.Algebra.DirectSum.Basic	c3be68da1d84d23a.ltar
Mathlib.Util.Simp	d65c03ce7096016c.ltar
Mathlib.Topology.Algebra.InfiniteSum.ConditionalInt	1f7ca83a036eb712.ltar
Mathlib.Order.Lattice	38614d9aee8ec6b5.ltar
Mathlib.Topology.Algebra.Module.FiniteDimensionBilinear	45fe49b70a85f00e.ltar
Mathlib.RingTheory.OreLocalization.NonZeroDivisors	6abc04885396b73b.ltar
Mathlib.Algebra.Algebra.Rat	c047086c8ac48cce.ltar
Mathlib.Basic.ENNReal.Inv	5405c675d7ecba8b.ltar
Mathlib.Analysis.Complex.UpperHalfPlane.Topology	7c6646f48dccd5fc.ltar
Batteries.Tactic.PrintOpaques	c03104784687ff83.ltar
Mathlib.LinearAlgebra.QuadraticForm.Prod	67b72fd2a9306712.ltar
Mathlib.GroupTheory.GroupAction.SubMulAction.Combination	3f2cc9a9c4765ea5.ltar
Mathlib.Algebra.Lie.Weights.Chain	e58f837a20a03765.ltar
Mathlib.Combinatorics.SimpleGraph.Walk.Operations	9bca26ddd96e5c50.ltar
Mathlib.NumberTheory.NumberField.InfinitePlace.Ramification	ac22f32d9949c1a8.ltar
Mathlib.Analysis.AperiodicOrder.Delone.Basic	69d4709b14fa80b1.ltar
Mathlib.RingTheory.TensorProduct.MvPolynomial	68771a2386b052f2.ltar
Mathlib.RingTheory.TensorProduct.IsBaseChangeFree	4d1d5da596a84534.ltar
Mathlib.Analysis.SpecialFunctions.Trigonometric.DerivHyp	517525c799e9b85e.ltar
Mathlib.Algebra.Category.ModuleCat.Sheaf.Submodule	bfc753fa17efcd60.ltar
Mathlib.Geometry.Convex.Set	ad3446c14ae422f5.ltar
Mathlib.LinearAlgebra.Matrix.Stochastic	cbfc95d816a1af57.ltar
Mathlib.Algebra.MvPolynomial.NoZeroDivisors	f10972a56f710f86.ltar
Mathlib.AlgebraicTopology.SimplexCategory.ToMkOne	7753b2ff42670e8f.ltar
Mathlib.Topology.Compactness.Compact	ca63c42cfe58d7ad.ltar
Mathlib.Analysis.Distribution.AEEqOfIntegralContDiff	4bd6b33075ee4f41.ltar
Mathlib.MeasureTheory.VectorMeasure.Decomposition.Jordan	50a41d4259135a4e.ltar
Mathlib.Order.LiminfLimsup	730910f32fd8eecd.ltar
Mathlib.CategoryTheory.PathCategory.MorphismProperty	4c0e43c33aa70d1b.ltar
Mathlib.MeasureTheory.VectorMeasure.AddContent	1a8ed3e1da0e35b9.ltar
Mathlib.CategoryTheory.Limits.Shapes.Pullback.Categorical.Basic	4ba17131782b98fa.ltar
Mathlib.Algebra.Order.BigOperators.GroupWithZero.List	be174e7ecbd4b5d7.ltar
Mathlib.Data.FinEnum	d520f428c4d9d292.ltar
Mathlib.Basic.ENNReal.Operations	d691cea766b627f0.ltar
Mathlib.RingTheory.OreLocalization.Ring	c9050bdb27e93eaa.ltar
Batteries.CodeAction.Attr	748011cb47197381.ltar
Mathlib.Data.Nat.Cast.Defs	87cb6506cc22d414.ltar
Mathlib.AlgebraicTopology.ExtraDegeneracy	ac7681e84c17d3dd.ltar
Mathlib.Analysis.SpecialFunctions.Trigonometric.Deriv	3d12de42fc5fafbf.ltar
Mathlib.Data.Fin.Pigeonhole	828cc72616a492ca.ltar
Mathlib.RepresentationTheory.Homological.ContCohomology.LowDegree	ccfb8e07787d7e10.ltar
Mathlib.FieldTheory.RatFunc.Basic	b8235c5e58cadd39.ltar
Mathlib.Data.Fintype.Quotient	7103c2ea0d1c80ec.ltar
Mathlib.Combinatorics.SetFamily.Intersecting	2e061c47613e2c36.ltar
Mathlib.Tactic.Peel	432bafbd3b59c799.ltar
Mathlib.Algebra.CubicDiscriminant	6eba37047b843c86.ltar
Mathlib.Analysis.ODE.Gronwall	444ed987a207c3d7.ltar
Mathlib.Topology.Sets.Compacts	5686fc4d80c539a7.ltar
Mathlib.Algebra.Homology.BifunctorShift	12183a7ecf6aa168.ltar
Mathlib.MeasureTheory.Function.Egorov	c00001a3449df022.ltar
Mathlib.Topology.MetricSpace.Dilation	36df21e582b7ad6c.ltar
Mathlib.Combinatorics.Hall.Basic	7603206c39140390.ltar
Mathlib.Data.Finsupp.SMul	279977ad841199ec.ltar
Mathlib.LinearAlgebra.FreeModule.Finite.Quotient	d9f6466181ddc812.ltar
Batteries.Data.List	5500e9c9d798e808.ltar
Mathlib.Order.Std	67ab6c0e99a02b2a.ltar
Mathlib.RingTheory.Ideal.Quotient.Nilpotent	2e00781231dfd7bd.ltar
Mathlib.Geometry.Manifold.VectorBundle.LocalFrame	225426fd47c0cb92.ltar
Mathlib.CategoryTheory.Monoidal.Rigid.OfEquivalence	659df1301b17cbfa.ltar
Mathlib.Topology.UniformSpace.DiscreteUniformity	0d360e935ce8d1ab.ltar
Mathlib.Order.LatticeIntervals	84c29cb8781eba37.ltar
Aesop.Builder.Tactic	7f663031b641dac8.ltar
Mathlib.Data.Real.CompleteField	abebc4fb89c17f0f.ltar
Mathlib.Algebra.Homology.ShortComplex.Exact	9b2de3179fd8c101.ltar
Mathlib.MeasureTheory.Measure.Comap	fd7fa3ca4aab667a.ltar
Mathlib.Analysis.Analytic.CPolynomialDef	1fe9dfc9ac39ed88.ltar
Mathlib.Data.List.Lookmap	7deebb39b0437335.ltar
Mathlib.Condensed.Light.AB	25eaea8ef42deb74.ltar
Mathlib.NumberTheory.NumberField.InfiniteAdeleRing	21c645d4c8a28971.ltar
Mathlib.Geometry.Euclidean.MongePoint	77ba12a758b8914f.ltar
Mathlib.MeasureTheory.SpecificCodomains.ContinuousMapZero	10a8c86a3dfa2299.ltar
Mathlib.Algebra.Order.Sub.Defs	ae2c1fc3390d6b5d.ltar
Mathlib.Algebra.Algebra.Operations	cd9e60c80ca36ab4.ltar
Mathlib.Data.ZMod.QuotientGroup	f0e2aa4362cadfd2.ltar
Mathlib.Algebra.Order.Hom.TypeTags	7e96bc97a9872b48.ltar
Mathlib.LinearAlgebra.Multilinear.Finsupp	a8459ef6bbeab378.ltar
Mathlib.Topology.Sets.OpenCover	5becf6767c830eb7.ltar
Mathlib.AlgebraicGeometry.PointsPi	caef49c35d4b3be0.ltar
Mathlib.CategoryTheory.SmallObject.TransfiniteIteration	f34349c7edce7220.ltar
ImportGraph.Imports.RequiredModules	f4bf559fe8dd050f.ltar
Mathlib.AlgebraicGeometry.AffineScheme	5e471a440cace39e.ltar
Mathlib.Topology.UniformSpace.UniformApproximation	a0b0a6ad4ad32f20.ltar
Mathlib.CategoryTheory.EffectiveEpi.Basic	99d34a7e2cd18a1f.ltar
Aesop.Forward.RuleInfo	2ca9b5fccc64ae6c.ltar
Mathlib.Control.Functor	5cc1c1458c7b6b13.ltar
Mathlib.Algebra.Group.Subgroup.Ker	926a71fdf924390d.ltar
Mathlib.Tactic.Ring.Basic	dd933f2999b10d9e.ltar
Mathlib.Tactic.Ext	57151487e2c6da09.ltar
Mathlib.LinearAlgebra.FreeModule.Int	a7127e9b6b89584b.ltar
Mathlib.NumberTheory.LSeries.Basic	eaa20d0c0002031c.ltar
Mathlib.Control.Basic	ef10d36fcc153113.ltar
Mathlib.Analysis.Calculus.ContDiff.Deriv	eaa79f492a6a35ce.ltar
ImportGraph.Graph.TransitiveClosure	03749eba8d3b1822.ltar
Mathlib.Algebra.Order.Interval.Set.Instances	6f52cb0fd35623c5.ltar
Mathlib.LinearAlgebra.PiTensorProduct.Dual	5621cae6efffdf37.ltar
Mathlib.Topology.Instances.Shrink	592be29a05fda489.ltar
Mathlib.LinearAlgebra.RootSystem.RootPairingCat	e80a38b055a9732d.ltar
Mathlib.Computability.TuringMachine.Computable	c067ac97ecbf1717.ltar
Mathlib.Topology.Algebra.RestrictedProduct.Basic	19b3cd10769c60e8.ltar
Mathlib.Data.Fintype.Fin	ce35c6005ae7a675.ltar
Mathlib.Order.Interval.Set.OrdConnectedComponent	2043ca4c5208968e.ltar
Mathlib.RingTheory.Polynomial.IrreducibleRing	24f0f57f51aabdee.ltar
Mathlib.Geometry.Euclidean.Inversion.Calculus	a6716eb94d69a973.ltar
Mathlib.AlgebraicGeometry.Morphisms.OpenImmersion	1082e41ed024e23d.ltar
Mathlib.Algebra.Homology.DerivedCategory.TStructure	ba2cfeadaffbf3f4.ltar
Mathlib.Data.ZMod.IntUnitsPower	ba16e8255a19dfb6.ltar
Mathlib.Order.Defs.Unbundled	7a67b154788f8f63.ltar
Mathlib.CategoryTheory.Sites.GlobalSections	24687f398a2d8743.ltar
Mathlib.CategoryTheory.Sites.Descent.DescentDataPrime	466870df485c6999.ltar
Mathlib.Algebra.Order.Monoid.Lex	13727e2ccb26c772.ltar
Mathlib.Data.DFinsupp.WellFounded	6f60ead3858898f0.ltar
Mathlib.LinearAlgebra.Projection	ccf8e07627ce4879.ltar
Mathlib.AlgebraicTopology.SimplicialSet.Subcomplex	882d79466ddb4bb7.ltar
Mathlib.Data.Vector.Basic	7b3412489b15eb9d.ltar
Mathlib.Data.Set.CoeSort	d4cc8dc29f3b7f86.ltar
Mathlib.MeasureTheory.Integral.Bochner.Basic	ffeb36af847ed22c.ltar
Mathlib.NumberTheory.AbelSummation	f4b20e6364397064.ltar
Mathlib.Topology.Bornology.BoundedOperation	adc0dc885c8bf378.ltar
Mathlib.Data.WSeq.Defs	52ab04309882818f.ltar
Mathlib.Data.Fin.Tuple.Sort	a500d1f0335c16f0.ltar
Mathlib.Algebra.CharZero.Quotient	9f6a38252b179898.ltar
Mathlib.Analysis.Convex.Cone.InnerDual	647cad3f1a7a63fe.ltar
Mathlib.Tactic.Widget.CommDiag	93185e62ae64291c.ltar
Mathlib.CategoryTheory.Limits.Shapes.Multiequalizer	4d83da9ee2b6bd1c.ltar
Mathlib.Combinatorics.Quiver.Symmetric	0d3446a0c9bf3e37.ltar
Mathlib.RingTheory.MvPowerSeries.Trunc	e3d74f3e357a8830.ltar
Mathlib.CategoryTheory.Idempotents.Biproducts	1b4d16c77603c262.ltar
Mathlib.Order.Interval.Finset.Gaps	eb9916db0d12fc07.ltar
Mathlib.CategoryTheory.Subfunctor.Basic	cb429ab91348df84.ltar
Mathlib.RingTheory.Smooth.Locus	4ab258a18199d3cc.ltar
Mathlib.CategoryTheory.Limits.Preserves.Ulift	43c8c70f6a34a983.ltar
Mathlib.Analysis.CStarAlgebra.Spectrum	372a46b69cfa04ff.ltar
Mathlib.Combinatorics.Quiver.SingleObj	48fba5c70d48bea6.ltar
Mathlib.CategoryTheory.Sites.Point.Map	a8687a1b68439826.ltar
Mathlib.MeasureTheory.OuterMeasure.OfAddContent	358bf78a73240ee8.ltar
Mathlib.SetTheory.Cardinal.Cofinality.Ordinal	72e83aa6836b7a20.ltar
Mathlib.MeasureTheory.Measure.ResolventTransform	4bbf5715b846a806.ltar
Mathlib.RingTheory.SimpleRing.Basic	bc5538836c04ca02.ltar
Mathlib.CategoryTheory.Category.Bipointed	0fd67eca93ecb344.ltar
Mathlib.Condensed.Light.Functors	fa3066fc004906e2.ltar
Mathlib.CategoryTheory.Bicategory.Functor.Oplax	626a0583c000a978.ltar
Mathlib.LinearAlgebra.ExteriorPower.Basis	6229ac77f170f21c.ltar
Mathlib.Topology.Compactness.SigmaCompact	8c870d5f1c688ac4.ltar
Mathlib.Topology.Order.PartialSups	b4afa3ce223010a6.ltar
Mathlib.Tactic.NormNum.OfScientific	e3cb87330357d619.ltar
Mathlib.Analysis.SpecialFunctions.Pow.Deriv	cf112c6c8310c2fd.ltar
Mathlib.Probability.Kernel.Composition.MapComap	aa47a4db64e8301b.ltar
Mathlib.Data.Rel.Separated	aaa5780fc1b63047.ltar
Mathlib.Tactic.Common	b7130a44acfd595a.ltar
Mathlib.Topology.MetricSpace.Polish	ec8bd741afbbe027.ltar
Mathlib.Dynamics.Newton	a25cd429bbc431e2.ltar
Mathlib.NumberTheory.LSeries.ZetaZeros	907e1ca52cdf9493.ltar
Mathlib.CategoryTheory.Limits.ConcreteCategory.WithAlgebraicStructures	9d26a6ae197dade0.ltar
Mathlib.Data.Real.Star	9d38918308183899.ltar
Mathlib.Analysis.SpecialFunctions.Trigonometric.Chebyshev.Basic	b15928dc42ba82fc.ltar
Mathlib.Probability.Independence.Conditional	761b7a6bc851e9f1.ltar
Mathlib.Computability.TuringMachine.Tape	4ef9c3f9937785ab.ltar
Mathlib.CategoryTheory.MorphismProperty.Composition	d324191d2fafb771.ltar
Mathlib.AlgebraicGeometry.ProjectiveSpectrum.Basic	83d2598e96b79f38.ltar
Mathlib.CategoryTheory.SmallRepresentatives	3f7b2a359511e1a9.ltar
Mathlib.RingTheory.PowerSeries.Schroder	d5506ee9b400cc42.ltar
Mathlib.Geometry.Manifold.VectorBundle.CovariantDerivative.Basic	dd9c1e3a08802c01.ltar
Mathlib.RingTheory.HahnSeries.Binomial	30c3048c0d604639.ltar
Mathlib.MeasureTheory.Group.Integral	67431248a97543dd.ltar
Mathlib.Algebra.Module.FinitePresentation	b19272af0feb13a9.ltar
Mathlib.LinearAlgebra.Dimension.Torsion.Finite	22b86211b7b1767f.ltar
Mathlib.CategoryTheory.Subobject.Types	8e84b0a634a08777.ltar
Mathlib.Tactic.Conv	7cc46c94d22c7f65.ltar
Mathlib.CategoryTheory.ConcreteCategory.EpiMono	185f0351e1d327ea.ltar
Mathlib.LinearAlgebra.CliffordAlgebra.SpinGroup	4ca789d941da8c88.ltar
Mathlib.MeasureTheory.Function.AbsolutelyContinuous	0fd548f9776634df.ltar
Mathlib.Algebra.Module.LinearMap.End	97bcabf56db68167.ltar
Mathlib.Analysis.Calculus.LineDeriv.IntegrationByParts	4dec6360af81110f.ltar
Mathlib.Geometry.Euclidean.Angle.Unoriented.Projection	75d95f9e98c20607.ltar
Mathlib.CategoryTheory.Monoidal.Rigid.Basic	985204217e207869.ltar
Mathlib.Probability.Kernel.Composition.AbsolutelyContinuous	09655ba017e58bd0.ltar
Mathlib.Algebra.Order.Group.Action	e5ea50006868dec7.ltar
Mathlib.SetTheory.Ordinal.Basic	b7a8c068af9fcd43.ltar
Mathlib.RingTheory.LocalRing.MaximalIdeal.Defs	f1e7913f2cbacc1a.ltar
Mathlib.LinearAlgebra.QuadraticForm.Isometry	953e8c21a4f858cb.ltar
Mathlib.RingTheory.OrderOfVanishing.Basic	84faf0d4dee33aa7.ltar
Aesop.Util.Unfold	d0119763257a97eb.ltar
Mathlib.CategoryTheory.Subobject.WellPowered	29be783ded59a9f3.ltar
LeanSearchClient.Basic	c300e6d6de88c9d0.ltar
Mathlib.MeasureTheory.Constructions.Cylinders	43137d9a52d937de.ltar
Mathlib.CategoryTheory.Enriched.Opposite	f40558d11f0da277.ltar
Mathlib.CategoryTheory.ObjectProperty.LimitsOfShape	4226823a846c15e3.ltar
Mathlib.LinearAlgebra.Multilinear.FiniteDimensional	1c2f184cdc082c49.ltar
Mathlib.Data.Nat.Digits.Defs	265b334b2c0b618b.ltar
Mathlib.CategoryTheory.Galois.ContAction	19f4b54261aeb37b.ltar
Mathlib.Topology.UniformSpace.Dini	0d04ba530500f584.ltar
Mathlib.Testing.Plausible.Sampleable	91950532af57d71b.ltar
Mathlib.GroupTheory.GroupAction.Primitive	d345b73b243ea6c7.ltar
Mathlib.Topology.Algebra.ValuativeRel.ValuativeTopology	4eb78a167f0000af.ltar
Mathlib.RingTheory.DedekindDomain.Basic	11d47ff9f83261c6.ltar
Mathlib.RingTheory.Valuation.Basic	1e009b31925647dd.ltar
Mathlib.RepresentationTheory.Rep.Res	187e7d138b425998.ltar
Mathlib.Algebra.Category.ModuleCat.Images	a31c10edb48337eb.ltar
Mathlib.GroupTheory.Perm.Cycle.Concrete	7d396f72a3e1088f.ltar
Mathlib.Combinatorics.Matroid.Minor.Restrict	c9a29bf80bdb54f1.ltar
Mathlib.Algebra.MvPolynomial.Cardinal	df094204fc1801a8.ltar
Mathlib.AlgebraicGeometry.Morphisms.FlatRank	5da9b4fc0ba85356.ltar
Mathlib.Algebra.Order.Star.Prod	95a2dba17ad37a6e.ltar
Mathlib.Topology.Order.UpperLowerSetTopology	3f4aa7a35aa7d3b8.ltar
Mathlib.GroupTheory.Subgroup.Center	83c41d886e75e5e4.ltar
Mathlib.FieldTheory.MvRatFunc.Rank	a2a90add8850f78b.ltar
Mathlib.NumberTheory.ClassNumber.Finite	8eb297003bf0f012.ltar
Mathlib.Order.Filter.AtTopBot.Tendsto	3f8dd0493286b800.ltar
Mathlib.CategoryTheory.Limits.Preserves.Shapes.Products	59029485a1651dd6.ltar
Mathlib.Topology.NhdsSet	ccef8560b05741ee.ltar
Mathlib.CategoryTheory.Abelian.Subcategory	d71c90d49ac68ec1.ltar
Mathlib.RingTheory.Adjoin.Polynomial	844e3b4d9f645466.ltar
Mathlib.Algebra.MonoidAlgebra.Basic	e09d1ea62701ae33.ltar
Mathlib.Topology.Algebra.Valued.WithVal	fbc27b9e9fee606e.ltar
Mathlib.Lean.Elab.InfoTree	3da25e8d20b56b88.ltar
Mathlib.MeasureTheory.VectorMeasure.WithDensity	70f6c95498e39297.ltar
Mathlib.RingTheory.Artinian.Defs	d5ae8554380e83a9.ltar
Mathlib.LinearAlgebra.Matrix.InvariantBasisNumber	2ffe82f255c43195.ltar
Mathlib.Algebra.Order.Monoid.Unbundled.WithTop	a42591618922bddf.ltar
Mathlib.Topology.Algebra.Module.Spaces.CharacterSpace	7c1eae1c7d3af822.ltar
Mathlib.Data.Nat.Find	33a6c23ce3dd29e2.ltar
Mathlib.CategoryTheory.Sites.Abelian	c11e8e040a45cfa4.ltar
Mathlib.Geometry.RingedSpace.PresheafedSpace.Gluing	04aec4069cf09993.ltar
Mathlib.Analysis.CStarAlgebra.Extreme	ef842a437b847725.ltar
Mathlib.Tactic.NormNum.PowMod	9c8fe68ac9d4e777.ltar
Mathlib.MeasureTheory.Function.SpecialFunctions.Inner	73fb89119f60db04.ltar
Mathlib.CategoryTheory.Galois.EssSurj	593ba82bde035fc7.ltar
Mathlib.Data.List.NodupEquivFin	bf865a21e51c0ce7.ltar
Mathlib.Topology.Algebra.AffineSubspace	1abe8c1bdb883389.ltar
Mathlib.LinearAlgebra.JordanChevalley	8eca004a39adbda8.ltar
Mathlib.Algebra.Central.Matrix	da9873a4520f37d7.ltar
Mathlib.MeasureTheory.Group.FoelnerFilter	63811bb8262cf7c7.ltar
Mathlib.Algebra.Ring.Action.Rat	af0f11f5a3ff2fc8.ltar
Mathlib.Analysis.Distribution.SchwartzSpace.Deriv	186e33ab57b58510.ltar
Mathlib.Order.Monotone.Monovary	4d210cf80366e9bc.ltar
Mathlib.Algebra.Group.IsCommutative	5efc3d702c48b89e.ltar
Mathlib.Tactic.ClearExclamation	7bb64467e690069a.ltar
Mathlib.Data.ZMod.Coprime	fca213034f7fb28b.ltar
Mathlib.Combinatorics.Enumerative.Catalan.Tree	4732f9a267564ad4.ltar
Mathlib.Control.Traversable.Basic	c60cfd68831a0499.ltar
Mathlib.Analysis.InnerProductSpace.NormPow	ee092b1acdcfcba2.ltar
Mathlib.Data.ENNReal.Operations	52c3d7216157e14c.ltar
Mathlib.CategoryTheory.Bicategory.NaturalTransformation.Oplax	f5888304976b9edb.ltar
Mathlib.Analysis.InnerProductSpace.GramSchmidtOrtho	0b2e43ac92490193.ltar
Mathlib.Lean.Name	1d51d3c82fa215ce.ltar
Mathlib.Analysis.Polynomial.Factorization	447ddf1f275f03a5.ltar
Mathlib.Data.Int.Notation	af6ad04677cfec36.ltar
Mathlib.Tactic.ComputeAsymptotics.Multiseries.Majorized	aa4e99a2eeab790f.ltar
Mathlib.Order.CompleteLattice.MulticoequalizerDiagram	50a168fce7c66f5d.ltar
Mathlib.Topology.Algebra.ProperAction.AddTorsor	06148793174adea7.ltar
Mathlib.Util.AddRelatedDecl	cc90752018118fae.ltar
Mathlib.Algebra.Ring.Regular	c962fd14ad1b834b.ltar
Mathlib.Computability.RE	9abcf570a7c1d8c7.ltar
Mathlib.Basic.Real.Basic	053ebc36b7ee5a49.ltar
Mathlib.Order.Antisymmetrization	65050f366163657e.ltar
Mathlib.CategoryTheory.Presentable.IsDiscrete	958d01802665afee.ltar
Mathlib.Logic.Pairwise	2a5f62bb7e1be9b7.ltar
Mathlib.Algebra.Group.Subgroup.MulOpposite	02bb057b8ff4f272.ltar
Mathlib.CategoryTheory.SmallObject.Iteration.ExtendToSucc	e1adb80b0449640c.ltar
Mathlib.Algebra.Lie.Classical	adae3a2f016a31d3.ltar
Mathlib.CategoryTheory.LocallyCartesianClosed.ChosenPullbacksAlong	272cc570395d43b7.ltar
Mathlib.CategoryTheory.Limits.Final.ParallelPair	510535b00b43b6e0.ltar
Mathlib.Topology.Algebra.ProperAction.ProperlyDiscontinuous	efa8ae10c16a7cf0.ltar
Mathlib.Algebra.Category.BoolRing	6e361427ca96e4b6.ltar
Mathlib.Data.Rel	78502b713d29df1d.ltar
Mathlib.RingTheory.PowerSeries.Log	56fec213f9f02505.ltar
Mathlib.LinearAlgebra.Matrix.DotProduct	f54785baf288c7e3.ltar
Mathlib.Topology.Algebra.InfiniteSum.Basic	ea6c29691e2d1794.ltar
Mathlib.CategoryTheory.Limits.Shapes.WideEqualizers	03727e73e7512353.ltar
Mathlib.LinearAlgebra.FiniteDimensional.Lemmas	f2aef9dc6f6302ac.ltar
Mathlib.Analysis.Calculus.Darboux	0836c0b8fb0f1a65.ltar
Mathlib.LinearAlgebra.Matrix.Gershgorin	60d2b8fdfeaf6c0a.ltar
Mathlib.Topology.Algebra.NonUnitalStarAlgebra	70d4af3189433172.ltar
Mathlib.AlgebraicTopology.DoldKan.Projections	1c24922d204a5a06.ltar
Mathlib.Geometry.Euclidean.Congruence	b786f149243a9ba2.ltar
Mathlib.Combinatorics.Configuration	8ba82721500704eb.ltar
Mathlib.RingTheory.Ideal.Pointwise	f29ed38d5c46b645.ltar
Mathlib.Algebra.Order.Module.HahnEmbedding	bdd76892283a97a8.ltar
Mathlib.Analysis.Normed.Ring.Units	184b642ad29c3bc8.ltar
Mathlib.CategoryTheory.MorphismProperty.Retract	d5c38f508a411f98.ltar
Mathlib.MeasureTheory.Measure.Restrict	6ec1702e9cd49a43.ltar
Mathlib.AlgebraicGeometry.Morphisms.Flat	53ed8212adc6af24.ltar
Mathlib.Tactic.Widget.Conv	8c36311ac9c653ca.ltar
Mathlib.Algebra.AffineMonoid.Basic	84fbd2389613c426.ltar
Mathlib.Lean.MessageData.Trace	9e5b51026f344e5e.ltar
Batteries.Lean.EStateM	dd6b0f6e268f1c95.ltar
Qq.MetaM	a017144c4972fa32.ltar
Mathlib.AlgebraicTopology.SimplicialSet.AnodyneExtensions.Rank	68577b3d66c8f8ec.ltar
Mathlib.Topology.Algebra.Group.Basic	84efea508ab06fd3.ltar
Mathlib.Dynamics.FixedPoints.Prufer	245e192c4246eb23.ltar
Mathlib.Data.Finsupp.Sigma	b559c69e23bbb97e.ltar
Mathlib.Analysis.Complex.PhragmenLindelof	3b681ed18a4e79eb.ltar
Mathlib.Analysis.Normed.Lp.LpEquiv	57c891de30dcab77.ltar
Mathlib.Topology.Algebra.Module.FiniteDimension	26072628cacbcab1.ltar
Mathlib.Topology.Order.LowerUpperTopology	d01bc2806d97404b.ltar
Mathlib.Tactic.Substs	6027a31fe9316217.ltar
Mathlib.NumberTheory.NumberField.Discriminant.Defs	80badb2ad951d338.ltar
Mathlib.Order.Bounds.Lattice	af2496020d814b87.ltar
Qq.Match	d92e270019709624.ltar
Mathlib.LinearAlgebra.TensorProduct.Graded.Internal	8b8a7c411b9f796b.ltar
Mathlib.AlgebraicTopology.RelativeCellComplex.Basic	987abf7636c5f1ed.ltar
Mathlib.Algebra.Module.PID	bbeca513a82b212d.ltar
Mathlib.GroupTheory.GroupAction.MultipleTransitivity	082a421c50ccbebc.ltar
Mathlib.NumberTheory.LegendreSymbol.QuadraticChar.GaussSum	9b0413612beb0f65.ltar
Mathlib.FieldTheory.Galois.NormalBasis	7b9780158b005470.ltar
Mathlib.CategoryTheory.Monad.EquivMon	6d4074c7a307965e.ltar
Mathlib.Algebra.Homology.DerivedCategory.Ext.Basic	5e84754bb2e95014.ltar
Mathlib.Order.Interval.Set.Disjoint	732aa76743007f9f.ltar
Mathlib.Topology.ExtendFrom	270ad9b0624c8547.ltar
Mathlib.Analysis.InnerProductSpace.StarOrder	329c097489b2c1bd.ltar
Mathlib.Topology.Algebra.Ring.Ideal	e8658922103f017f.ltar
Mathlib.Util.AssertNoSorry	a6f34828ee5c0da4.ltar
Mathlib.Analysis.Convex.Segment	11642b6acc53c7d4.ltar
Mathlib.Analysis.Calculus.ContDiffHolder.Pointwise	0027e8a8c78ba353.ltar
Mathlib.NumberTheory.ModularForms.JacobiTheta.Bounds	8af04c751837f7b9.ltar
Mathlib.LinearAlgebra.CliffordAlgebra.Inversion	a9a9ee4869693044.ltar
Mathlib.CategoryTheory.GuitartExact.Quotient	efff8425f71acdfd.ltar
Mathlib.Combinatorics.Tiling.Tile	c53c093f4a16bd22.ltar
Mathlib.Data.Finsupp.MonomialOrder.DegLex	2352033d12360d50.ltar
Mathlib.RingTheory.Coalgebra.Primitive	1963ddf2999c2168.ltar
Mathlib.Algebra.CharP.Quotient	6ad51e4d876e6c4a.ltar
Mathlib.Analysis.Calculus.IteratedDeriv.Defs	06518c1be612d6e3.ltar
Mathlib.NumberTheory.Transcendental.Liouville.Residual	6478828a87c7ebaa.ltar
Mathlib.Topology.Sheaves.PresheafOfFunctions	38ab6a9fe79b8533.ltar
Mathlib.Algebra.Category.Ring.FinitePresentation	ecd4bba78b695564.ltar
Mathlib.Basic.Sign.Defs	ec74c424aa21fbce.ltar
Mathlib.LinearAlgebra.RootSystem.GeckConstruction.Basis	5fa453920d55f124.ltar
Mathlib.CategoryTheory.Widesubcategory	c32e93e7d2c748b3.ltar
Mathlib.CategoryTheory.Filtered.Small	beae41905b9f0da1.ltar
Mathlib.AlgebraicGeometry.Fiber	65d70ffa190f4755.ltar
Mathlib.Analysis.Analytic.Order	41a628d41bd763d0.ltar
Mathlib.Data.Real.ConjExponents	b4172eb13ebcffef.ltar
Mathlib.Analysis.CStarAlgebra.Multiplier	6cd2ec3f6ee15a7a.ltar
Mathlib.CategoryTheory.Abelian.GrothendieckCategory.Subobject	d612d8b92e874ff5.ltar
Mathlib.CategoryTheory.Sites.Plus	84e2d3411c61bcec.ltar
Mathlib.Tactic.Inclusion.Core.Expr	36bb8de33e00c926.ltar
Mathlib.Topology.Algebra.Group.ClosedSubgroup	024ab888ad6ebfda.ltar
Mathlib.Data.Fin.FlagRange	d354b9895adc4eef.ltar
Mathlib.Geometry.Manifold.IntegralCurve.Basic	f5c042eee5a57824.ltar
Mathlib.GroupTheory.GroupAction.SubMulAction	dc0e121c8947eb8d.ltar
Mathlib.RingTheory.MvPowerSeries.PiTopology	ae09337f4d1b915a.ltar
Mathlib.Analysis.CStarAlgebra.Projection	252e96f5b41dde75.ltar
Mathlib.Analysis.SpecialFunctions.Trigonometric.Cotangent	301cfa5ace4fd3ae.ltar
Mathlib.Analysis.Convex.Radon	5571d80ce1297774.ltar
Mathlib.Data.Int.Cast.Defs	474a957b72e2164b.ltar
Mathlib.LinearAlgebra.Matrix.NonsingularInverse	19b0f7a66eaa59af.ltar
Mathlib.Geometry.Manifold.PartitionOfUnity	d79a434558ac4ed2.ltar
Mathlib.Algebra.Category.Grp.LeftExactFunctor	48359ba0003f9385.ltar
Mathlib.Tactic.CrossRefAttribute	8265768d870d85fa.ltar
Mathlib.Data.Int.Fib.Lemmas	bbc21487b0e83d89.ltar
Mathlib.Data.BitVec	4c627b89254295ca.ltar
Mathlib.CategoryTheory.Distributive.Monoidal	8359a5dc4d589010.ltar
Mathlib.Probability.Independence.CharacteristicFunction	01197a9c38675571.ltar
Mathlib.LinearAlgebra.FreeModule.Finite.CardQuotient	cba6cd7f78b81077.ltar
Mathlib.SetTheory.ZFC.Class	7e29136e21322fc4.ltar
Mathlib.CategoryTheory.Limits.Unit	1de9417f4882d86c.ltar
Mathlib.Data.Matrix.Cartan	f940033c15d47149.ltar
Mathlib.Probability.HasCondDistrib	845c5ef5875ab732.ltar
Mathlib.Algebra.Polynomial.Smeval	ffa992d14f837333.ltar
Mathlib.Data.Finset.PiInduction	1558c1ac41c29cc9.ltar
Mathlib.Dynamics.FixedPoints.Topology	cc425ae5003323db.ltar
Mathlib.Combinatorics.Matroid.Minor.Order	bbd80b6a74dda748.ltar
Mathlib.Tactic.Inclusion.Extension.IntervalDyadicReal.Tactic	9ec00af1fd900b93.ltar
Mathlib.Analysis.Calculus.LineDeriv.Basic	41d2b0509c0e0f4b.ltar
Mathlib.Analysis.Normed.Ring.Basic	8989d9aa60d0d432.ltar
Mathlib.Algebra.Central.TensorProduct	c69f2cf33f73f8b6.ltar
Mathlib.Algebra.MonoidAlgebra.PointwiseSMul	78ee23b2e7bf1712.ltar
Mathlib.RingTheory.IntegralClosure.GoingDown	1fbea9bd40551f39.ltar
Mathlib.RingTheory.Ideal.MinimalPrime.Basic	4763a83a7698b824.ltar
Mathlib.MeasureTheory.Measure.ProbabilityMeasure	5f64c8bac2e1dd7e.ltar
Mathlib.Order.BooleanAlgebra.Basic	50f116144c0e710f.ltar
Mathlib.Topology.Subpath	989495285c1fa931.ltar
Mathlib.CategoryTheory.Sites.Coherent.CoherentSheaves	8eb144b5b8ddc7e2.ltar
Mathlib.Tactic.ExistsI	e316c0f13dd17749.ltar
Mathlib.CategoryTheory.Sites.Precoverage.Generates	4a6165a12e45cc2d.ltar
Mathlib.LinearAlgebra.Matrix.Nondegenerate	58b62e50de39ab0f.ltar
Mathlib.Tactic.Simproc.FinsetInterval	1349a74fc4443018.ltar
Mathlib.RingTheory.Bialgebra.TensorProduct	3111f50ff5b9ccf2.ltar
Mathlib.Algebra.Polynomial.CancelLeads	bd1a867faad25efd.ltar
Mathlib.Analysis.Convex.Gauge	394a74541e941f0b.ltar
Mathlib.Algebra.BigOperators.Group.Finset.Preimage	b36c16c14136b002.ltar
Mathlib.AlgebraicGeometry.Sites.Small	82571baa46edab14.ltar
Mathlib.Algebra.Homology.HomotopyCategory.SingleFunctors	126f0c17a5b82acb.ltar
Mathlib.RingTheory.Conductor	0fddfbe3a5158201.ltar
Mathlib.CategoryTheory.Limits.Presheaf	33bcd7861e39e336.ltar
Mathlib.RingTheory.Ideal.AssociatedPrime.Finiteness	5638e360f6b5dd25.ltar
Mathlib.CategoryTheory.Triangulated.Opposite.OpOp	a4477a64bd14e87a.ltar
Mathlib.Tactic.NoncommRing	78be77420bced63d.ltar
Mathlib.CategoryTheory.Limits.FunctorCategory.Shapes.Kernels	39acc61d5801039a.ltar
Mathlib.RingTheory.DividedPowers.Padic	1b4ebfb4e31d0877.ltar
Mathlib.Algebra.Order.Ring.WithTop	f4ab436dbbe59e97.ltar
Mathlib.CategoryTheory.Limits.Shapes.Pullback.IsPullback.Basic	17446975d31113ae.ltar
Aesop.Forward.State.UpdateGoal	35c1a3e1f9f12d45.ltar
Mathlib.CategoryTheory.MorphismProperty.HasCardinalLT	051b52591d9d9980.ltar
Mathlib.CategoryTheory.Shift.Linear	f4e5702235de2b1d.ltar
Mathlib.CategoryTheory.Groupoid	ae830c8c4dc4febd.ltar
Mathlib.Algebra.Module.ZMod	ad934f023b369d80.ltar
Mathlib.SetTheory.Cardinal.Cofinality	deaea4ef4fb118f9.ltar
Mathlib.GroupTheory.Abelianization.Defs	08185e8c8d5f532d.ltar
Mathlib.Algebra.Order.Module.Basic	31db337b31536ca8.ltar
Mathlib.Combinatorics.Digraph.Orientation	0c30935185a4725d.ltar
Mathlib.Algebra.Lie.UniversalEnveloping	6ff1c14865c5aacf.ltar
Mathlib.Algebra.Algebra.Subalgebra.Pointwise	f6abc9461424e6b6.ltar
Mathlib.NumberTheory.Basic	bede2b1c8d026307.ltar
Mathlib.Algebra.Polynomial.Eval.Subring	507443e056b86a85.ltar
Mathlib.Data.Finsupp.Notation	b5e42ce0174bce2b.ltar
Mathlib.Computability.TuringMachine.Config	7e4adfd73743ff73.ltar
Mathlib.Algebra.Order.AbsoluteValue.Basic	605f60333634bc79.ltar
Mathlib.Tactic.Variable	79b4d578217c2e82.ltar
Mathlib.Tactic.CategoryTheory.CancelIso	b59a2e97abcbde05.ltar
Mathlib.Topology.EMetricSpace.Paracompact	51dcda8699f3589f.ltar
Mathlib.Algebra.Regular.SMul	f875cf2ef9b7b94a.ltar
Mathlib.MeasureTheory.Measure.AEDisjoint	667dc6c2036cb29f.ltar
Mathlib.Topology.Algebra.Module.LocallyConvex	d2c6b0c35c3672d1.ltar
Mathlib.Analysis.CStarAlgebra.ContinuousFunctionalCalculus.Instances	37775a8dfab79d46.ltar
Mathlib.CategoryTheory.Noetherian	b453e9a26caa358e.ltar
Mathlib.Algebra.NonAssoc.PreLie.Basic	8615b2755b8c4b98.ltar
Mathlib.Topology.ContinuousMap.LocallyConvex	92223c86e8fbad2c.ltar
Mathlib.Topology.Compactification.StoneCech	247cf6201e7ec17e.ltar
Mathlib.Algebra.Category.Ring.LinearAlgebra	446efa223d642b18.ltar
Mathlib.CategoryTheory.Limits.Over	70140a2287defb22.ltar
Mathlib.CategoryTheory.Bicategory.InducedBicategory	6f4d291e77818748.ltar
Mathlib.Combinatorics.Enumerative.Partition.Basic	5fb011f3a2d8d796.ltar
Mathlib.Algebra.Group.Pointwise.Finset.BigOperators	d93d1e151b246496.ltar
Mathlib.RepresentationTheory.Induced	4f037fd2b17a849a.ltar
Mathlib.Data.List.Sections	b342947bdbc87edf.ltar
Mathlib.Algebra.Module.BigOperators	ea5aa8d4977f4ed7.ltar
Mathlib.Algebra.Category.ModuleCat.EnoughInjectives	90c9473681227d38.ltar
LeanSearchClient.LoogleSyntax	93b59d82207ce26b.ltar
Mathlib.AlgebraicTopology.ModelCategory.Transport	a348dbaad6c5c8eb.ltar
Mathlib.Algebra.Order.Ring.Ordering.Defs	c04d486306152033.ltar
Mathlib.Algebra.Ring.BooleanRing	ec12f18b9d03033e.ltar
Mathlib.Data.Set.Finite.Basic	beb108d02df69c77.ltar
Mathlib.MeasureTheory.VectorMeasure.IntegrationByParts	29e559e5ad65bc18.ltar
Mathlib.CategoryTheory.Monoidal.Closed.Enrichment	e75527ed7e4e3c38.ltar
Mathlib.MeasureTheory.Integral.IntervalIntegral.AbsolutelyContinuousFun	dd8d2a03a95726b8.ltar
Mathlib.RingTheory.SimpleModule.InjectiveProjective	b71b43277e10aad5.ltar
Mathlib.AlgebraicGeometry.OpenImmersion	096452a44c29243d.ltar
Mathlib.AlgebraicTopology.SingularHomology.HomotopyInvariance	d7851a0051901aff.ltar
Mathlib.NumberTheory.ArithmeticFunction.Defs	0bc3210ef0466fed.ltar
Batteries.Lean.HashMap	50cf811f39bef2a6.ltar
Aesop.Search.Expansion.Simp	d4a0a224f6e18e40.ltar
Mathlib.AlgebraicGeometry.EllipticCurve.LFunction	baf2cf50398e9ce8.ltar
Mathlib.Topology.Algebra.TopologicallyNilpotent	15c6007a31678396.ltar
Mathlib.RingTheory.Polynomial.Cyclotomic.Eval	b93fb36ee25a451c.ltar
Mathlib.Data.Int.LeastGreatest	8b4abee75436dbc5.ltar
Mathlib.CategoryTheory.Limits.FunctorCategory.EpiMono	958296e59aa96f8f.ltar
Mathlib.RingTheory.Finiteness.Nilpotent	e4601f41344eb6cf.ltar
Mathlib.Order.Filter.Tendsto	2ab7294db4826ce4.ltar
Mathlib.Data.Part	ab4d3c2a58b8b165.ltar
Mathlib.RingTheory.Radical.Basic	d3f7fa689bc5afab.ltar
Mathlib.Topology.Compactness.CompactlyGeneratedSpace	9da7633fc83d3f65.ltar
Mathlib.Tactic.Spread	408c7421ae52e2a7.ltar
Mathlib.Order.Filter.Prod	bb5515c30a04b008.ltar
Mathlib.Algebra.Star.Pointwise	cda6749295ac7844.ltar
Mathlib.MeasureTheory.Function.LpSpace.Indicator	052c251b7c0c2fac.ltar
Mathlib.RingTheory.GradedAlgebra.Homogeneous.Maps	05acdf2bcc76a875.ltar
Mathlib.Analysis.SpecialFunctions.Pow.NthRootLemmas	1691b3711d4ffd4f.ltar
Batteries.Tactic.Lint.Basic	5d60ae786ebd40ac.ltar
Mathlib.Analysis.InnerProductSpace.Defs	3d44ed4cb10a2991.ltar
Mathlib.Data.List.Rotate	7724d3996211ed04.ltar
Mathlib.RepresentationTheory.Equiv	efeb777d3c55477d.ltar
Mathlib.FieldTheory.RatFunc.Luroth	7c1722a53a7b8d03.ltar
Mathlib.CategoryTheory.Comma.StructuredArrow.Final	b0e1a6f296898340.ltar
Mathlib.Computability.StateTransition	5c4180032eac4529.ltar
Mathlib.NumberTheory.Real.Irrational	e745c65433558940.ltar
Aesop.Tree.Tracing	de4b81eb5f181b9a.ltar
Mathlib.Analysis.Calculus.FDeriv.Congr	44ef405f15024411.ltar
Mathlib.Analysis.Complex.LocallyUniformLimit	bbd4feb4efa62034.ltar
Mathlib.Analysis.InnerProductSpace.Reproducing	6fe5c4b2c93e8227.ltar
Mathlib.RingTheory.Lasker	14b08d3c0eb240f3.ltar
Batteries.Data.Array.Init.Lemmas	0bbb239ee45212c8.ltar
Mathlib.RingTheory.Polynomial.Wronskian	25b02100ad92d066.ltar
Qq.Simp	9ba1316ca7a8b7b7.ltar
Mathlib.CategoryTheory.UnivLE	f508459f84e5b189.ltar
Mathlib.FieldTheory.PurelyInseparable.Basic	036e60750b2e5caf.ltar
Mathlib.Data.ENat.Defs	e7b8ea56d0067e40.ltar
Mathlib.Analysis.Calculus.FDeriv.Prod	70de1a65792ea7de.ltar
Mathlib.Combinatorics.SetFamily.LYM	c5246269f32f6016.ltar
Aesop.Script.StructureStatic	c59a2b2fbed32dc1.ltar
Mathlib.Algebra.Star.UnitaryStarAlgAut	7916fb67ea0f6c96.ltar
Mathlib.Probability.Moments.MGFAnalytic	753cab913b61ff37.ltar
Mathlib.Data.Set.Opposite	8ac8d9cf4f8d3110.ltar
Mathlib.Data.Complex.BigOperators	de6aa87aaa72e5c7.ltar
Mathlib.AlgebraicGeometry.Morphisms.UniversallyOpen	e0174c844b3e9e8c.ltar
Mathlib.Topology.Order.LeftRightLim	c64c0bd3b6c727df.ltar
Mathlib.Data.Int.CharZero	a51779dff48b0c22.ltar
Mathlib.Combinatorics.Compactness	477c8f4f45d77c70.ltar
Mathlib.Algebra.GroupWithZero.Nat	4f1894f5f8bc6e77.ltar
Mathlib.Algebra.ContinuedFractions.ConvergentsEquiv	53dd52fd61e409cb.ltar
Mathlib.Analysis.Fourier.Notation	4cafa045413965fe.ltar
Mathlib.Topology.Algebra.Constructions	4e00cbbbf5d4332b.ltar
Mathlib.CategoryTheory.Localization.SmallShiftedHom	f094bbd856c5f4ad.ltar
Mathlib.Data.Fintype.Sort	1861267d8a45f406.ltar
Mathlib.Geometry.Manifold.Category.MfldCat.OfModel	f8447f83984edeb4.ltar
Mathlib.Topology.Order.WithTop	c5515e3fcacbd8a9.ltar
Mathlib.Order.ZornAtoms	f8827d0520ba9769.ltar
Mathlib.Algebra.Module.Submodule.Invariant	93c6e6be657c5078.ltar
Mathlib.AlgebraicGeometry.Properties	0d3fd6a70443a423.ltar
Mathlib.Algebra.Category.ModuleCat.Monoidal.Closed	371d5c8fd39e947a.ltar
Mathlib.CategoryTheory.ObjectProperty.SiteLocal	74d4235e5f99b570.ltar
Mathlib.Data.DFinsupp.BigOperators	55b9df966e92a5a0.ltar
Mathlib.Order.Category.FinBoolAlg	3379cf55b65d67d9.ltar
Mathlib.Topology.MetricSpace.CoveringExponent	6d094e6e70bfa017.ltar
Mathlib.LinearAlgebra.Matrix.RowCol	e1c391fcf8d2a3bf.ltar
Mathlib.Topology.UniformSpace.Pi	09af4eabb2b0e4bd.ltar
Mathlib.Order.SupClosed	56f1c872c4e3f1aa.ltar
Mathlib.Analysis.Calculus.FDeriv.Linear	09c0561f4e7bfcd0.ltar
Mathlib.CategoryTheory.LocallyCartesianClosed.Over	7535853f9ef1f005.ltar
Mathlib.Tactic.Replace	bc66d729b757379b.ltar
Mathlib.Analysis.Normed.Algebra.Spectrum	94cd6bcbd5bb50d5.ltar
Mathlib.NumberTheory.FLT.Four	a0019c3681d62734.ltar
Mathlib.RingTheory.TensorProduct.Finite	8e4d4da03bd9ac6d.ltar
Mathlib.Probability.Distributions.Binomial	57799dfccd9ead1b.ltar
Mathlib.Tactic.NormNum.Parity	95d11d3dace9eb67.ltar
Mathlib.Data.DList.Instances	19f9fe74abf4b6c9.ltar
Mathlib.RingTheory.TensorProduct.Maps	34b252c4535bbcad.ltar
Mathlib.MeasureTheory.Measure.OuterMeasure	2fa437f480cbf7e8.ltar
Mathlib.MeasureTheory.Measure.WithDensityFinite	7d26055ecd656c0b.ltar
Mathlib.Topology.Category.TopCat.GrothendieckTopology	eff49f8d134e5863.ltar
Mathlib.Order.Defs.PartialOrder	b82974ca635817cb.ltar
Mathlib.LinearAlgebra.AffineSpace.Independent	a682055482ef8015.ltar
Mathlib.CategoryTheory.Functor.Currying	fb89e24da04da5e4.ltar
Mathlib.RingTheory.Ideal.Quotient.Over	e0f9fe440e0c8f4e.ltar
Mathlib.LinearAlgebra.AffineSpace.AffineSubspace.Shift	e3ac6a5716ce7ad1.ltar
Mathlib.CategoryTheory.Localization.StructuredArrow	63259b44fbe23a66.ltar
Mathlib.Topology.Order.IsLocallyClosed	0b4b978462f1d57c.ltar
Mathlib.RingTheory.UniqueFactorizationDomain.FactorSet	f1735ed01bc09743.ltar
Mathlib.Topology.MetricSpace.HausdorffAlexandroff	78fc1ec9537c36d8.ltar
Mathlib.Algebra.Homology.Embedding.TruncLEHomology	03fe056936489b47.ltar
Mathlib.Topology.Algebra.Order.Group	d8c082445dbad147.ltar
Mathlib.Analysis.SpecialFunctions.SmoothTransition	194a7b067522af02.ltar
Mathlib.RingTheory.Nilpotent.Lemmas	c0a8df1e025701ad.ltar
Mathlib.Tactic.Observe	462114a5094224ae.ltar
Mathlib.RingTheory.ReesAlgebra	682a61458b9e573e.ltar
Mathlib.Data.Multiset.Sym	3116ec7ee1f70062.ltar
Mathlib.Algebra.Order.Group.Multiset	534b5059d2dbda4a.ltar
Mathlib.Topology.Algebra.Valued.LocallyCompact	c915553a8e3ccebf.ltar
Mathlib.GroupTheory.Archimedean	4b5beb4aa7469089.ltar
Mathlib.FieldTheory.KummerExtension	f867094349db20df.ltar
Mathlib.Tactic.Inclusion.Core.Inclusion	9416c9ca78770e54.ltar
Mathlib.LinearAlgebra.Finsupp.Pi	751980ba7c7224a1.ltar
Mathlib.Algebra.Lie.Derivation.Killing	3b6c102a78274aa5.ltar
Batteries.CodeAction.Misc	5b17d0ae27df9564.ltar
Mathlib.Algebra.BigOperators.Group.Finset.Piecewise	77eeab2f2620a50e.ltar
Mathlib.GroupTheory.Goursat	e409f5ccfd7e6238.ltar
Mathlib.Topology.Homotopy.HSpaces	cd0c1592ae42852e.ltar
Mathlib.CategoryTheory.Sites.Coherent.RegularTopology	baadfc947d8bab51.ltar
Qq.Delab	e6e7a555af4e1f20.ltar
Mathlib.Topology.Sheaves.Over	c605352bfaf07db5.ltar
Mathlib.Algebra.Ring.GrindInstances	490d517e5fcd37ec.ltar
Mathlib.Topology.Algebra.ClopenNhdofOne	7ec18c9488f4c4b2.ltar
Mathlib.Computability.TuringMachine.PostTuringMachine	74f0103fcf14d266.ltar
Mathlib.AlgebraicGeometry.EllipticCurve.DivisionPolynomial.Degree	c7935b9150359445.ltar
Mathlib.Topology.Category.LightProfinite.Sequence	a5a1c336f8647f19.ltar
Mathlib.RingTheory.Adjoin.FG	bb43d49ab1ca9a88.ltar
Mathlib.Data.Finsupp.ToDFinsupp	46a4c183cda78057.ltar
Mathlib.AlgebraicGeometry.Modules.Tilde	6c970538226dbf33.ltar
Mathlib.CategoryTheory.Adjunction.Lifting.Right	e00cc40a8dd2d7e2.ltar
Mathlib.Topology.ContinuousOn	225512e21d42c2a3.ltar
Mathlib.Analysis.Normed.Operator.FredholmAlternative	e992da417961cd59.ltar
Mathlib.MeasureTheory.Function.AEEqFun	cd837282aca0a4b0.ltar
Mathlib.Tactic.GCongr	7defddc830995b64.ltar
Mathlib.Geometry.Manifold.LocalSourceTargetProperty	c9b0a792a32141d4.ltar
Mathlib.Probability.Decision.Risk.RiskIncrease	e5f8548a3ed03a1d.ltar
Mathlib.Algebra.Order.Ring.Pow	5b7ae8d4cecb3379.ltar
Mathlib.ModelTheory.Algebra.Field.CharP	9d38701bc22351d5.ltar
Mathlib.CategoryTheory.Localization.Bifunctor	ae6628f24c29fdc8.ltar
Mathlib.Algebra.Module.Submodule.Union	3f1d737a23ccc86c.ltar
Mathlib.Data.Finset.Sort	a4f1d0a1d8fcb382.ltar
Mathlib.Dynamics.PeriodicPts.Defs	55cfd1f1d3a1feb1.ltar
Mathlib.RingTheory.Spectrum.Maximal.Defs	1877a78e7cfbd261.ltar
Mathlib.NumberTheory.LSeries.Nonvanishing	dc9ee29f809cb075.ltar
Mathlib.Analysis.Fourier.Inversion	2b99be66fb0ed016.ltar
Mathlib.MeasureTheory.Measure.LevyProkhorovMetric	569d6f83b4cd9ca2.ltar
Mathlib.Analysis.SpecialFunctions.Trigonometric.ComplexDeriv	63168b1a662c8185.ltar
Mathlib.LinearAlgebra.Eigenspace.Charpoly	29f15de1901b4a5b.ltar
Mathlib.Data.Nat.PadicValNat	c9a01ccdbeef0dfa.ltar
Mathlib.Algebra.Group.InjSurj	984a16d4c9364017.ltar
Mathlib.Data.SubtypeNeLift	767f9b3bf2636ed5.ltar
Mathlib.CategoryTheory.Sites.Coherent.ExtensiveSheaves	b294e81ef4b34299.ltar
Mathlib.Tactic.CategoryTheory.Monoidal.Datatypes	71061a2ad9a323c9.ltar
Mathlib.Topology.Algebra.UniformFilterBasis	683521e2794118a0.ltar
Mathlib.RingTheory.Noetherian.Orzech	6ad016c7e355d791.ltar
Mathlib.Data.Int.Cast.Field	f36fb2ed6d4c4f72.ltar
Mathlib.Combinatorics.Enumerative.Pentagonal.Ring	635d52caaef1cb65.ltar
Mathlib.CategoryTheory.EffectiveEpi.Coproduct	5089fb6fedf88985.ltar
Mathlib.Topology.Algebra.Module.LinearMapPiProd	7cc35e3abe7bb967.ltar
Mathlib.Analysis.Polynomial.Basic	ef711c35f74e1df6.ltar
Mathlib.CategoryTheory.Localization.Adjunction	454fc2d576b2a2d8.ltar
Mathlib.Data.Rat.Lemmas	ecb9aa2c6c23eedf.ltar
Mathlib.Order.Interval.Set.SurjOn	0b186defaedb5003.ltar
Mathlib.Data.WSeq.Productive	97e0b474a4e1f3d5.ltar
Mathlib.Analysis.Distribution.TestFunction	340dc375e6d80f7e.ltar
Mathlib.CategoryTheory.ObjectProperty.Opposite	d5a3d3da79dd9fa4.ltar
Mathlib.Algebra.Algebra.Subalgebra.Basic	073a07253091723e.ltar
Mathlib.Data.LawfulXor.Equiv	9cee6fe4506c9824.ltar
Mathlib.Data.PNat.Equiv	de98a28a3d4387c7.ltar
Mathlib.Data.QPF.Multivariate.Constructions.Sigma	a47e369003a1a641.ltar
Mathlib.Tactic.GCongr.ForwardAttr	7681dd144c598246.ltar
Mathlib.Algebra.Lie.Basis.Base	53237a339d6e2294.ltar
Batteries.Data.Range	f0d5c31dee588245.ltar
Mathlib.Tactic.Measurability	86b1587280dbd17a.ltar
Mathlib.CategoryTheory.Functor.Trifunctor	26c74c3389c99071.ltar
Aesop.Tree.Traversal	8c2d8b5ce2589b48.ltar
Mathlib.Algebra.Ring.MinimalAxioms	355773a64d9996da.ltar
Mathlib.RingTheory.TwoSidedIdeal.Lattice	828131db170699ba.ltar
Mathlib.CategoryTheory.Limits.Final.Type	d9034eff60a76589.ltar
Mathlib.Geometry.Euclidean.Sphere.PolePolar	6ca8cf55960c2eaa.ltar
Mathlib.RingTheory.Etale.Descent	8f71f61b5adb966b.ltar
Mathlib.RingTheory.DividedPowers.SubDPIdeal	7bee679cd55bdd21.ltar
Mathlib.Basic.ENNReal.Basic	6969551da93667d3.ltar
Mathlib.Algebra.GCDMonoid.Nat	e2bcef7b52b404c7.ltar
Mathlib.GroupTheory.Perm.ConjAct	7ae4fc34171a42a9.ltar
Batteries.Data.String.Basic	b4c3089b5f338ca4.ltar
Mathlib.AlgebraicGeometry.Artinian	0ae2e3d4c9829d42.ltar
Mathlib.Analysis.CStarAlgebra.SpecialFunctions.PosPart	722872ff877ba3d2.ltar
Mathlib.Algebra.Order.Nonneg.Basic	e67a339b8b83e6af.ltar
Mathlib.AlgebraicTopology.SimplicialSet.Basic	65edad0d526da5a5.ltar
Mathlib.RingTheory.SimpleModule.WedderburnArtin	66efe0f95e3a7c8b.ltar
Mathlib.Analysis.Calculus.ParametricIntegral	dc786ee6a705ddfb.ltar
Mathlib.Algebra.Group.Submonoid.Support	4b0a739fcb1ab05f.ltar
Mathlib.RingTheory.DualNumber	1bee5109ce3258f1.ltar
Mathlib.Algebra.Category.AlgCat.Basic	d4ec89112df3a3dc.ltar
LeanSearchClient	a563f753bc20d566.ltar
Mathlib.Combinatorics.SimpleGraph.Density	babdfdefb28172da.ltar
Mathlib.NumberTheory.ModularForms.LevelOne.DimensionFormula	b0b9bf8a1d158f28.ltar
Mathlib.Algebra.Homology.DerivedCategory.Linear	157d0c2ac0b623b9.ltar
Batteries.Data.String.Legacy	0ebeab48320af805.ltar
Mathlib.Analysis.Normed.Field.Instances	e3d0258d4706cb6e.ltar
Mathlib.NumberTheory.FrobeniusNumber	79903426580ac22e.ltar
Mathlib.Data.List.DropRight	d12f5268d7adf045.ltar
Mathlib.Topology.Bornology.Absorbs	44f678d58e663fc8.ltar
Mathlib.Analysis.ODE.ExistUnique	579dc0a8948105ce.ltar
Mathlib.Topology.Algebra.InfiniteSum.Defs	4f244662775bacd2.ltar
Mathlib.CategoryTheory.Sites.Pullback	be810de4a2fcd6af.ltar
Mathlib.CategoryTheory.Sites.Descent.IsStack	1575cdccea626619.ltar
Mathlib.LinearAlgebra.QuadraticForm.IsometryEquiv	5434a41523f55e12.ltar
Mathlib.Algebra.MonoidAlgebra.Support	580e9deb06a7025c.ltar
Mathlib.CategoryTheory.Bicategory.Strict.Basic	a3acc54d039e2db1.ltar
Mathlib.AlgebraicTopology.SimplicialSet.SSetPair	dda339e2ec0c7460.ltar
Mathlib.GroupTheory.SemidirectProduct	0cbb184b1d21135d.ltar
Mathlib.RingTheory.DedekindDomain.Instances	72e3118f6a0ecee4.ltar
Mathlib.Topology.NatEmbedding	491f9d2d8102095d.ltar
Mathlib.Topology.Compactification.OnePoint.ProjectiveLine	00ed82a0b501e202.ltar
Mathlib.RingTheory.Ideal.NatInt	7b849d02af6d48f4.ltar
Mathlib.AlgebraicTopology.SimplicialSet.Nerve	ade7649fc64cc93d.ltar
Mathlib.Analysis.Normed.Lp.MeasurableSpace	3df527e3507905c3.ltar
Mathlib.LinearAlgebra.FreeModule.PID	7679e26d0797b89b.ltar
Mathlib.Tactic.Linter	74ee3219b922ad52.ltar
Mathlib.Algebra.Category.ModuleCat.Presheaf.Colimits	9aa354f29cbf8f2f.ltar
Mathlib.Data.Countable.Small	63b2951426ca6570.ltar
Mathlib.Combinatorics.Hindman	d5ae9232d23e2cb0.ltar
Mathlib.CategoryTheory.MorphismProperty.OfObjectProperty	d69e285ce1c023eb.ltar
Mathlib.CategoryTheory.Limits.Shapes.Pullback.Cospan	61a344de7c38ee15.ltar
Mathlib.Algebra.Ring.Basic	4d4e5d0978a29c02.ltar
Mathlib.Data.NNReal.Basic	5b3609c8e550fa32.ltar
Mathlib.MeasureTheory.Group.GeometryOfNumbers	19f57cb54ca52f8c.ltar
Mathlib.GroupTheory.GroupAction.Jordan	f1cf0b1a3b883359.ltar
Mathlib.Tactic.ComputeAsymptotics.Multiseries.Trimming	cb92ea37c59df69c.ltar
Mathlib.MeasureTheory.Integral.TorusIntegral	1f8b64cd1512bc27.ltar
Mathlib.Tactic.ClickSuggestions	bfed0639a6b617d5.ltar
Mathlib.Algebra.Ring.Action.Invariant	af0ac4b3b508b06b.ltar
Mathlib.Tactic.Linter.UpstreamableDecl	9ca3f40505695d17.ltar
Mathlib.Combinatorics.SimpleGraph.UnitDistance.Basic	5b60a6801c5f0f4f.ltar
Mathlib.CategoryTheory.Limits.Shapes.Connected	c5b11dd38bb33eca.ltar
Mathlib.Order.Category.NonemptyFinLinOrd	096482f7153ca9f0.ltar
Mathlib.RingTheory.LocalRing.Module	baf5e07f3e81dfa4.ltar
Mathlib.Combinatorics.SimpleGraph.Coloring	e630331b5e1a3266.ltar
Mathlib.Probability.Distributions.Gaussian.HasGaussianLaw.Def	4c27f39c05127a19.ltar
Mathlib.Combinatorics.Graph.Basic	7cc5f420b0a4646e.ltar
Mathlib.Dynamics.Ergodic.Ergodic	ec3637ee9c7d04ff.ltar
Mathlib.Algebra.Group.TransferInstance	9b4546cced8cfe52.ltar
Mathlib.Algebra.Order.Ring.Opposite	017fccc4414befd9.ltar
Mathlib.RepresentationTheory.Homological.GroupCohomology.LowDegree	385d972469090a0c.ltar
Mathlib.Analysis.Analytic.Binomial	1597ba606603ce85.ltar
Mathlib.AlgebraicTopology.SimplicialSet.CoherentIso	f224f9fed66bf64c.ltar
Mathlib.Analysis.CStarAlgebra.Unitization	4f2a72177a95eb1e.ltar
Mathlib.CategoryTheory.Bicategory.Modification.Lax	3cf7346ee653029b.ltar
Mathlib.AlgebraicGeometry.EllipticCurve.DivisionPolynomial.Basic	97f8caae6611a12b.ltar
Mathlib.Computability.AkraBazzi.AkraBazzi	38483755206b3bea.ltar
Mathlib.CategoryTheory.Category.ReflQuiv	cb89d7d9692bffbf.ltar
Mathlib.RingTheory.Localization.BaseChange	9095971fc46a36d1.ltar
Mathlib.CategoryTheory.Preadditive.Mat	4fa2e2d0ad146599.ltar
Mathlib.Analysis.SpecialFunctions.Trigonometric.Arctan	b385cf118d5df376.ltar
Mathlib.CategoryTheory.Limits.Preserves.FunctorCategory	03e4a9a078e26330.ltar
Mathlib.LinearAlgebra.Matrix.Transvection	de7f650edf0d6de6.ltar
Mathlib.CategoryTheory.Monoidal.End	a087f63c4b867d9a.ltar
Mathlib.Topology.Convenient.Category	af3c502139f86062.ltar
Mathlib.RingTheory.MatrixPolynomialAlgebra	8a2e2dafb8437d81.ltar
Mathlib.Algebra.Homology.DerivedCategory.Ext.ExtClass	b39f7673ed8c9c1b.ltar
Mathlib.AlgebraicGeometry.Gluing	8ff15a87937495bb.ltar
Mathlib.Order.UpperLower.Closure	d5ea4c443886b680.ltar
Mathlib.CategoryTheory.Limits.WeakLimits.WeakPullbacks	2722b2d7cd07bf88.ltar
Mathlib.Topology.MetricSpace.Pseudo.Basic	6aaf35aa5d5e44fa.ltar
Mathlib.Algebra.Ring.Fin	8b075e528550bb84.ltar
Mathlib.Analysis.Convex.Birkhoff	ea4eecdb3a340c81.ltar
Mathlib.LinearAlgebra.Quotient.Basic	1079ebb6bf3b86fb.ltar
Mathlib.Data.Set.Defs	a7479e90fb82f1f2.ltar
Mathlib.AlgebraicGeometry.Sites.EtalePoint	c6a7c6e30821ba77.ltar
Mathlib.GroupTheory.Perm.Finite	12857e4af62289ca.ltar
Mathlib.CategoryTheory.EquivalenceRelation	123d8543659ff73e.ltar
Mathlib.Algebra.Category.ModuleCat.Monoidal.Symmetric	9071c9e62b2afc00.ltar
Mathlib.Basic.Logic.Basic	edd7e13665144475.ltar
Mathlib.MeasureTheory.Function.LpSeminorm.Defs	2a5ab09696285954.ltar
Mathlib.Topology.EMetricSpace.Weak	5d9dc7e029b5de84.ltar
Mathlib.Algebra.Group.Finsupp	57ae00dbb2a6e847.ltar
Mathlib.Algebra.Order.Interval.Finset.SuccPred	8985e78f9398771d.ltar
Mathlib.Geometry.Euclidean.Sphere.Ptolemy	62d0c35ce964b8e1.ltar
Mathlib.Topology.VectorBundle.FiniteDimensional	230876c911471195.ltar
Mathlib.Analysis.Normed.Unbundled.RingSeminorm	cae7504b60a2e137.ltar
Mathlib.LinearAlgebra.Projectivization.PSL.Stabilizer	5e85906274d8cef1.ltar
Mathlib.Algebra.Homology.Single	8c71e1dc15ad9053.ltar
Mathlib.Geometry.Manifold.ContMDiff.Constructions	80759a47d86eaf4e.ltar
Batteries.Recycling.RBTree.Basic	2e0ea2975f2219b0.ltar
Mathlib.Data.List.Shortlex	43418103dc64eeeb.ltar
Mathlib.GroupTheory.MonoidLocalization.Divisibility	20ac0cdcccb5617b.ltar
Mathlib.Analysis.Convex.MetricSpace	c579da2ed92bfbf9.ltar
Mathlib.Data.Finset.Empty	b3b3a3648d20f3a0.ltar
Mathlib.MeasureTheory.Covering.DensityTheorem	7edea237df969dfb.ltar
Mathlib.Algebra.GroupWithZero.Range	1eb8975cae6e56f5.ltar
Mathlib.Analysis.BoxIntegral.UnitPartition	90c4ef2006aec938.ltar
Mathlib.SetTheory.Cardinal.ENNReal	41d60fcc2ee630fc.ltar
Mathlib.RingTheory.Ideal.Maps	ffe574341812f03c.ltar
Mathlib.AlgebraicGeometry.Morphisms.LocalClosure	88c130e5ae116258.ltar
Mathlib.Tactic.ENatToNat	9562e297061217d1.ltar
Mathlib.CategoryTheory.Monoidal.Cartesian.CommGrp_	b93eb72aab89192e.ltar
Mathlib.LinearAlgebra.PiTensorProduct.DirectSum	dec3fe7c234fb5bd.ltar
Mathlib.CategoryTheory.Limits.Shapes.Diagonal	cda712ade87304c0.ltar
Mathlib.CategoryTheory.ObjectProperty.ColimitsOfShape	8845bfbf5dcd7643.ltar
Mathlib.CategoryTheory.Sites.Point.IsMonoidalW	8f0f2af3e3a950e8.ltar
Mathlib.AlgebraicGeometry.Morphisms.Constructors	a1b955cb9d131b6c.ltar
Mathlib.Algebra.MonoidAlgebra.Division	3789516c5dc4c2b1.ltar
Mathlib.RingTheory.LocalRing.Basic	7cdbdba05559181f.ltar
Mathlib.CategoryTheory.MorphismProperty.Comma	5d60a57eeb9fd029.ltar
Mathlib.LinearAlgebra.Dimension.Localization	1ae2e75de5d77fc0.ltar
Mathlib.Analysis.Matrix.HermitianFunctionalCalculus	cec8c7b66a652f1f.ltar
Mathlib.Algebra.Order.BigOperators.Group.Finset	40ed1e49bb52a7b4.ltar
Mathlib.NumberTheory.FLT.MasonStothers	e51a12c66785ff97.ltar
Mathlib.Analysis.Normed.Ring.Ultra	80148c6b307111b8.ltar
Mathlib.Topology.MetricSpace.ShrinkingLemma	65a2d315f5786ce3.ltar
Mathlib.AlgebraicGeometry.Cover.Open	f6efba98cb8bfcc8.ltar
Mathlib.Data.Set.Insert	7184d957d417fa61.ltar
Mathlib.Analysis.SpecialFunctions.Log.InvLog	764e3b6d6ee6412e.ltar
Mathlib.Algebra.Group.Pointwise.Finset.Interval	3d47d2d42aa4aa01.ltar
Mathlib.CategoryTheory.Localization.Bousfield	df290e5a30067346.ltar
Mathlib.CategoryTheory.Abelian.GrothendieckCategory.EnoughInjectives	50f37143444c5fc3.ltar
Mathlib.LinearAlgebra.Matrix.ToLinearEquiv	58490b085bd9741f.ltar
Mathlib.Tactic.Constructor	28a4cf87d8ec7fd7.ltar
Mathlib.CategoryTheory.Monoidal.Opposite	3899a5c480047821.ltar
Mathlib.Data.Finset.Density	d59556f77ebad803.ltar
Mathlib.Order.CompleteLatticeIntervals	2f74dd0bb8bfeb53.ltar
Mathlib.Data.Nat.Choose.Factorization	473105546f7dc4e4.ltar
Mathlib.Algebra.Regular.Pow	754aa1be2b39e80b.ltar
Mathlib.Data.Finset.Basic	9e560ff4652b251b.ltar
Mathlib.Topology.Category.TopCat.OpenNhds	3ca38e9b74588faa.ltar
Mathlib.Basic.Rel.Separated	6c1170ee69f743e3.ltar
Mathlib.Algebra.CharP.Subring	a1e0dc725ee0268e.ltar
Mathlib.CategoryTheory.GradedObject	90292aad441e23f5.ltar
Batteries.Tactic.Trans	2d171cb653d772a0.ltar
Mathlib.FieldTheory.IntermediateField.Algebraic	3125d0dc1b066b2b.ltar
Mathlib.SetTheory.Ordinal.Veblen	9adea5539a2fcec4.ltar
Mathlib.CategoryTheory.Adhesive.Subobject	a34ec3cb362232de.ltar
Mathlib.Topology.Category.Stonean.Basic	4bcbfb41fe912dfb.ltar
Mathlib.RingTheory.Artinian.Algebra	f003cd6e4c83affb.ltar
Mathlib.Analysis.BoxIntegral.Partition.Split	3903410a15e9f9e0.ltar
Mathlib.Analysis.Normed.Field.WithAbs	ebc78cb5b80a087c.ltar
Mathlib.Order.ConditionallyCompleteLattice.Basic	d086bf4e7a3bb42a.ltar
Mathlib.LinearAlgebra.Projectivization.Collinear	375a62fda62ef5a6.ltar
Mathlib.Analysis.RCLike.Inner	102661ff7b05b5b3.ltar
Mathlib.Algebra.Category.ModuleCat.Presheaf.Generator	c746f9c33078a847.ltar
Mathlib.Topology.ContinuousMap.Algebra	051482d5f48d2f5f.ltar
Mathlib.Topology.MetricSpace.Sequences	4defb7c766aa0a1f.ltar
Mathlib.FieldTheory.PurelyInseparable.Tower	0df7dcc55dae4cc5.ltar
Mathlib.Algebra.Homology.ExactSequence	a8a074a879b1eb15.ltar
Mathlib.RingTheory.PowerSeries.CoeffMulMem	50d9dba986ad2757.ltar
Mathlib.Lean.Linter	bbba8c4453800242.ltar
Mathlib.Algebra.Module.LinearMap.Star	031234544d426427.ltar
Mathlib.Logic.Equiv.Embedding	27028adc392fc760.ltar
Mathlib.Topology.Category.Born	591d28c413a1a274.ltar
Mathlib.Analysis.Calculus.FDeriv.Equiv	c62202b828407c1b.ltar
Mathlib.AlgebraicGeometry.IdealSheaf.Basic	0e74189551c49d42.ltar
Mathlib.Tactic.ComputeAsymptotics.Multiseries.Monomial.Predicates	13fa7104f5965e11.ltar
Mathlib.Algebra.AddTorsor.Basic	33927f9e07bed111.ltar
Mathlib.Algebra.Module.Opposite	18cddf114065b6a8.ltar
Mathlib.GroupTheory.MonoidLocalization.DivPairs	7c4a9d213f97960f.ltar
Mathlib.Algebra.Category.ModuleCat.Presheaf.Submodule	06df034f9dd66e6b.ltar
Mathlib.NumberTheory.ModularForms.EisensteinSeries.Basic	0ab0d08a7d1afded.ltar
Mathlib.CategoryTheory.Limits.Indization.ParallelPair	667b5581a5cb4472.ltar
Mathlib.Probability.Independence.Kernel.IndepFun	d0bc9357ed0a2abf.ltar
Mathlib.CategoryTheory.Enriched.Limits.HasConicalTerminal	2329806981867781.ltar
Mathlib.Util.SleepHeartbeats	53ed1a6021f74421.ltar
Mathlib.FieldTheory.IsSepClosed	03403d9fda179875.ltar
Mathlib.AlgebraicTopology.SimplicialSet.SubcomplexOp	7a556e4c42add524.ltar
Mathlib.Probability.Process.Kolmogorov	ebc41ace37f045dd.ltar
Mathlib.LinearAlgebra.AffineSpace.Dimension	4f32aa9b05ea5e04.ltar
Mathlib.Probability.Kernel.Composition.MeasureCompProd	00bee3702a915d06.ltar
Mathlib.LinearAlgebra.PiTensorProduct.Finite	35d406a38d863870.ltar
Mathlib.RingTheory.Ideal.MinimalPrime.Localization	77b80e29030891ed.ltar
Mathlib.Algebra.Ring.Subring.MulOpposite	c7e5d6a5e7bf593a.ltar
Mathlib.AlgebraicTopology.SimplicialSet.TopAdj	1038e6dc568dce3a.ltar
Aesop.Tree.ExtractScript	2dfbb6455ab3067a.ltar
Mathlib.Topology.Category.Locale	4bcde37d685023a7.ltar
Mathlib.Topology.UniformSpace.UniformEmbedding	ce2aca42dfdae089.ltar
Mathlib.RingTheory.TensorProduct.IncludeLeftSubRight	578c09897c1f3cdc.ltar
Batteries.Data.Fin	8458a1b184ebc0c6.ltar
Mathlib.CategoryTheory.Limits.Yoneda	58d51e83cff6cd3d.ltar
Mathlib.RingTheory.Congruence.Basic	b9a07dbf82e5d82e.ltar
Mathlib.CategoryTheory.Sites.Closed	049e919d4ab9c7fe.ltar
Mathlib.Logic.Small.Defs	345646a44e834db0.ltar
Mathlib.Algebra.Category.Ring.Topology	d4400f51ccf6cadc.ltar
Batteries.Data.Fin.Lemmas	f13b0b57429a0614.ltar
Mathlib.Topology.UniformSpace.CompactConvergence	705e4a9c7f67896f.ltar
Mathlib.Data.Finset.Pi	943c97e2913ebd0d.ltar
Mathlib.Dynamics.BirkhoffSum.Basic	e5990e0c49942aac.ltar
Aesop.RuleSet.Member	62b7f528a3a9c57f.ltar
Mathlib.Probability.Independence.Process.Basic	68550bfdad56853b.ltar
Mathlib.Data.Fintype.Powerset	b15bd1a469c67d44.ltar
Mathlib.FieldTheory.Extension	714cf16aa9500dc4.ltar
Mathlib.LinearAlgebra.TensorProduct.Associator	aea18e360048c6a0.ltar
Mathlib.Topology.Sequences	b40519ec2ce666b6.ltar
Mathlib.Combinatorics.SimpleGraph.Connectivity.Represents	47ef6b86e56b135f.ltar
Mathlib.RingTheory.Flat.Localization	594a9ea579420812.ltar
Mathlib.Combinatorics.SimpleGraph.DeleteEdges	afcf973e4c7aa739.ltar
Mathlib.Geometry.Manifold.Sheaf.LocallyRingedSpace	ef97c0ec55cc59e7.ltar
Mathlib.Algebra.Order.Antidiag.Pi	37142779a931a1cc.ltar
Mathlib.Algebra.Category.CommAlgCat.FiniteType	cfafdc64206972a6.ltar
Mathlib.Algebra.Homology.DerivedCategory.RightDerivedFunctorPlus	3b6a91208bd37ad9.ltar
Mathlib.Analysis.Calculus.ContDiff.Convolution	eae4667ae4176797.ltar
Mathlib.Tactic.Finiteness.Attr	5c992dee0e4572a6.ltar
Mathlib.Dynamics.Circle.RotationNumber.TranslationNumber	c815427d30e1442e.ltar
Mathlib.CategoryTheory.Filtered.Basic	9f75456e83084282.ltar
Mathlib.Logic.Function.CompTypeclasses	b6d95ce827fedad2.ltar
Mathlib.Topology.Order.Compact	4388bb8e0ad3ea28.ltar
Mathlib.Algebra.Ring.Pointwise.Set	4ede367edac8ee62.ltar
Mathlib.Data.Prod.PProd	3368b4bb526c6084.ltar
Mathlib.Data.Fintype.Sum	c4c824241eba6196.ltar
Mathlib.Algebra.Order.Group.End	03f1b4467fb5a676.ltar
Mathlib.NumberTheory.NumberField.ClassNumber	b7d64846b80066ad.ltar
Mathlib.Data.List.Iterate	dfab7d108271e31a.ltar
Mathlib.Algebra.GroupWithZero.Regular	77da7d5482c97a6b.ltar
Mathlib.Tactic.Order.Preprocessing	bc664a3961506b98.ltar
Mathlib.Topology.Homotopy.HomotopyGroup	0117d57421a7469f.ltar
Mathlib.Tactic.Linter.DocString	109992ca479e0cee.ltar
Mathlib.Data.Multiset.NatAntidiagonal	ad57d26d28f78f68.ltar
Mathlib.Algebra.Order.Field.Subfield	946adc1990b01f2f.ltar
Mathlib.RingTheory.Flat.EquationalCriterion	0c006ebb4848fa01.ltar
Mathlib.Data.List.SignVariations	526205b0f7f25281.ltar
Mathlib.CategoryTheory.Shift.ShiftedHom	27842a5fd719e57e.ltar
Mathlib.Analysis.Normed.Order.Hom.Ultra	d2e075148b2222de.ltar
Mathlib.CategoryTheory.Subfunctor.Sieves	48f859b913ba5318.ltar
Mathlib.CategoryTheory.ConcreteCategory.Notation	3ee90d7643ca7d46.ltar
Mathlib.Analysis.Normed.Module.WeakDual	3b58b622e1aaa07b.ltar
Mathlib.Algebra.BigOperators.Balance	70afd31a33e3b185.ltar
Mathlib.FieldTheory.KummerPolynomial	188892bd3ff132e5.ltar
Mathlib.MeasureTheory.Function.SimpleFunc	b62e4ce13b162682.ltar
Mathlib.RingTheory.WittVector.Verschiebung	d63aa37f459c2d1b.ltar
Mathlib.Analysis.SpecialFunctions.Log.Monotone	4b18b15b33ddedbd.ltar
Mathlib.Basic.Finite.Prod	f1f7c8e0082ea057.ltar
Aesop.Tree.Stats	0f77c373fcfeefe7.ltar
Mathlib.Data.PFunctor.Multivariate.W	9df5c32631737397.ltar
Batteries.Data.List.Pairwise	8ee3883e55fcfe1d.ltar
Mathlib.Algebra.Group.Even	000db91e9d761e4d.ltar
Mathlib.Algebra.Order.Monoid.Unbundled.OrderDual	2eade72c116609ba.ltar
Mathlib.Topology.Algebra.Module.Spaces.CompactConvergenceCLM	cbfbf6456baa7b65.ltar
Mathlib.RingTheory.FilteredAlgebra.Basic	0567b226914e1e75.ltar
Mathlib.Algebra.Order.Floor.Defs	58f9cdbe266361f6.ltar
Mathlib.RingTheory.Smooth.Local	cd2c88739897c41c.ltar
Mathlib.Algebra.Field.ModEq	cf594ad6619f4021.ltar
Mathlib.Combinatorics.Additive.PluenneckeRuzsa	14a4931c2550f1d4.ltar
Mathlib.Algebra.Group.Subsemigroup.Defs	f5c07fec28ab2b0c.ltar
Mathlib.Algebra.BigOperators.Group.List.Defs	3deceac02470de38.ltar
Mathlib.RingTheory.QuasiFinite.Weakly	29b34d3e45711407.ltar
Mathlib.LinearAlgebra.Matrix.WithConv	25b5ff045efa0751.ltar
Mathlib.AlgebraicTopology.SimplicialSet.Coskeletal	381ac721704bbe55.ltar
Mathlib.SetTheory.Cardinal.Subfield	c0fd67f713baf5ff.ltar
Mathlib.Algebra.Exact.Sequence	7db8390e750343ef.ltar
Mathlib.RingTheory.MvPolynomial.Localization	9e77cab5628ff36e.ltar
Mathlib.Data.Matrix.DMatrix	da4370b7a0fa765e.ltar
Mathlib.ModelTheory.Algebra.Ring.Definability	032b15ea59acd7ab.ltar
Mathlib.Tactic.CategoryTheory.MonoidalComp	d434618bba2de341.ltar
Mathlib.Tactic.CategoryTheory.Coherence.Basic	a520f4cd20fe9919.ltar
Mathlib.Algebra.Opposites	6ebbfa5527ea0be2.ltar
Mathlib.Probability.IdentDistribIndep	63d1640c2f9c018f.ltar
Mathlib.CategoryTheory.Functor.Flat	5c5923eeb7c37163.ltar
Mathlib.LinearAlgebra.Eigenspace.Matrix	589ae62db7a9350d.ltar
Mathlib.Data.Int.Sqrt	e199bb4415022b0b.ltar
Mathlib.Algebra.Order.Star.Basic	a8bb5c7d605a4e61.ltar
Mathlib.GroupTheory.MonoidLocalization.Order	61475db2ca928b04.ltar
Mathlib.CategoryTheory.Shift.Basic	9386eaa48f26ddf1.ltar
Mathlib.Algebra.Lie.AdjointAction.Derivation	6e2d125d3166943e.ltar
Mathlib.Order.BoundedOrder.Monotone	76217601229cb38f.ltar
Mathlib.Topology.VectorBundle.ContinuousAlternatingMap	d0dadcd73f02c4c7.ltar
Mathlib.Probability.ProbabilityMassFunction.Basic	27c1cc0776c5f32e.ltar
Mathlib.Order.Interval.Set.OrderIso	d63a27e12d1f9739.ltar
Mathlib.CategoryTheory.Localization.LocallySmall	1ca397db76a481de.ltar
Mathlib.Topology.Category.Profinite.Basic	bbf61d68553beda1.ltar
Mathlib.RepresentationTheory.Homological.GroupCohomology.LongExactSequence	e2132a87ea86e0f0.ltar
Mathlib.AlgebraicTopology.SimplicialSet.Dimension	1ba47d75fc16650b.ltar
Mathlib.Algebra.Regular.Opposite	975d4f5f13b522af.ltar
Mathlib.Algebra.Category.ModuleCat.Monoidal.Basic	f0a5b11295f2f25f.ltar
Mathlib.Data.Int.Init	63576ac7ceba1c9b.ltar
Mathlib.Algebra.Group.Irreducible.Lemmas	2d31511f151ff25e.ltar
Mathlib.GroupTheory.Coxeter.Length	1794f180423e106e.ltar
Mathlib.Algebra.Category.ModuleCat.Sheaf.Generators	f575977e2cda8ded.ltar
Mathlib.RingTheory.Ideal.Norm.RelNorm	6129ffba846b17b2.ltar
Mathlib.Algebra.Order.Group.Action.Synonym	5461361571ac5c64.ltar
Batteries.Tactic.ShowUnused	927d6fa9aef15dd6.ltar
Mathlib.MeasureTheory.Constructions.ClosedCompactCylinders	35f392cfbebeb8d7.ltar
Mathlib.Analysis.Fourier.FiniteAbelian.Orthogonality	6ae7f8fe3cadc42a.ltar
Mathlib.CategoryTheory.ObjectProperty.Comma	8e20b85144e03175.ltar
Mathlib.Algebra.Group.Submonoid.MulAction	6803b7e5a7aea924.ltar
Mathlib.NumberTheory.ArithmeticFunction.LFunction	c4dc15579a37c015.ltar
Mathlib.Data.Matrix.Bilinear	b7d777706677b11a.ltar
Mathlib.Algebra.GroupWithZero.Action.Units	f64c8085d126e16e.ltar
Mathlib.CategoryTheory.Abelian.Exact	f1adf7e873c3d11d.ltar
Mathlib.Data.Sum.Interval	8e237fb2702d951c.ltar
Mathlib.RepresentationTheory.Homological.GroupCohomology.Basic	db1c99e86a7b2468.ltar
Mathlib.Data.Finset.PImage	51e018c7e396186a.ltar
Mathlib.Algebra.GroupWithZero.Hom	22bbb2d5f509ec38.ltar
Mathlib.Topology.MetricSpace.Cover	8fc54d8aab723e3b.ltar
Mathlib.RingTheory.DividedPowerAlgebra.Init	356be0253aac88ae.ltar
Mathlib.Algebra.Ring.GeomSum	a9a8f5dab267ad50.ltar
Mathlib.Tactic.ClickSuggestions.SectionState	7a0357586e3d9ea3.ltar
Mathlib.Analysis.Calculus.FDeriv.Pi	69b4532a15050688.ltar
Mathlib.AlgebraicGeometry.EllipticCurve.IsomOfJ	b9b7c87a8e322ecc.ltar
Mathlib.Algebra.Algebra.Subalgebra.Matrix	d443955f63d48cad.ltar
Mathlib.Tactic.NormDet	a289ab9efe9b1f72.ltar
Aesop.Forward.State.Initial	a66d4cd0282c3833.ltar
Mathlib.Algebra.Algebra.Spectrum.Quasispectrum	91d6a24f8b4f25c5.ltar
Mathlib.Analysis.SpecialFunctions.Sigmoid	990c8a725e0d71cd.ltar
Mathlib.AlgebraicTopology.SimplicialObject.II	ae78f99d56cf895b.ltar
Mathlib.Topology.Piecewise	1067a71278aa2779.ltar
Mathlib.Data.Finsupp.Quotient	df3540c44897666a.ltar
Mathlib.GroupTheory.Congruence.BigOperators	6c609f1d16c352ce.ltar
Mathlib.Topology.Bornology.Real	460a0e445319d3cd.ltar
Mathlib.CategoryTheory.Limits.Shapes.Biproducts	5f2273095706efeb.ltar
Mathlib.Topology.UniformSpace.Matrix	4f0285ab9b69ed2a.ltar
Mathlib.Analysis.Normed.Group.NullSubmodule	c6d7c527cfb5518e.ltar
Mathlib.RingTheory.GradedAlgebra.Radical	1a87f1321924e21d.ltar
Mathlib.Algebra.Algebra.ZMod	8812bff0fa066662.ltar
Mathlib.CategoryTheory.Subobject.Lattice	c7cb877ca1c1bfb8.ltar
Mathlib.Probability.Process.Predictable	d9f3a5fd36bda89f.ltar
Plausible.Gen	6ebbee4392d0ef55.ltar
Mathlib.Analysis.SpecialFunctions.OrdinaryHypergeometric	262e9939a045c123.ltar
Mathlib.Algebra.Group.Subgroup.Basic	b5af43bac0923a80.ltar
Mathlib.Topology.Order.ExtrClosure	f97b90a4a14687d9.ltar
Mathlib.Topology.EMetricSpace.BoundedVariation	6206b3468ac9889c.ltar
Mathlib.Data.DFinsupp.Notation	6999132dc30cdc11.ltar
Mathlib.MeasureTheory.Covering.Differentiation	ba6ae54b063d6716.ltar
Mathlib.Topology.Algebra.ContinuousMonoidHom	8313dd13820e57a0.ltar
Mathlib.CategoryTheory.Abelian.Transfer	f2b8f4dedd5aa89d.ltar
Mathlib.Order.Filter.Germ.OrderedMonoid	29721299785095e5.ltar
Mathlib.Logic.Equiv.Functor	2f121ec9c67a2071.ltar
Mathlib.Tactic.ClickSuggestions.ApplyAt	9683b001c5656fa9.ltar
Mathlib.Data.Set.Card	83e13071908ce132.ltar
Mathlib.RingTheory.GradedAlgebra.FiniteType	bac76bfa23457fe6.ltar
Mathlib.RingTheory.WittVector.MulP	d3a641b3a64fce27.ltar
Mathlib.Algebra.Polynomial.Degree.IsMonicOfDegree	cf54ee4bb66e4117.ltar
Mathlib.RingTheory.RootsOfUnity.Minpoly	f2a56e63537e9381.ltar
Mathlib.Algebra.Homology.AlternatingConst	768f88bdfc75bd44.ltar
Mathlib.RingTheory.MvPolynomial	05ad26e191e80102.ltar
Mathlib.RingTheory.Localization.Away.Lemmas	d375349da00a035a.ltar
Mathlib.Algebra.Group.Submonoid.Finsupp	910ae254731fea2b.ltar
Mathlib.Topology.Algebra.Module.ContinuousLinearMap.RestrictScalars	c587b951c06a3531.ltar
Mathlib.Analysis.Normed.Group.Constructions	11414b64afeb899d.ltar
Mathlib.MeasureTheory.Function.LpSpace.DomAct.Basic	e36383f0d29ed87e.ltar
Mathlib.Analysis.Normed.Module.TransferInstance	874120e1a6a619af.ltar
Batteries.Lean.PersistentHashMap	5f067d5ca9f3931c.ltar
Mathlib.Algebra.Group.Action.Opposite	6182226061f62a16.ltar
Mathlib.Analysis.Calculus.TangentCone.Basic	c4094854316464eb.ltar
Mathlib.Algebra.GroupWithZero.Submonoid.Primal	61048daac908d36b.ltar
Mathlib.Computability.AkraBazzi.SumTransform	b88c7caef5a90a34.ltar
Mathlib.Probability.Distributions.Fernique	3cb402cf08415836.ltar
Mathlib.CategoryTheory.FiberedCategory.Cocartesian	448b85ff9f43e877.ltar
Mathlib.Algebra.Module.Projective	4df893363fe9042f.ltar
Mathlib.Analysis.Normed.Group.Seminorm	be9c563f31646c5f.ltar
Aesop.RuleSet.Filter	21e3ef95750cbc74.ltar
Aesop.Script.TacticState	a3bcc0281181f674.ltar
Mathlib.RingTheory.Polynomial.Cyclotomic.Basic	36a2fe8149e85235.ltar
Mathlib.CategoryTheory.GlueData	f8261b5a45baec74.ltar
Mathlib.AlgebraicTopology.DoldKan.GammaCompN	f266c9d0607562a4.ltar
Mathlib.Geometry.Manifold.LocalDiffeomorph	d6b7a02739ba3c95.ltar
Mathlib.CategoryTheory.Comma.CardinalArrow	2bd70cb266323229.ltar
Mathlib.Algebra.MonoidAlgebra.Module	479b18fd40a43986.ltar
Mathlib.Algebra.Homology.Embedding.TruncGEHomology	4a225c08a9e9582d.ltar
Mathlib.NumberTheory.NumberField.ExistsRamified	d862d4a796c3f5e8.ltar
Mathlib.Analysis.Normed.Group.Indicator	df85ee183121809d.ltar
Aesop.BuiltinRules.Rfl	90ca1d2148315e44.ltar
Mathlib.NumberTheory.RamificationInertia.Galois	4ea696fc41097846.ltar
Mathlib.Algebra.TrivSqZeroExt.Ideal	f1c7e5033901918d.ltar
Mathlib.Combinatorics.Additive.AP.Three.Behrend	14dea7afefb0cb00.ltar
Mathlib.Topology.Connected.CardComponents	e8a9f9a09bf35a78.ltar
Mathlib.Algebra.Order.Nonneg.Lattice	1ce5c6ae869ac0ce.ltar
Mathlib.Algebra.Star.NonUnitalSubsemiring	584591f7d2bbb7fa.ltar
Mathlib.Tactic.Abel	18c7d18be2285a1d.ltar
Mathlib.AlgebraicTopology.DoldKan.EquivalencePseudoabelian	230d143221c84383.ltar
Mathlib.CategoryTheory.Sites.Sieves	4e482c3ebc523a75.ltar
Mathlib.RingTheory.Artinian.Instances	43420e0c2f68f2a9.ltar
Aesop.Frontend.Saturate	07836d4c4b31e17e.ltar
Mathlib.Lean.Elab.Tactic.Basic	caaabee96deaa233.ltar
Mathlib.NumberTheory.Padics.PadicNorm	d4ab3b98576c0e53.ltar
Mathlib.Data.Analysis.Filter	f8bf8e3a9c0f5a28.ltar
Mathlib.CategoryTheory.EffectiveEpi.Comp	a4235b1a8cdbf306.ltar
Mathlib.RingTheory.Extension.ExtendScalars	6787b7e523d875b4.ltar
Mathlib.GroupTheory.GroupAction.ConjAct	c9f9decbdbd75a35.ltar
Mathlib.LinearAlgebra.FreeModule.ModN	79bc67d17f3be95b.ltar
Mathlib.RingTheory.PowerBasis	5d46a1497546d267.ltar
Mathlib.Topology.Baire.LocallyCompactRegular	ce621d9380958df3.ltar
Mathlib.RingTheory.Finiteness.Cardinality	54e7e88a3e670537.ltar
Mathlib.SetTheory.Ordinal.Univ	08d6c01938fa7748.ltar
Mathlib.Computability.Reduce	1fc6b48e6c4e7e03.ltar
Mathlib.Tactic.Linter.InternalConstructor	480179dd7ec099fe.ltar
Mathlib.LinearAlgebra.QuadraticForm.Signature	14962158e05e606b.ltar
Mathlib.Topology.Instances.AddCircle.Real	9abfb262db111310.ltar
Mathlib.Analysis.Convex.Quasiconvex	7058a3cb565a3eb4.ltar
Mathlib.Order.Defs.Prop	d5628d8e21ca185d.ltar
Mathlib.Topology.MetricSpace.Lipschitz	dc3447ec7417b2e8.ltar
Mathlib.Topology.Connected.Separation	4079a363b8d04ac8.ltar
Mathlib.RingTheory.TwoSidedIdeal.Basic	9ff51efa232691d5.ltar
Mathlib.AlgebraicTopology.SimplicialSet.Horn	0624bc56cd8958e5.ltar
Mathlib.Algebra.GCDMonoid.Basic	73dc06c418b8ced6.ltar
Mathlib.Algebra.Order.Interval.Multiset	95450f687d014510.ltar
Mathlib.Combinatorics.SimpleGraph.Walks.Counting	0b2407b2dd3a8077.ltar
Mathlib.CategoryTheory.Functor.ReflectsIso.Basic	3e7339818be4e4b4.ltar
Mathlib.LinearAlgebra.QuadraticForm.TensorProduct.Isometries	449cdee24df55f0e.ltar
Mathlib.Data.Int.CardIntervalMod	638af92a2a0eb175.ltar
Mathlib.RingTheory.Smooth.Field	32c6779eb7e297c9.ltar
Mathlib.CategoryTheory.Limits.Shapes.Pullback.IsPullback.Defs	e22184e1ccdd1a5c.ltar
Mathlib.Tactic.Inclusion.Extension.Interval	8162f58b2f8419a2.ltar
Mathlib.CategoryTheory.Limits.Shapes.Pullback.EquifiberedLimits	b9384f759ff63033.ltar
Mathlib.Analysis.Normed.Module.Normalize	3bf070282a162732.ltar
Mathlib.Analysis.Convex.SpecificFunctions.Basic	c7bbf091dd4d2a6c.ltar
Mathlib.CategoryTheory.Presentable.OrthogonalReflection	a18aeba5a537d6a8.ltar
Mathlib.RingTheory.IdealFilter.Basic	de4ff4faac00f6b7.ltar
Mathlib.Topology.Sheaves.SheafCondition.OpensLeCover	804c87896e5af510.ltar
Batteries.CodeAction.Basic	f9ead34444f92917.ltar
Mathlib.CategoryTheory.Monoidal.Closed.FunctorToTypes	6e4ee21760bbbad4.ltar
Mathlib.AlgebraicTopology.ModelCategory.RightHomotopy	2a21b809eaa00d6d.ltar
Mathlib.Analysis.SpecialFunctions.Arsinh	dfd0ad309bba6c07.ltar
Mathlib.CategoryTheory.CodiscreteCategory	1090d32242b87d2d.ltar
Mathlib.CategoryTheory.Subfunctor.Equalizer	845f7a6ead79e09f.ltar
Mathlib.Analysis.Convex.StdSimplex	214618ecd399b46b.ltar
Mathlib.Data.Int.ConditionallyCompleteOrder	1785d7c38b916b07.ltar
Mathlib.Algebra.Ring.CompTypeclasses	3bbc09e5673effca.ltar
Mathlib.Topology.Homeomorph.Quotient	f18f5ea1bf1ab941.ltar
Mathlib.FieldTheory.Galois.Notation	3426e50ab20731f9.ltar
Mathlib.Topology.Defs.Ultrafilter	de3982dbb68fe070.ltar
Mathlib.RingTheory.Ideal.Basis	785d071751af5a58.ltar
Mathlib.Analysis.CStarAlgebra.GelfandNaimarkSegal	151a4edb1bf6302a.ltar
Mathlib.Combinatorics.SimpleGraph.Coloring.Vertex	1df8c29a62ce80e6.ltar
Mathlib.Topology.Instances.Int	53cb332d918274b6.ltar
Mathlib.Order.PartialSups	6e0c5357b2a2b766.ltar
Mathlib.Topology.Algebra.Module.IsWeak	291b54b162beb458.ltar
Mathlib.Order.RelIso.Set	8a947b233c67128c.ltar
Mathlib.Data.Rat.Star	d2290b43fee5bd76.ltar
Mathlib.Order.Filter.AtTopBot.Field	7d5f08b4c9c22cac.ltar
Mathlib.Analysis.Normed.Group.Hom	9cd9b14fb46d08f1.ltar
Mathlib.CategoryTheory.Limits.FilteredColimitCommutesProduct	717cdfbc0d141003.ltar
Mathlib.Algebra.Group.Action.Pointwise.Set.Finite	2764b5549f14a1ae.ltar
Mathlib.Data.Stream.Defs	66c049d9de9a0edf.ltar
Mathlib.MeasureTheory.Measure.Haar.InnerProductSpace	cd00dd9b68f3e498.ltar
Mathlib.Analysis.Complex.HasPrimitives	5c9e06886c31cd0d.ltar
Mathlib.Analysis.SpecialFunctions.Complex.Log	fbf034f13103cd13.ltar
Mathlib.CategoryTheory.Functor.ReflectsIso.Limits	bccaff86458f838d.ltar
Mathlib.Algebra.Group.Subsemigroup.Basic	cce2eb165608a27b.ltar
Mathlib.CategoryTheory.Functor.KanExtension.DenseAt	7df57070c0e0b6dd.ltar
Mathlib.Analysis.Calculus.FDeriv.Symmetric	bdf43373cadf56ca.ltar
Mathlib.Combinatorics.Quiver.ConnectedComponent	bb7d88ef58a812dd.ltar
Mathlib.CategoryTheory.Monoidal.DayConvolution.DayFunctor	c60e30c133ef55db.ltar
Mathlib.Algebra.Order.SuccPred.WithBot	9e7b579808171930.ltar
Plausible.Tactic	280909d94679988d.ltar
Mathlib.Geometry.RingedSpace.OpenImmersion	608d3c453bd7643c.ltar
Mathlib.Analysis.Complex.AbelLimit	6529120d673b79e0.ltar
Mathlib.CategoryTheory.Sites.Descent.DescentData	8006712b36e9660f.ltar
Mathlib.Data.Fin.Tuple.Reflection	2ccc5353de22cd17.ltar
Mathlib.NumberTheory.ModularForms.LevelOne	d147d0130e52c6df.ltar
Mathlib.Logic.Equiv.Set	e7370e4e3c28231c.ltar
Mathlib.Topology.Algebra.WithZeroTopology	6de05fcfb469f73d.ltar
Mathlib.Algebra.Order.Group.Unbundled.Int	c4936178d63bb4e3.ltar
Mathlib.Order.Completion	55a491e0fd7aed18.ltar
Mathlib.AlgebraicTopology.Quasicategory.TwoTruncatedQuasicategory	cda948d31308f8de.ltar
Mathlib.CategoryTheory.NatTrans	6fcba7f11ab8436f.ltar
Mathlib.NumberTheory.Padics.Measure.AmiceTransform	f9ec747ae41e9489.ltar
Mathlib.Tactic.Linter.HaveILetI	9542fb68193e4c30.ltar
Mathlib.Analysis.Calculus.DiffContOnCl	dd3050b9a723f5ea.ltar
Mathlib.Algebra.Category.BialgCat.Monoidal	e8dd6a294402af57.ltar
Mathlib.Data.Nat.Fib.Basic	18892bdd74f48a47.ltar
Mathlib.NumberTheory.Pell	22bb23920181d75f.ltar
Mathlib.Data.Fin.Basic	bf731ce8f62585ca.ltar
Mathlib.Analysis.Normed.Affine.AsymptoticCone	e2e3fea7d89c3e1e.ltar
Mathlib.Analysis.Meromorphic.NormalForm	6dfe5181c9345412.ltar
Mathlib.GroupTheory.FiniteAbelian.Duality	d2d60ae1f9fb5a88.ltar
Mathlib.Algebra.Order.Group.PiLex	42e6d1d1661e0c66.ltar
Mathlib.Probability.Kernel.Composition.Lemmas	a32e7f7e8d9eadfc.ltar
Mathlib.CategoryTheory.Monoidal.Opposite.Mon	8d453b2a12d3d3c3.ltar
Mathlib.Tactic.CategoryTheory.Monoidal.Basic	0998cd2e85d9f064.ltar
Mathlib.Lean.EnvExtension	48f3a426e2a679cc.ltar
Mathlib.CategoryTheory.Abelian.GrothendieckAxioms.Indization	d15e6359d4fe254e.ltar
Mathlib.Order.Hom.Set	c0b0ba6f5b7ded83.ltar
Mathlib.CategoryTheory.Monoidal.Braided.Multifunctor	ebd9a70eb956718a.ltar
Mathlib.CategoryTheory.Endofunctor.Algebra	37f9c18df0b22668.ltar
Mathlib.LinearAlgebra.Pi	09e5e5c9b05e49f3.ltar
Mathlib.AlgebraicGeometry.StructureSheaf	7a4e89c58414e420.ltar
Mathlib.CategoryTheory.Comma.Presheaf.Basic	2eabcab81e7f36c8.ltar
Mathlib.Analysis.Normed.Group.Completeness	d4e4a6982b7b8985.ltar
Mathlib.CategoryTheory.WithTerminal.Basic	585036c5f84dbbae.ltar
Mathlib.AlgebraicTopology.SimplicialSet.Nonsingular	89610f4f72d9c3d6.ltar
Mathlib.GroupTheory.Subsemigroup.Lemmas	a7e8ac061ec7c49d.ltar
Mathlib.MeasureTheory.Measure.Haar.OfBasis	c62f0fd40c055d74.ltar
Mathlib.Analysis.Analytic.WithLp	27ea39ebb4d06b8d.ltar
Mathlib.Topology.Instances.ZMod	0e0a45989145cc56.ltar
Mathlib.Algebra.Category.ModuleCat.Differentials.Basic	4f9a21e31c37f1c0.ltar
Mathlib.Algebra.Group.Submonoid.Operations	a7d6bab5d042a376.ltar
Mathlib.Geometry.Manifold.Algebra.LeftInvariantDerivation	33ad3065f304f886.ltar
Batteries.Tactic.PrintPrefix	67aeb030175cf6a5.ltar
Mathlib.Tactic.Linter.HashCommandLinter	2577f3e6cde68e78.ltar
Mathlib.Analysis.Complex.ValueDistribution.LogCounting.Basic	07ddb7525c60b642.ltar
Mathlib.Topology.ContinuousMap.ContinuousMapZero	1a42bff1c7561683.ltar
Mathlib.Algebra.Ring.WithZero	c68b527cc0713eb4.ltar
Mathlib.CategoryTheory.Limits.Constructions.Pullbacks	84e8221a9c42e6d8.ltar
Mathlib.Combinatorics.Additive.Corner.Defs	0cc1a78d94feadac.ltar
Mathlib.Topology.Algebra.Group.ZPow	e7afac563230e664.ltar
Mathlib.Algebra.Exact.Basic	e10d83a8001e72b9.ltar
Mathlib.CategoryTheory.Limits.Types.Limits	8f7ca3438c758b3f.ltar
Mathlib.Data.Int.Cast.Basic	f8910a3621a16c56.ltar
Mathlib.Algebra.Homology.HomologicalBicomplex	dbb322e5559b1273.ltar
Mathlib.Algebra.Category.ModuleCat.Presheaf	2328176a8d5587a0.ltar
Mathlib.LinearAlgebra.InvariantBasisNumber	ec0eb96d3c7b159f.ltar
Mathlib.AlgebraicGeometry.QuasiAffine	911cf918eda5b503.ltar
Mathlib.RingTheory.Spectrum.Prime.IsOpenComapC	519d5807bd36c7ef.ltar
Mathlib.CategoryTheory.EffectiveEpi.Enough	63ed2ad3a4869292.ltar
Mathlib.Topology.Homotopy.Product	b47b3e8b741bdd36.ltar
Mathlib.Algebra.Order.Group.Ideal	44ebd49e268eb5d3.ltar
Mathlib.Analysis.BoxIntegral.Partition.Measure	42ac7881a9058d3b.ltar
Mathlib.Order.Preorder.Finite	96c46ed053fda404.ltar
Mathlib.MeasureTheory.Integral.CurveIntegral.Basic	9d03b5561e057e1a.ltar
Mathlib.MeasureTheory.OuterMeasure.Defs	993a5ee89ecf99c3.ltar
Mathlib.CategoryTheory.MorphismProperty.Basic	904d72cc2ca51f6e.ltar
Mathlib.CategoryTheory.Generator.Sheaf	22507c16fec65771.ltar
Mathlib.Geometry.Diffeology.Basic	5b24994d49a3c145.ltar
Mathlib.Tactic.FunProp.Mor	e981dd241a6ca9f4.ltar
Mathlib.Data.Int.Star	2da98a36094b66c4.ltar
Mathlib.Topology.Separation.NotNormal	971e9c77f8d3138b.ltar
Mathlib.Data.PFunctor.Multivariate.M	c5822b1ed1f696b9.ltar
Mathlib.Data.Set.FiniteExhaustion	93bd9ea59a922fd8.ltar
Mathlib.CategoryTheory.Limits.Preserves.Opposites	8dc362e26743301b.ltar
Mathlib.CategoryTheory.Presentable.Presheaf	6f551a6414e1e58d.ltar
Plausible.DeriveArbitrary	32e30b81392e19eb.ltar
Mathlib.Data.ENNReal.Inv	7aae3201644dfac5.ltar
Mathlib.Data.Sum.Order	aaf595254b9814ed.ltar
Mathlib.Probability.ProbabilityMassFunction.Constructions	4d2a8abb0c5fcd0c.ltar
Batteries.Data.RBMap.WF	b711516c39686faa.ltar
Mathlib.MeasureTheory.Integral.Lebesgue.Basic	155075ce086344e5.ltar
Mathlib.LinearAlgebra.TensorProduct.Subalgebra	65e044284be2074e.ltar
Mathlib.NumberTheory.ClassNumber.AdmissibleCardPowDegree	08f9d9c3be707bd9.ltar
Mathlib.Data.Finset.Functor	dceefdbf9f09d7ea.ltar
Mathlib.Data.Finset.Order	93828ad1210494ba.ltar
Mathlib.Tactic.SuppressCompilation	0baf4270924bd5e6.ltar
Mathlib.Combinatorics.Quiver.Path	60bec8cdf1078aef.ltar
Mathlib.Analysis.Fourier.PoissonSummation	9574ec047587bc06.ltar
Mathlib.NumberTheory.Dioph	bd554b01fc86f82e.ltar
Mathlib.Data.Nat.Upto	a3e226045db3e007.ltar
Mathlib.Algebra.Algebra.Epi	c6b87aafaa95fe1e.ltar
Mathlib.Condensed.Light.InternallyProjective	7a40edbaf7d78cae.ltar
Mathlib.FieldTheory.ChevalleyWarning	11aa45a1775530cd.ltar
Mathlib.Algebra.Polynomial.Degree.Lemmas	6fd8dd980faaf4c6.ltar
Mathlib.CategoryTheory.Limits.FinallySmall	05d961cfaa589cd0.ltar
Mathlib.Topology.Algebra.Equicontinuity	2e117daa58436c4c.ltar
Mathlib.Analysis.Matrix.Hermitian	56169f00749e5ecc.ltar
Mathlib.Data.List.Forall2	d7d630f604ec94be.ltar
Mathlib.Topology.Closure	9c433e8210b67290.ltar
Mathlib.Data.Finset.Lattice.Prod	8a76bdc7e9da3877.ltar
Mathlib.Topology.Instances.RatLemmas	51d4a91d80124b47.ltar
Mathlib.RingTheory.ClassGroup	d0cca276c865d7d0.ltar
Mathlib.Util.AtLocation	00b5782c485a484e.ltar
Mathlib.NumberTheory.EllipticDivisibilitySequence	692bcb152041f643.ltar
Mathlib.Algebra.Order.Ring.Synonym	5cf01b254f34663e.ltar
Mathlib.Algebra.Category.Grp.Ulift	762c31d092c84eed.ltar
Mathlib.Order.Filter.Curry	42ff18bdcd080041.ltar
Mathlib.NumberTheory.LegendreSymbol.GaussEisensteinLemmas	8474ea35908dbb07.ltar
Mathlib.CategoryTheory.Sites.Point.Basic	a79294e7cef8a643.ltar
Mathlib.Data.Int.DivMod	0923eb73384cbedd.ltar
Mathlib.Topology.Compactness.LocallyFinite	3d35f7c23f3bfe81.ltar
Mathlib.Algebra.Homology.SpectralObject.Page	39ec33dd083013ac.ltar
Mathlib.Algebra.Order.Ring.Unbundled.Rat	02cc4a62bb4faf13.ltar
Mathlib.Tactic.Positivity.Basic	09d135ca5c9cd6d0.ltar
Mathlib.RingTheory.Extension.Generators	779944ac8b08dc8c.ltar
Mathlib.Data.Int.Associated	b3c5d1546c717668.ltar
Mathlib.Tactic.Basic	82f6bbcc8ffb3b64.ltar
Mathlib.Analysis.Complex.ValueDistribution.Proximity.Basic	c253fcb1cda5e8e0.ltar
Mathlib.Logic.Equiv.Prod	78a171fdf8280a05.ltar
Mathlib.LinearAlgebra.LinearIndependent.BaseChange	21cd607187b588df.ltar
Mathlib.Analysis.CStarAlgebra.ContinuousFunctionalCalculus.Basic	4ed629b5431edea9.ltar
Mathlib.Topology.Semicontinuity.Basic	eec7b0ec9f128331.ltar
Mathlib.AlgebraicTopology.ModelCategory.DerivabilityStructureCofibrant	da9bda24622ac542.ltar
Mathlib.Analysis.Normed.Module.HahnBanach	f60e8959313bb9e5.ltar
Mathlib.Algebra.Algebra.Field	e30dd7f28a1ea45a.ltar
Mathlib.Data.Tree.Traversable	905ccb4691e8420a.ltar
Mathlib.CategoryTheory.Sites.Pretopology	c489103e60572c6e.ltar
Mathlib.Algebra.MonoidAlgebra.NoZeroDivisors	0406056dc9975637.ltar
Mathlib.Order.SuccPred.Archimedean	6b6c9bf6310aec95.ltar
Mathlib.CategoryTheory.Shift.ShiftedHomOpposite	ebe3102d74f7b61b.ltar
Mathlib.CategoryTheory.Limits.Elements	c34ae34cf492c4f1.ltar
Mathlib.Topology.FiberBundle.Constructions	0acc3632b5a3bc11.ltar
Mathlib.CategoryTheory.Triangulated.Generators	0c4f12318779f074.ltar
Mathlib.Probability.Distributions.Gaussian.Fernique	7111aec91b1c40cc.ltar
Mathlib.LinearAlgebra.Matrix.ProjectiveSpecialLinearGroup	b39d598442a7e6b3.ltar
Mathlib.LinearAlgebra.Quotient.Card	dd8be282147bbe22.ltar
Mathlib.Topology.MetricSpace.Completion	bbb7dfed676d2aa9.ltar
Mathlib.CategoryTheory.Triangulated.TStructure.Basic	171449ffed0d5b09.ltar
Mathlib.Tactic.NormNum.NatFib	0357442661b775c3.ltar
Mathlib.MeasureTheory.Measure.Dirac	2730e0762a2ebbdf.ltar
Mathlib.LinearAlgebra.Complex.FiniteDimensional	77d2309b181ac183.ltar
Mathlib.RingTheory.AlgebraicIndependent.Adjoin	4011f55d9ee1899c.ltar
Mathlib.Algebra.MonoidAlgebra.Defs	14d6ead3f96bd141.ltar
Mathlib.Topology.Sheaves.Sheaf	d46be31826f8f404.ltar
Mathlib.Topology.Algebra.Group.Order	73fbe87127097857.ltar
Mathlib.CategoryTheory.Limits.Shapes.SingleObj	91a0f43b2263a972.ltar
Mathlib.CategoryTheory.Limits.Preserves.Shapes.Preorder	3d1b63b6f7dfd988.ltar
Mathlib.Topology.Category.Profinite.AsLimit	9e47fcffd021ddff.ltar
Mathlib.Tactic.ExtendDoc	874dd452969a0bc1.ltar
Mathlib.Data.NNRat.Encodable	448e83edf10dff30.ltar
Mathlib.Combinatorics.Additive.RuzsaCovering	da13a4b000fb4f44.ltar
Mathlib.RingTheory.Length	3f612599d88fffc1.ltar
Mathlib.RingTheory.UniqueFactorizationDomain.Defs	e72ec9b38f3c7e58.ltar
Aesop.Stats.Report	ae093f4a48a531da.ltar
Mathlib.MeasureTheory.Measure.Sub	d90bdc775a5ae9da.ltar
Mathlib.CategoryTheory.Category.PartialFun	c5c885ee58d2baff.ltar
Mathlib.RingTheory.DedekindDomain.SInteger	4f13f27406445004.ltar
Mathlib.Analysis.Normed.Module.Alternating.Curry	92fb6843b2c97304.ltar
Mathlib.AlgebraicGeometry.Morphisms.Descent	c426041bf819d6fc.ltar
Mathlib.Tactic.Linter.TextBased.UnicodeLinter	4d4790474a83b731.ltar
Mathlib.Topology.Algebra.Nonarchimedean.Completion	f2eeb07bcb054bd5.ltar
Mathlib.RingTheory.PrincipalIdealDomainOfPrime	efa2646538466dc5.ltar
Mathlib.LinearAlgebra.BilinearForm.Basic	6906c450eaa933cc.ltar
Mathlib.Analysis.AbsoluteValue.Equivalence	d6200f6153506609.ltar
Mathlib.Order.CompleteLattice.Basic	2f989d7ec5b06f2d.ltar
Mathlib.Data.Dyadic	4e04ba4af0412360.ltar
Mathlib.CategoryTheory.ObjectProperty.ColimitsClosure	4363cc4d1bddebd4.ltar
Mathlib.Data.Finset.Pairwise	f59fb4a18396dcfd.ltar
Mathlib.Analysis.Convex.PartitionOfUnity	2af08ab689086ecf.ltar
Mathlib.Data.Matrix.Block	3a5e4ecd2812e757.ltar
Mathlib.Algebra.Module.PointwisePi	4ee8c53cde5137a9.ltar
Mathlib.Topology.Covering.AddCircle	48c6c2d5f86ded23.ltar
Mathlib.Data.Nat.Cast.WithTop	3a7ad3cd8611a9e0.ltar
Mathlib.LinearAlgebra.Dual.Defs	35e84844f34475ba.ltar
Mathlib.Analysis.Convex.Strict	be63d516b926ddee.ltar
Mathlib.MeasureTheory.Constructions.BorelSpace.Metrizable	15bf5f28b372a51a.ltar
Mathlib.NumberTheory.Padics.Measure.Topology	b66a90417e24a3f9.ltar
Mathlib.CategoryTheory.Elementwise	38f0df14d642f64a.ltar
Mathlib.Algebra.Lie.EngelSubalgebra	2ff015cf5123f92e.ltar
Mathlib.LinearAlgebra.Complex.Determinant	e9414b9439bffdb1.ltar
Mathlib.Analysis.Convex.NNReal	30609feca446f6d2.ltar
Mathlib.CategoryTheory.ConcreteCategory.Forget	45bb830d8efdeea1.ltar
Mathlib.FieldTheory.Normal.Closure	6beff77adb00978f.ltar
Mathlib.CategoryTheory.Limits.Indization.Equalizers	7a1d971e67f51c4a.ltar
Mathlib.Data.Set.BooleanAlgebra	b198c80e7ba4e7b6.ltar
Mathlib.GroupTheory.Subsemigroup.Centralizer	153a822f68789737.ltar
Mathlib.MeasureTheory.Category.MeasCat	1cb4e4dc0555e364.ltar
Mathlib.Algebra.Group.Pointwise.Set.Scalar	03db72024a032a61.ltar
Mathlib.Analysis.CStarAlgebra.ContinuousFunctionalCalculus.Note	30e45df4c7da4a17.ltar
Mathlib.Algebra.Group.Center	4ccd70073df7b835.ltar
Mathlib.Analysis.Normed.Group.Bounded	aca658833ca31f57.ltar
Mathlib.Topology.Category.TopCat.Limits.Products	81ef3bbee61caba5.ltar
Mathlib.Algebra.Module.ULift	545c1cd93e6311b3.ltar
Mathlib.Data.W.Basic	867d0fd058dc9dfa.ltar
Mathlib.CategoryTheory.EffectiveEpi.Preserves	2fa1da503b0bb244.ltar
Mathlib.MeasureTheory.Integral.SetToL1	10d603fa3ad93896.ltar
Mathlib.Algebra.Polynomial.Reverse	54610e6fdc6e6da2.ltar
Plausible.Shrinkable	18d5d0ef3c02ae6e.ltar
Mathlib.Order.Category.Preord	25d0a009d43b58cb.ltar
Mathlib.CategoryTheory.Functor.Derived.LeftDerivedTriangulated	f8e78cbde74228ef.ltar
Mathlib.Tactic.Tauto	66355369c5095832.ltar
Batteries.Data.Vector.Monadic	3f00eb5f4eda1b93.ltar
Mathlib.CategoryTheory.Filtered.OfColimitCommutesFiniteLimit	4bef19e8d596f9a9.ltar
Mathlib.Combinatorics.SimpleGraph.FiveWheelLike	83f60dd20097b8e2.ltar
Mathlib.Data.Finset.Lattice.Lemmas	a42e47f3e5295e44.ltar
Mathlib.Analysis.LocallyConvex.Montel	a97254626a3984b6.ltar
Mathlib.Algebra.Homology.ExactSequenceFour	ba10a1f1fb9e3038.ltar
Mathlib.RingTheory.FractionalIdeal.Norm	6ca6c692b0cdca25.ltar
Mathlib.Geometry.Manifold.VectorBundle.CovariantDerivative.LeviCivita	5fdbb3da92a08b61.ltar
Mathlib.Analysis.SpecialFunctions.Trigonometric.Complex	8046d89aa2b2c816.ltar
Mathlib.CategoryTheory.Comma.Over.Basic	5d49f087f0ac5791.ltar
Mathlib.Order.Hom.Basic	a0ad643bff51852f.ltar
Mathlib.Geometry.Manifold.Instances.Sphere	313b253487097b31.ltar
Mathlib.NumberTheory.FLT.Polynomial	30e229862c0e88da.ltar
Mathlib.LinearAlgebra.Matrix.GeneralLinearGroup.Card	418e82767f2a76c6.ltar
Mathlib.RingTheory.Derivation.Lie	f8e64a1a58ebeb44.ltar
Mathlib.Combinatorics.Additive.ApproximateSubgroup	7364e0ce3f656ee1.ltar
Mathlib.GroupTheory.NoncommCoprod	f6208fbb809c83e2.ltar
Mathlib.LinearAlgebra.BilinearForm.Orthogonal	50a7f633d650167b.ltar
Mathlib.CategoryTheory.Retract	9229f8cd442cfc4b.ltar
Mathlib.CategoryTheory.Sites.Coherent.Comparison	eb901854756c0220.ltar
Mathlib.RingTheory.TotallySplit	399c5897d2154e14.ltar
Mathlib.Analysis.Calculus.ContDiff.Basic	6366a60ba78538db.ltar
Mathlib.Combinatorics.Hall.Finite	dd62868773ebd879.ltar
Mathlib.Algebra.Lie.IdealOperations	9bc3bdd50d2e4bdd.ltar
Mathlib.Topology.Homotopy.LocallyContractible	ab3ac4937af3bd4c.ltar
Mathlib.MeasureTheory.Integral.CurveIntegral.Poincare	b09cb8ef05b41254.ltar
Mathlib.LinearAlgebra.Matrix.Determinant.Bird.Defs	330682b1d356715f.ltar
Mathlib.NumberTheory.FLT.Three	b8f18addcf49d089.ltar
Mathlib.Probability.Kernel.Composition.MeasureComp	9b3f00677a6d78a9.ltar
Mathlib.Analysis.Normed.Operator.Perturbation.StrictByFinite	edf44e70ac2ed850.ltar
Mathlib.LinearAlgebra.DirectSum.Finite	09f4a36c4ce6be5d.ltar
Mathlib.Probability.Kernel.Disintegration.StandardBorel	c5513b00a2dd3a96.ltar
Mathlib.Analysis.Calculus.ContDiff.RCLike	2cd5d4faaedb8b07.ltar
Mathlib.NumberTheory.Bertrand	d055e7063ed05807.ltar
Mathlib.Data.Nat.NthRoot.Defs	53d6126c0988b180.ltar
Mathlib.Analysis.Normed.Algebra.DualNumber	e85aca9735660830.ltar
Mathlib.Data.Fintype.Defs	057d470218d30681.ltar
Mathlib.CategoryTheory.Monoidal.Internal.Types.CommGrp_	561e0898e290df0e.ltar
Mathlib.Order.UpperLower.Hom	108097c032a1bf8f.ltar
Mathlib.Algebra.Module.Congruence.Defs	a2f4d9041e8097ed.ltar
Mathlib.Order.Interval.Set.Basic	dc969ef7cb6b2eb7.ltar
Mathlib.Analysis.Normed.Operator.Prod	772fefb7d0fb38e7.ltar
Mathlib.Analysis.Complex.Conformal	195407ba8b7a6728.ltar
Mathlib.CategoryTheory.Sites.CoverLifting	f918fc8ddcb4bf61.ltar
Mathlib.Data.Sigma.Basic	fccf5016dd3fdbaf.ltar
Mathlib.CategoryTheory.Bicategory.Modification.Pseudo	187cb2ca6887c7ca.ltar
Mathlib.Topology.DiscreteSubset	7457b71e8740a01c.ltar
Mathlib.Algebra.Polynomial.Identities	5c6d1c2038207541.ltar
Mathlib.Topology.MetricSpace.Isometry	52dc7374d4dd8b63.ltar
Mathlib.CategoryTheory.ObjectProperty.Small	a6b9f0691f754fb9.ltar
Mathlib.Algebra.Group.Action.TypeTags	87477bccda7e6ed4.ltar
Mathlib.RingTheory.Multiplicity	d59c438d07bd6987.ltar
Mathlib.Tactic.Have	f3ba665fe4dff917.ltar
Mathlib.Probability.HasLawExists	937e10f5dc23ef19.ltar
Batteries.Recycling.MonadSatisfying.Basic	c12d00745f5999d9.ltar
Mathlib.Analysis.LocallyConvex.AbsConvexOpen	bb01e18172af98ef.ltar
Mathlib.Algebra.Homology.HomotopyCategory.ShiftSequence	7d181d0912447e23.ltar
Mathlib.NumberTheory.Multiplicity	2662b29ed264bc97.ltar
Mathlib.CategoryTheory.Action.Monoidal	dd294d7680495522.ltar
Mathlib.CategoryTheory.Adjunction.Limits	37bf4df6d1a57afd.ltar
Mathlib.CategoryTheory.MorphismProperty.OverAdjunction	53c4b7172223ffda.ltar
Mathlib.RingTheory.MvPolynomial.Expand	1230e291de72d0d9.ltar
Mathlib.Tactic.GrindAttrs	b55815a2e0ab7efa.ltar
Mathlib.Topology.Covering.Deck	7482dfee96e0661e.ltar
Mathlib.Algebra.Polynomial.Mirror	9fa09c8019624348.ltar
Mathlib.Geometry.Euclidean.Inversion.Basic	42c1c7c2253de831.ltar
Mathlib.Order.Birkhoff	967d189709c55ecd.ltar
Mathlib.Combinatorics.SimpleGraph.DegreeSum	37d57312f1e2382f.ltar
Mathlib.Analysis.Calculus.FDeriv.Bilinear	acccc88389976231.ltar
Mathlib.Algebra.Homology.HomotopyCategory.Triangulated	5c0822b5228238b1.ltar
Mathlib.Algebra.Field.Subfield.Defs	b4bbe3acc85815d4.ltar
Mathlib.Analysis.Calculus.Deriv.Basic	616f840f6636b9b4.ltar
Mathlib.Logic.Function.FiberPartition	eda9e6e5f6748226.ltar
Mathlib.Algebra.DualNumber	c7c9cae9cfcda3b9.ltar
Mathlib.Algebra.Order.Nonneg.Field	10d67ada00bb50c3.ltar
Mathlib.Topology.Algebra.Star.LinearMap	31ded019f2764e26.ltar
Mathlib.CategoryTheory.Limits.Constructions.WidePullbackOfTerminal	591154b59d30d6c4.ltar
Mathlib.Data.DFinsupp.FiniteInfinite	3d22ec987edbf2b6.ltar
Mathlib.CategoryTheory.Triangulated.TStructure.Induced	23ff21bbc8aca9d8.ltar
Mathlib.CategoryTheory.Triangulated.Orthogonal	d25f4d11bef529a4.ltar
Mathlib.LinearAlgebra.DirectSum.Basis	d98406e6c669f57a.ltar
Mathlib.Analysis.SpecialFunctions.Trigonometric.Angle	ca839ee9f07b0b59.ltar
Mathlib.Algebra.Category.Grp.Subobject	cd3c8b15f632a26a.ltar
Mathlib.Topology.Sheaves.CommRingCat	d5583cf703566729.ltar
Mathlib.RingTheory.Localization.Rat	5d89f70519846704.ltar
Mathlib.AlgebraicGeometry.ResidueField	fac115709d71cfa9.ltar
Mathlib.Data.Int.Order.Lemmas	3cdc4486fec4a464.ltar
Mathlib.Util.Export	8932330e60e807b7.ltar
Mathlib.Analysis.SpecialFunctions.Log.Base	d2f8dcdaa960f3c2.ltar
Mathlib.CategoryTheory.Functor.FullyFaithful	c4520b7585120ae6.ltar
Mathlib.MeasureTheory.Measure.Dirac.Def	d317cd16f8b9c854.ltar
Mathlib.Data.Finset.Option	6aaec95f72d61170.ltar
Mathlib.Order.Category.HeytAlg	7cd0f758e0f23d0e.ltar
Mathlib.NumberTheory.PowModTotient	e4f99755d5daffc9.ltar
Mathlib.Analysis.Calculus.Deriv.ZPow	09725c33fab432a3.ltar
Mathlib.RingTheory.Nullstellensatz	560be935d6b61a2a.ltar
Mathlib.RingTheory.KrullDimension.LocalRing	8325b69568014f3c.ltar
Mathlib.RingTheory.LocalProperties.Projective	b791dec0853e2d39.ltar
Mathlib.Algebra.Polynomial.Degree.Operations	77eda0998da94b0a.ltar
Mathlib.Topology.Semicontinuity.Lindelof	ba1e4868f70b7439.ltar
Mathlib.RingTheory.HahnSeries.Summable	99ddd95d98bc7bb8.ltar
Mathlib.Data.TwoPointing	9f9fedcd985771cf.ltar
Mathlib.Probability.Independence.ZeroOne	d4b140cc84257502.ltar
Mathlib.CategoryTheory.Adjunction.FullyFaithfulLimits	aad1b5ae36aefcce.ltar
Mathlib.Analysis.Calculus.BumpFunction.Basic	93476943b72a3dc3.ltar
Mathlib.Topology.Sheaves.LocalPredicate	84661e02e325b4a3.ltar
Mathlib.Data.Option.Defs	1b2a861c5c03b40f.ltar
Mathlib.RingTheory.Derivation.MapCoeffs	4d96ae6049be306e.ltar
Mathlib.Tactic.Rify	7a5e6cab80fa6d00.ltar
Mathlib.Probability.Distributions.SetBernoulli	77ea8d6d78372904.ltar
Mathlib.CategoryTheory.Sites.Hypercover.Saturate	d821658732755bc2.ltar
Mathlib.GroupTheory.GroupAction.Defs	2c48bf8beb5fdd5d.ltar
Mathlib.Tactic.Explode	ef34111a156f0d63.ltar
Mathlib.CategoryTheory.Abelian.Images	fcd7b335c28cc24a.ltar
Mathlib.Algebra.BigOperators.Field	8c0cac6f44da2b34.ltar
Mathlib.Algebra.Order.Hom.Units	1532750cd6f94505.ltar
Mathlib.LinearAlgebra.AffineSpace.Ordered	ca9d0edb3acc79ec.ltar
Mathlib.FieldTheory.Relrank	7ea1410e545d06f5.ltar
Mathlib.Algebra.Homology.ShortComplex.FunctorEquivalence	073812e7fdafe88a.ltar
Mathlib.Topology.Category.TopCat.Adjunctions	6001e9f3baa0b955.ltar
Mathlib.Algebra.Order.GroupWithZero.Synonym	2c22928a7b42dec9.ltar
Mathlib.Algebra.Module.ZLattice.Basic	22311f0cbdbd59f9.ltar
Mathlib.NumberTheory.WellApproximable	27323dc258d2e350.ltar
Mathlib.Combinatorics.SimpleGraph.Coloring.Constructions	d5e489a547f75e7d.ltar
Mathlib.Algebra.Homology.HomologicalComplexAbelian	3633329e0306e36a.ltar
Mathlib.Tactic.ScopedNS	9f916826a7a1e9eb.ltar
Mathlib.Geometry.Convex.Star	5335c51fba5e08e9.ltar
Mathlib.MeasureTheory.Measure.Content	42de7b6ac813b1a5.ltar
Mathlib.Lean.ContextInfo	107bd18c7019d664.ltar
Mathlib.Tactic.Translate.ToAdditive	8f7a67fc104b572f.ltar
Mathlib.RingTheory.Polynomial.Subring	eb5a6df48ece67a8.ltar
Mathlib.Order.ScottContinuity	aa03bb49c3d9e22a.ltar
Batteries.Control.Nondet.Basic	67bd1daae9482e03.ltar
Mathlib.Algebra.Order.Group.DenselyOrdered	bcdaafd7463ffb08.ltar
Mathlib.Algebra.GroupWithZero.NeZero	16c467518086d01d.ltar
Mathlib.Data.Finsupp.MonomialOrder	e23239be78659747.ltar
Mathlib.Algebra.Module.Lattice	7ebb93f3caacf8c6.ltar
Mathlib.Analysis.Complex.UnitDisc.Basic	06de9f3ea22fded0.ltar
Mathlib.Algebra.Lie.Derivation.BaseChange	19765feda50108b3.ltar
Mathlib.Algebra.Lie.Weights.IsSimple	c81f3756276f5fb5.ltar
Mathlib.Logic.Function.Conjugate	78483ee8e6f23470.ltar
Mathlib.Order.ConditionallyCompleteLattice.Indexed	5ed293eeaf632bfc.ltar
Mathlib.Algebra.Group.Action.Prod	1aeacdb1bdce4f79.ltar
Mathlib.Algebra.Homology.ShortComplex.SnakeLemma	f0eacd96c4efb7a3.ltar
Mathlib.Algebra.Homology.DerivedCategory.Basic	e5a6c02b2aa70e69.ltar
Mathlib.RingTheory.Ideal.Over	591cde2069092482.ltar
Mathlib.Data.Sigma.Interval	8be28d2906e42e1c.ltar
Mathlib.Algebra.GroupWithZero.Torsion	006d3f2072b24864.ltar
Mathlib.Order.DirSupClosed	011c6e3cd5140288.ltar
Mathlib.FieldTheory.LinearDisjoint	83031cfe65a8294c.ltar
Mathlib.Algebra.Homology.TotalComplexSymmetry	e2b6caa820d1b3cf.ltar
Mathlib.Analysis.SpecialFunctions.Trigonometric.Series	8c4a76bc694e22df.ltar
Mathlib.RepresentationTheory.Homological.GroupHomology.FiniteCyclic	a47c9361788b5928.ltar
Mathlib.Order.Rel.GaloisConnection	f4b262b63411a350.ltar
Mathlib.CategoryTheory.Abelian.Pseudoelements	b7be4b5ddaf0938e.ltar
Aesop.Search.Main	016f2d9859c29e2a.ltar
Mathlib.Analysis.Calculus.TangentCone.ProperSpace	fd42e65beba66778.ltar
Mathlib.Data.Set.Inclusion	ea160b7fbc37222c.ltar
Mathlib.MeasureTheory.OuterMeasure.Basic	f5fbf4aba896b656.ltar
Mathlib.CategoryTheory.Limits.Preserves.Finite	418bb774421ae89c.ltar
Mathlib.Algebra.Field.ULift	1e22cc043a566927.ltar
ProofWidgets.Component.RefreshComponent	ea3bb064c8879a11.ltar
Mathlib.CategoryTheory.GradedObject.Monoidal	631b8ad3af871766.ltar
Mathlib.RingTheory.RingHom.Surjective	d55b9213975d1e10.ltar
Mathlib.RingTheory.RootsOfUnity.CyclotomicUnits	ed393eadfa836b58.ltar
Mathlib.Analysis.Calculus.TangentCone.DimOne	b882164362dac07a.ltar
Mathlib.Topology.Algebra.Polynomial	5dcfe3375646aecc.ltar
Mathlib.Topology.Compactness.CompactSystem	2f717c9afbdc1ba4.ltar
Mathlib.Data.Finset.Lattice.Basic	1b6a04437ad0a2c1.ltar
Mathlib.MeasureTheory.Constructions.Polish.EmbeddingReal	51d97c7b646e540c.ltar
Mathlib.Topology.Convenient.ContinuousMapGeneratedBy	76acce44d22db3d8.ltar
Mathlib.Logic.Equiv.Fin.Basic	3dbdd427c83d684b.ltar
Mathlib.RingTheory.Nakayama	8b72e11a76e15212.ltar
Mathlib.Analysis.Convex.Join	28e833c81fbfac42.ltar
Mathlib.Topology.Category.Profinite.Limits	6d5ea748b246b121.ltar
Mathlib.Algebra.Order.Interval.Set.Group	a74296186d6a6ad7.ltar
Mathlib.NumberTheory.NumberField.Cyclotomic.Three	14a80a7eca2e0bb7.ltar
Mathlib.Topology.CantorBendixson	47df541dc7ef2e2e.ltar
Mathlib.CategoryTheory.Abelian.Preradical.Colon	701d97bd74cdb61b.ltar
Mathlib.Algebra.Group.Subgroup.ZPowers.Basic	42dae3db51cb783e.ltar
Mathlib.Data.Nat.Digits.Lemmas	58c12345a64fc9f5.ltar
Batteries.Tactic.PrintDependents	bd88d526778949a2.ltar
Mathlib.CategoryTheory.Limits.Lattice	2acedeb8cd48a550.ltar
Mathlib.RingTheory.Bezout	85644382040e0670.ltar
Mathlib.RingTheory.MvPowerSeries.Basic	3ab887a9aab95dbf.ltar
Mathlib.AlgebraicTopology.DoldKan.SplitSimplicialObject	a31404eaed3ca910.ltar
Mathlib.RingTheory.DedekindDomain.Different	183c268158fb4456.ltar
Mathlib.CategoryTheory.Sites.IsSheafFor	8aa9f9b33d2149cd.ltar
Mathlib.Combinatorics.SimpleGraph.Regularity.Increment	e938f5213c7fc5bc.ltar
Mathlib.Topology.Algebra.Module.Spaces.WeakDual	72795945b0425f5b.ltar
Mathlib.CategoryTheory.Monoidal.Closed.Functor	a9ddde37d3e8e7db.ltar
Mathlib.Util.DelabNonCanonical	fc810817965b8b70.ltar
Mathlib.CategoryTheory.ConcreteCategory.Bundled	cf8e6df69967f48d.ltar
Mathlib.CategoryTheory.Localization.Pi	a84eff42c031cb20.ltar
Mathlib.CategoryTheory.CatCommSq	b39d7af019f767bd.ltar
Mathlib.Data.Finset.Filter	3ea0a777f69cd84c.ltar
Mathlib.RingTheory.Localization.InvSubmonoid	02da1bd157d3b6a3.ltar
Plausible.Arbitrary	1e51599237e1942a.ltar
Mathlib.RingTheory.Nilpotent.Basic	1c0b448ac9f4eeab.ltar
Mathlib.Combinatorics.SimpleGraph.Coloring.EdgeLabeling	08124209cb032089.ltar
Mathlib.Algebra.NoZeroSMulDivisors.Pi	9e18ff46abfad96d.ltar
Mathlib.Algebra.Group.Action.Basic	5a0fd44813b2eb15.ltar
Mathlib.GroupTheory.Commutator.Basic	77af53596daa410c.ltar
Mathlib.Analysis.Normed.Field.ProperSpace	5058538d5d5edbbb.ltar
Mathlib.CategoryTheory.Sites.PseudofunctorSheafOver	195ee7ea7aad6b76.ltar
Mathlib.Algebra.Polynomial.Bivariate	3b8ca04f6977a418.ltar
Mathlib.CategoryTheory.Bicategory.NaturalTransformation.Pseudo	9758be9e81b91201.ltar
Mathlib.Analysis.Convex.Piecewise	3a313ec571c947cd.ltar
Mathlib.Data.Multiset.Count	7f9c0a6d20d59181.ltar
Mathlib.Data.Setoid.Basic	13f65a713d8a31bd.ltar
Mathlib.Analysis.SpecialFunctions.Log.Basic	43b4ea24d60ac45a.ltar
Mathlib.Geometry.Euclidean.Triangle	9701b3c5282bc67a.ltar
Mathlib.Algebra.Order.Floor.Semifield	a7deb61a149e73a6.ltar
Batteries.Data.Stream	81bf88ee01e9e8f9.ltar
Mathlib.Analysis.Normed.Unbundled.SeminormFromBounded	f5d807b7fd308e15.ltar
Mathlib.Geometry.Manifold.VectorBundle.Hom	f1a7b416a825df54.ltar
Aesop.Forward.Match.Types	2d910730cccfce06.ltar
Aesop.Builder.Forward	7cde47b5c0d47a3c.ltar
Mathlib.Data.List.Lattice	bb017e93023af021.ltar
Mathlib.LinearAlgebra.SymmetricAlgebra.Basic	eb9361005d5dc930.ltar
Mathlib.Analysis.SpecialFunctions.Gaussian.PoissonSummation	a873574e1010320d.ltar
Mathlib.MeasureTheory.SpecificCodomains.Pi	647ef11c169fbb90.ltar
Mathlib.Topology.Algebra.LinearTopology	7d1ae3e06392c7f4.ltar
Mathlib.Algebra.CharZero.AddMonoidHom	d4bbbdaaaba75e3c.ltar
Mathlib.Probability.Independence.Kernel.Indep	60c2cc8e71717224.ltar
Mathlib.Topology.Metrizable.Real	e8ce225a1751c153.ltar
Mathlib.Combinatorics.SimpleGraph.Coloring.VertexColoring	c9dc57396c7cbac4.ltar
Mathlib.Analysis.Matrix.PosDef	1e36c894c3895e78.ltar
Mathlib.Order.Filter.Germ.Basic	01fc67e9f24d406d.ltar
Mathlib.RingTheory.RingInvo	8ce35d26d165bab0.ltar
Mathlib.LinearAlgebra.AffineSpace.Simplex.Centroid	b715d223fd906bd0.ltar
Mathlib.Order.Interval.Set.OrdConnectedLinear	23948575024b4372.ltar
Mathlib.Order.Interval.Set.ProjIcc	c1443e4c6edd8119.ltar
Mathlib.Algebra.Lie.DirectSum	ab5ca07ba1982599.ltar
Mathlib.MeasureTheory.Function.BorelGrowth	058e4e0d4d9755f4.ltar
Mathlib.CategoryTheory.Limits.Shapes.IsTerminal	57b483a8acf4ca98.ltar
Mathlib.Data.Int.Cast.Prod	551d0fce4ba2cd66.ltar
Mathlib.Algebra.Order.GroupWithZero.Defs	97945000a048abde.ltar
Mathlib.Algebra.Ring.Prod	cdb03be242b95ad9.ltar
Mathlib.Analysis.InnerProductSpace.MeanErgodic	1970f3d599a66bf9.ltar
Mathlib.Data.Nat.Choose.Bounds	918633ddd236be14.ltar
Mathlib.Algebra.Homology.HomotopyCategory.ChainComplex	0619294731b75285.ltar
Mathlib.Topology.Instances.RealVectorSpace	f1e1cff03e56c52b.ltar
Mathlib.CategoryTheory.Functor.KanExtension.Preserves	489adb907d1a03d2.ltar
Mathlib.Analysis.InnerProductSpace.Basic	8c37fe15c39be10b.ltar
Mathlib.Analysis.CStarAlgebra.Matrix	c6c6378fcf966ed2.ltar
Mathlib.RingTheory.LocalProperties.Reduced	0c2a7a3795dedd56.ltar
Mathlib.NumberTheory.LSeries.Injectivity	048e9349cb0cf994.ltar
Mathlib.CategoryTheory.ObjectProperty.FiniteLimits	1119c41f21ec55ea.ltar
Mathlib.RingTheory.Polynomial.SeparableDegree	58015630e3cefdcc.ltar
Mathlib.Analysis.VonNeumannAlgebra.Basic	f8b6455dbf38a32c.ltar
Mathlib.Order.Interval.Set.Card	9c5f4bff7d28085c.ltar
Mathlib.MeasureTheory.Integral.CompactlySupported	d5520f2890c34013.ltar
Mathlib.CategoryTheory.Limits.Set	6d3bed92cab037e2.ltar
Mathlib.RingTheory.Regular.RegularSequence	a1c708162f4b1778.ltar
Mathlib.NumberTheory.Height.MvPolynomial	81055343de1ba380.ltar
Mathlib.Topology.PartitionOfUnity	b8dcf0f0417e3d0b.ltar
Mathlib.RingTheory.Algebraic.StronglyTranscendental	f275f223052c99c1.ltar
Mathlib.Analysis.SpecialFunctions.Pow.Integral	bb683084d637c8c0.ltar
Mathlib.Analysis.Meromorphic.Order	b100c81d798d4ea1.ltar
Mathlib.CategoryTheory.Linear.FunctorCategory	54911219daadcb0c.ltar
Mathlib.Data.List.Defs	75c1a7646d6280e8.ltar
Mathlib.RingTheory.Ideal.Quotient.Defs	67f730cc33576632.ltar
Mathlib.RingTheory.LocalRing.ResidueField.Polynomial	8695d287e58caae7.ltar
Mathlib.CategoryTheory.Limits.Types.End	4b90c3a68dcfb852.ltar
Mathlib.Data.Pi.Interval	a185761e1f82b19b.ltar
Mathlib.CategoryTheory.Triangulated.Rotate	81589b75fc89181c.ltar
Mathlib.Topology.DerivedSet	6c15c08e1e01693e.ltar
Mathlib.Algebra.GroupWithZero.ULift	d591684992e065a9.ltar
Mathlib.CategoryTheory.Enriched.Ordinary.Basic	1bd558947d99d575.ltar
Mathlib.NumberTheory.Height.EllipticCurve	ec2071807737225a.ltar
Mathlib.Data.Int.Lemmas	58ce382f2aa25b6c.ltar
Mathlib.CategoryTheory.InducedCategory	c96981993335dba0.ltar
Mathlib.Topology.Connected.Clopen	2854b1a690e43c85.ltar
Mathlib.Order.Monotone.Union	5064d35dea9450a5.ltar
Mathlib.CategoryTheory.Functor.OfSequence	d4472a56162a2800.ltar
Mathlib.Basic.Complex.BigOperators	1f35979d7345157b.ltar
Mathlib.RingTheory.MvPowerSeries.Substitution	4cb2528c4dc5be59.ltar
Mathlib.CategoryTheory.Generator.Presheaf	1cb3a0a4bd5394e1.ltar
Mathlib.Combinatorics.Additive.AP.Three.Defs	533493a39f43deb9.ltar
Aesop.BuiltinRules.Subst	2e56cc7a91369230.ltar
Mathlib.Data.Nat.Cast.Commute	14e8e8bc686a6d1f.ltar
Mathlib.Data.Opposite	1a47f1e29b2691f8.ltar
Mathlib.Algebra.Module.Presentation.Finite	05b0997013be5f46.ltar
Mathlib.CategoryTheory.Linear.Basic	28a9501be771fdfa.ltar
Mathlib.Data.Fin.Rev	b2adbdbb7a9e39e9.ltar
Mathlib.Lean.CoreM	49ea86574b4983f8.ltar
Mathlib.Topology.Sheaves.SheafCondition.EqualizerProducts	eb5079308b32e52f.ltar
Mathlib.Topology.UrysohnsLemma	e1a3085bea25d802.ltar
Mathlib.Topology.Algebra.Module.StrongTopology	7daf98be10e57748.ltar
Mathlib.Order.CompleteBooleanAlgebra	84945615306fda43.ltar
Mathlib.Analysis.Calculus.IteratedDeriv.ConvergenceOnBall	98c821b28733db05.ltar
Mathlib.Analysis.Normed.Operator.Banach	94879a267401e4a3.ltar
Mathlib.Algebra.Module.Submodule.Order	e147a3b14cc272c4.ltar
Mathlib.NumberTheory.NumberField.Completion.Ramification	0d3caf06b6652bc6.ltar
Mathlib.LinearAlgebra.Eigenspace.Minpoly	fec22b4bb08879e4.ltar
Aesop.RuleTac.Preprocess	eb21a673802a2c50.ltar
Mathlib.Data.Finsupp.Option	7a333ee1fcb21fa2.ltar
Mathlib.Algebra.GroupWithZero.Action.Pi	5c9ff91e9feb4b52.ltar
Mathlib.CategoryTheory.Core	df5b31105557be32.ltar
Mathlib.Analysis.SpecialFunctions.Gamma.Digamma	d39a20abc806752b.ltar
Mathlib.CategoryTheory.Bicategory.Kan.IsKan	2ede2a38636d8296.ltar
Mathlib.LinearAlgebra.Matrix.Swap	eb7cc6e9abb0cb6d.ltar
Mathlib.RingTheory.WittVector.FrobeniusFractionField	fd37b26d975f81d0.ltar
Mathlib.MeasureTheory.Integral.SetToL1.ChangeMeasure	df5d85582567c776.ltar
Mathlib.Topology.MetricSpace.HausdorffDistance	9a716ef727fec645.ltar
Mathlib.Algebra.Category.Grp.CartesianMonoidal	48e35c36e93597f7.ltar
Mathlib.Algebra.Lie.LieTheorem	7174a756418acab3.ltar
Mathlib.Topology.MetricSpace.Pseudo.Real	8c78d61f1e6a3e27.ltar
Mathlib.Algebra.LinearRecurrence	9a3b10ade7d65fa1.ltar
Mathlib.Probability.Distributions.TwoValued	9461de830998ba8a.ltar
Mathlib.Analysis.Convex.Independent	9bafe1aa1690307e.ltar
Mathlib.MeasureTheory.Constructions.BorelSpace.Real	10c249dc8ffd755c.ltar
Mathlib.Data.Fintype.CardEmbedding	61fba926ea2f256c.ltar
Mathlib.RingTheory.Kaehler.TensorProduct	9c0048c9b4fd5270.ltar
Mathlib.InformationTheory.KullbackLeibler.DataProcessing	250f8c12db918761.ltar
Mathlib.Topology.Coherent	46068148900203f6.ltar
Mathlib.Topology.Order.LeftRight	43e6f386e7c7df03.ltar
Mathlib.CategoryTheory.Monoidal.Subcategory	a15488d182401d6c.ltar
Mathlib.Analysis.Complex.AbsMax	25eea46c77eb67d3.ltar
Mathlib.CategoryTheory.Abelian.DiagramLemmas.KernelCokernelComp	f68b7405009b4ead.ltar
Mathlib.Geometry.Manifold.VectorBundle.Riemannian	c98d0511cd4fef87.ltar
Mathlib.Algebra.BigOperators.Group.Finset.Defs	cfa2fe724e2ab717.ltar
Mathlib.LinearAlgebra.Dimension.ErdosKaplansky	c3181115393a15c3.ltar
Mathlib.Data.List.Find	9d578097b658ca20.ltar
Mathlib.MeasureTheory.MeasurableSpace.Constructions	ecda0ebf9b757282.ltar
Mathlib.Algebra.GroupWithZero.Defs	617c202a434b0353.ltar
Mathlib.LinearAlgebra.CliffordAlgebra.CategoryTheory	612c119320938586.ltar
Mathlib.Algebra.Module.Submodule.RestrictScalars	237a28c00ed39194.ltar
Mathlib.Order.Monotone.Extension	e7ff01852a1bc475.ltar
Mathlib.MeasureTheory.Integral.IntervalIntegral.DistLEIntegral	94d8b0b88260d97d.ltar
Mathlib.Algebra.Group.Nat.Even	2c2bea0a7fa0fd97.ltar
Aesop.Search.Queue	e25982c9d495ac5d.ltar
Mathlib.Algebra.Order.Ring.IsNonarchimedean	d58aef28dad73c05.ltar
Mathlib.NumberTheory.ADEInequality	70712070fd3d27e7.ltar
Mathlib.Algebra.Order.Group.Finset	8cc6891578bb9ef4.ltar
Mathlib.Algebra.Ring.Subsemiring.Basic	4c8b254d9fc94dd9.ltar
Mathlib.Algebra.Module.ZLattice.Covolume	2116cbee6fff0ab2.ltar
Mathlib.CategoryTheory.Bicategory.End	a45c8bcffee58ddd.ltar
Mathlib.RingTheory.Coprime.Ideal	90b753cf90832595.ltar
Mathlib.Tactic.CategoryTheory.IsoReassoc	e2af40edaf63af89.ltar
Mathlib.Order.RelIso.Basic	4b8b3f2571a981be.ltar
Mathlib.MeasureTheory.OuterMeasure.Induced	7943d671f7ab711c.ltar
Mathlib.Data.PNat.Prime	eb19834e07761f18.ltar
Mathlib.Analysis.Complex.Harmonic.Analytic	98d50f5e81339a12.ltar
Mathlib.Condensed.Light.Epi	2ffcb514133f87be.ltar
Mathlib.ModelTheory.Satisfiability	1cdcd7115a7caf0f.ltar
Mathlib.Analysis.Normed.Module.MStructure	4684a1d38a9a6017.ltar
Mathlib.CategoryTheory.Sites.Sieves.Presieve	64cb32167a0ff0f9.ltar
Mathlib.Tactic.Attr.Core	9fbbaf9ec6d07a4d.ltar
Mathlib.Analysis.Normed.Group.AddTorsor	24f35eff82684a5c.ltar
Mathlib.Analysis.Calculus.InverseFunctionTheorem.ContDiff	d919a9161dfa3b83.ltar
Mathlib.Geometry.Manifold.Instances.Icc	df181e0b88c03b89.ltar
Mathlib.SetTheory.ZFC.Basic	81f6fdc72a05907a.ltar
Mathlib.CategoryTheory.Sites.CoverPreserving	2747a71758c85830.ltar
Mathlib.Order.Filter.AtTopBot.Monoid	e381f82d4dd501fc.ltar
Mathlib.MeasureTheory.VectorMeasure.Decomposition.JordanSub	1813c57dd71e3148.ltar
Mathlib.Tactic.DepRewrite	62eac4453ee79ecd.ltar
Mathlib.NumberTheory.ModularForms.EisensteinSeries.Defs	f35c193ef7ee7e41.ltar
Mathlib.NumberTheory.NumberField.Ideal.KummerDedekind	354f9f63b18aa056.ltar
Mathlib.Dynamics.Transitive	577758671afcce4c.ltar
Mathlib.RingTheory.NormalClosure	e4046531cd34612d.ltar
Mathlib.LinearAlgebra.CliffordAlgebra.Grading	656887bd4ca1e8a3.ltar
Mathlib.Combinatorics.SimpleGraph.ConcreteColorings	5ee230c7fb8a13cf.ltar
Mathlib.Algebra.Homology.SingleHomology	617d030f81e9af6a.ltar
Aesop.Tree.UnsafeQueue	a3679d1c02537abc.ltar
Mathlib.AlgebraicGeometry.RationalMap	8ca84853614ae296.ltar
Mathlib.LinearAlgebra.Matrix.Echelon.Basic	16385f3a5daf2dd5.ltar
Mathlib.Algebra.Group.TypeTags.Pointwise	7ef659995f92eafc.ltar
Mathlib.NumberTheory.LSeries.HurwitzZeta	2fccc91211dd0aba.ltar
Mathlib.Combinatorics.Derangements.Basic	d8d262d15032e95e.ltar
Mathlib.Algebra.Module.LocalizedModule.AtPrime	f2610f9209660c8a.ltar
Mathlib.Data.Finite.Perm	a347dc28f6f114b8.ltar
Mathlib.Algebra.Group.ForwardDiff	50d7e7cd94d7bada.ltar
Mathlib.RingTheory.Unramified.Basic	e75a0bba3cfcfc17.ltar
Mathlib.Tactic.HigherOrder	4f450673746c3f71.ltar
Batteries.Data.Nat.Lemmas	ab49fa10ed27bae6.ltar
Mathlib.LinearAlgebra.Determinant	07a5f608b0acafe9.ltar
Mathlib.AlgebraicTopology.SimplicialSet.NonDegenerateSimplicesSubcomplex	214bcedc1e1fcfe3.ltar
Mathlib.CategoryTheory.Subobject.NoetherianObject	c9527f6f44031815.ltar
Mathlib.Algebra.Order.Hom.Ring	20cc00a5153cffc1.ltar
Mathlib.Algebra.Order.Monoid.OrderDual	a4c9fe2bc261f110.ltar
Mathlib.Tactic.GRewrite	f639ed84a7c2843b.ltar
Mathlib.Algebra.Ring.Subring.Order	7eb2a627f4cb5a25.ltar
Mathlib.Algebra.Order.Group.Lattice	f0cfb52f23dbd750.ltar
Mathlib.MeasureTheory.MeasurableSpace.Embedding	abb316add9fa7971.ltar
Mathlib.Order.PiLex	889b1ef76d7d7c86.ltar
Mathlib.Algebra.GroupWithZero.Indicator	992a83b748ec1227.ltar
Mathlib.Order.RelSeries	99dedabb294a8d4e.ltar
Mathlib.CategoryTheory.Functor.Derived.RightDerivedTriangulated	65eac8e03038fe96.ltar
Mathlib.Data.Real.Archimedean	a35ae34fa6539b28.ltar
Mathlib.Combinatorics.Quiver.Subquiver	602de77e4cc93bca.ltar
Mathlib.AlgebraicGeometry.EllipticCurve.Jacobian.Point	8b2c3eb58fabe652.ltar
Mathlib.LinearAlgebra.Matrix.Integer	5480c0b97ca791f5.ltar
Mathlib.Order.Filter.Defs	b42713d03b3c31e4.ltar
Mathlib.Algebra.Group.Nat.Units	1ee32a20c4c4ed48.ltar
Mathlib.Geometry.Manifold.StructureGroupoid	3b6604812178fe95.ltar
Mathlib.CategoryTheory.Limits.Shapes.Equivalence	bc388bdc8537b9f7.ltar
Mathlib.Analysis.Calculus.FDeriv.Const	12f7f1da1e471026.ltar
Mathlib.AlgebraicTopology.SimplicialObject.DeltaZeroIter	55afa91c718945ab.ltar
Mathlib.LinearAlgebra.RootSystem.Finite.Lemmas	864d7c93273355ec.ltar
Mathlib.Data.Set.Card.Arithmetic	61e72930f68b7516.ltar
Mathlib.Tactic.Use	6f6d9ab2154b32cc.ltar
Mathlib.Lean.Meta	270a651d58dbbaea.ltar
Mathlib.Topology.Sheaves.Init	f93857f26b80fa97.ltar
Mathlib.LinearAlgebra.LeftExact	0af31c0e4721dc53.ltar
Mathlib.FieldTheory.Laurent	07452988b812863b.ltar
Mathlib.LinearAlgebra.Matrix.Bilinear	e53d5e89794ddda0.ltar
Mathlib.Probability.Kernel.Basic	8b19670aef0b714d.ltar
Mathlib.RingTheory.Localization.Integer	9b86f3c355b21978.ltar
Mathlib.CategoryTheory.Filtered.Flat	ff9cfd8c7cf3e0e2.ltar
Mathlib.Algebra.Category.ModuleCat.Presheaf.EpiMono	89cb51bae7e5535c.ltar
Mathlib.CategoryTheory.Limits.Shapes.Kernels	c7d827f57bbb8d5d.ltar
Mathlib.Algebra.Module.Torsion.Pi	8572eae1c9fa94c4.ltar
Mathlib.CategoryTheory.Triangulated.Opposite.Triangle	a8a01ab206fb3b2f.ltar
Mathlib.RingTheory.Flat.FaithfullyFlat.Descent	b2d50cd947789810.ltar
Mathlib.CategoryTheory.Bicategory.Span.Basic	4dddde0cdcb2e67f.ltar
Mathlib.RingTheory.SimpleModule.IsAlgClosed	a85a1a275baf48a4.ltar
Mathlib.RingTheory.MvPowerSeries.Restricted	97e66922261bee91.ltar
Mathlib.Computability.EpsilonNFA	cd909d625954704c.ltar
Mathlib.Algebra.Homology.HomologicalComplexLimits	8a6aecd5b001df59.ltar
Mathlib.MeasureTheory.Measure.Prokhorov	0b0e8bd87326e1ba.ltar
Mathlib.Geometry.Euclidean.Sphere.Basic	4edd488e388d7ddd.ltar
Mathlib.Algebra.Category.ModuleCat.Stalk	8116bd8fc4e71181.ltar
Mathlib.NumberTheory.Padics.Measure.Basic	a24d72b22adbf246.ltar
Mathlib.Order.Filter.Pi	b84876a871c7f370.ltar
Mathlib.CategoryTheory.Filtered.FinallySmall	c9809591f26f1518.ltar
Mathlib.FieldTheory.PrimitiveElement	f0a67019057f5bb6.ltar
Mathlib.AlgebraicTopology.SimplicialSet.PiZero	1c79571caa9700ba.ltar
Mathlib.Algebra.Category.ModuleCat.ProjectiveDimension	fe0e5d114c0153e3.ltar
Mathlib.RingTheory.DedekindDomain.Dvr	e4743ee879397cc2.ltar
Mathlib.Geometry.Manifold.Notation	333ff7aa3f2e07a1.ltar
Mathlib.Algebra.Group.Submonoid.BigOperators	1b0268a03c9f33a2.ltar
Mathlib.Order.Filter.Interval	5611a1cb9cbdcf84.ltar
Mathlib.Algebra.Lie.Derivation.Basic	b2da36fa0a1c3904.ltar
Mathlib.CategoryTheory.GuitartExact.VerticalComposition	005b7d8f3df57f04.ltar
Mathlib.Topology.CompactOpen	d3f4580940bc4720.ltar
Mathlib.Order.Ideal	d6cef1caa970a354.ltar
Mathlib.FieldTheory.AxGrothendieck	25af80865c58595c.ltar
Mathlib.GroupTheory.PGroup	dfe40e719d538865.ltar
Mathlib.CategoryTheory.Bicategory.Extension	f931165f8c04bf93.ltar
Mathlib.NumberTheory.Padics.Hensel	264b7576365ff9e3.ltar
Mathlib.Analysis.CStarAlgebra.ContinuousLinearMap	989b2fba68e01149.ltar
Mathlib.CategoryTheory.Limits.IsLimit	b6d19d5c97859ba4.ltar
Mathlib.RingTheory.SimpleRing.Principal	f0a06bb12b72d654.ltar
Mathlib.Order.Minimal	b32de6f2394bdc6c.ltar
Mathlib.RingTheory.Smooth.Flat	91bfc7277a6f31df.ltar
Mathlib.Tactic.Nontriviality	ff2b15cbf7db1a45.ltar
Mathlib.Algebra.QuadraticAlgebra.Basic	f42a17f00f271458.ltar
Mathlib.CategoryTheory.Bicategory.Adjunction.Mate	efc61173d1cf43e7.ltar
Mathlib.RingTheory.Frobenius	ea4a391ac41b2c62.ltar
Mathlib.Data.Fin.Embedding	378f7c2ab3750f5a.ltar
Mathlib.LinearAlgebra.RootSystem.IsValuedIn	6779e054bcac8a59.ltar
Mathlib.GroupTheory.GroupAction.Iwasawa	8b0cfcf1c2520521.ltar
Mathlib.Analysis.Calculus.LogDerivUniformlyOn	2e41a5a0396b995f.ltar
Mathlib.Condensed.Discrete.Module	151972a45e701ace.ltar
Mathlib.NumberTheory.Height.NumberField	3b92e9d6496db281.ltar
Mathlib.Topology.Algebra.Module.WeakDual	a34a986cb41dd19f.ltar
Mathlib.Algebra.GroupWithZero.Invertible	3ee9cb5ce1faeb82.ltar
Mathlib.Tactic.ByContra	424bcc9a15572559.ltar
Mathlib.CategoryTheory.Adjunction.Lifting.Left	2e6af3582abed8dd.ltar
Mathlib.CategoryTheory.Limits.MorphismProperty	ed87d0cd0ff3b1a8.ltar
Mathlib.Algebra.Category.ModuleCat.Sheaf.Quasicoherent	7f93b9e3dee0ecd7.ltar
Mathlib.Order.Fin.Basic	5b1da957a4876457.ltar
Mathlib.Combinatorics.SimpleGraph.Connectivity.Finite	4074f6f0629abf31.ltar
Mathlib.RingTheory.Invariant.Defs	749919357079b13c.ltar
Mathlib.Algebra.Group.Basic	944f33247c368f8c.ltar
Mathlib.Analysis.Calculus.ContDiff.Comp	50f47e05d3cefaef.ltar
Mathlib.Condensed.Solid	1cf2dc1db8db87a0.ltar
Mathlib.RingTheory.TwoSidedIdeal.Operations	3e1a9871fd0dcb43.ltar
Mathlib.AlgebraicTopology.SingularSet	acdaa43f0f94d5b1.ltar
Mathlib.Data.List.Palindrome	1c1d24964ed6f1fe.ltar
Mathlib.Data.Real.Embedding	9f23c6b56998b76d.ltar
Mathlib.Topology.ContinuousMap.Interval	79aa804215886c77.ltar
Mathlib.Algebra.Category.ModuleCat.Topology.Basic	b286e569d107a518.ltar
Mathlib.SetTheory.Cardinal.HasCardinalLT	a9165fc5fa619d0e.ltar
Mathlib.MeasureTheory.Constructions.AddChar	dfde382477b2d456.ltar
Mathlib.GroupTheory.QuotientGroup.Finite	ec7943fe91225260.ltar
Mathlib.Data.Finset.Finsupp	63d5107939fe638e.ltar
Mathlib.LinearAlgebra.Alternating.Basic	5b9875ff202867a9.ltar
Mathlib.NumberTheory.JacobiSum.Basic	31f7d424282ccaf4.ltar
Mathlib.Data.Set.Image	971709edf72d8922.ltar
Mathlib.CategoryTheory.ObjectProperty.ClosureShift	36507ace1fd71e2e.ltar
Mathlib.RingTheory.Finiteness.Ideal	9abd54d640db04c0.ltar
Mathlib.CategoryTheory.ConcreteCategory.Elementwise	ef231088124e522c.ltar
Mathlib.Order.Comparable	bef5e1969d329a92.ltar
Mathlib.Analysis.Calculus.LogDeriv	f31391fff906257d.ltar
Mathlib.Algebra.Order.Group.Action.End	f0bbc519205e161f.ltar
Mathlib.MeasureTheory.Function.LpSeminorm.TriangleInequality	c4fad8a072fa92d1.ltar
Mathlib.CategoryTheory.Functor.RegularEpi	0ec1b894c5b46412.ltar
Mathlib.RingTheory.TensorProduct.IsBaseChangeRightExact	9c259f2dfafa1cdb.ltar
Mathlib.CategoryTheory.Sites.Point.Skyscraper	75d751152ed1af8d.ltar
Mathlib.NumberTheory.Padics.WithVal	9f5a855e16e83093.ltar
Mathlib.Analysis.Normed.Module.FiniteDimension	32e7ae3c76ac7717.ltar
Batteries.Data.Vector	fa4edde2b8b3d3ff.ltar
Mathlib.LinearAlgebra.CliffordAlgebra.Even	031d31f4ff6e0444.ltar
Mathlib.AlgebraicTopology.SimplexCategory.GeneratorsRelations.EpiMono	4a26792617914283.ltar
Mathlib.Data.FunLike.Fintype	be7fd8096663bbfd.ltar
Mathlib.Algebra.GroupWithZero.Action.Pointwise.Finset	05deca6051473748.ltar
Mathlib.Analysis.Complex.CauchyIntegral	aeff373d0e8a4c88.ltar
Mathlib.MeasureTheory.Integral.Bochner.L1	0a594d9c33a69c59.ltar
Mathlib.Tactic.Clean	e62b27e294bbb8eb.ltar
Mathlib.Data.ENat.Monoid	9510942b16b18510.ltar
Mathlib.Analysis.Calculus.FDeriv.RestrictScalars	ba0f81e4a91ae9c5.ltar
Mathlib.NumberTheory.Height.Northcott	87d19cf17aad387e.ltar
Mathlib.Algebra.Category.AlgCat.Symmetric	125294c00e3d67ef.ltar
Mathlib.Algebra.Ring.Action.Group	4c20e2d285e2c246.ltar
Mathlib.LinearAlgebra.Span.Defs	056f8527187f24f4.ltar
Mathlib.Order.Filter.AtTopBot.Map	191e570c10c1243d.ltar
Mathlib.AlgebraicTopology.SimplicialSet.Boundary	56bd95934d2d907f.ltar
Mathlib.Combinatorics.SimpleGraph.Connectivity.WalkCounting	0bce86f26eff9ed3.ltar
Mathlib.CategoryTheory.Abelian.SerreClass.Basic	61ae4f7dfc00cef7.ltar
Mathlib.Logic.Equiv.Basic	3f957bebd29a93af.ltar
Mathlib.Computability.RegularExpressions	26d7f6fd0cbfe3e9.ltar
Mathlib.NumberTheory.DiophantineApproximation.ContinuedFractions	39e8223675a6fbc6.ltar
Mathlib.Algebra.Group.Int.Units	a8cb8f2d82d8993b.ltar
Mathlib.Algebra.Homology.TotalComplexShift	b88a649368f255a1.ltar
Mathlib.RingTheory.Congruence.BigOperators	2e43f93863a378a5.ltar
Mathlib.Analysis.CStarAlgebra.Module.Constructions	069a3bbee3f0300b.ltar
Mathlib.AlgebraicGeometry.GluingOneHypercover	9e4160f18474bffa.ltar
Mathlib.Topology.Defs.Filter	fdbeffd84587c845.ltar
Mathlib.CategoryTheory.Bicategory.Modification.Oplax	0cecd7c9f5799827.ltar
Mathlib.CategoryTheory.Monoidal.Cartesian.Cat	2ef3e5fec9914ad9.ltar
Mathlib.Algebra.Category.Grp.AB	734e7132b8978e2f.ltar
Mathlib.AlgebraicTopology.CechNerve	be0692b8a5270e57.ltar
Mathlib.Analysis.SpecialFunctions.Trigonometric.ArctanDeriv	20d049585cee2533.ltar
Batteries.Lean.PersistentHashSet	7c35235c35e5c0a8.ltar
Mathlib.Data.Fin.Fin2	c4c5f45c4205beba.ltar
Mathlib.CategoryTheory.Monoidal.Grp_	898f1b708d5a2d56.ltar
Mathlib.LinearAlgebra.Matrix.Charpoly.Disc	3544e66c40daa9a4.ltar
Mathlib.Algebra.Group.UniqueProds.Basic	e3484e7860f459cf.ltar
Mathlib.RingTheory.Finiteness.Defs	1664fbbbdd1bfae5.ltar
Mathlib.Tactic.Widget.GCongr	7e7fc90c61c02dcb.ltar
Mathlib.Order.SemiconjSup	6656c1df4a911ab7.ltar
Mathlib.CategoryTheory.Limits.Shapes.SplitCoequalizer	5f734e14c06f8640.ltar
Mathlib.Order.BooleanAlgebra.Set	4ab4e560059b1f2c.ltar
Mathlib.Algebra.Order.GroupWithZero.Bounds	f847929adf3bf3ea.ltar
Mathlib.Analysis.BoxIntegral.Partition.SubboxInduction	4db9fa4239754d40.ltar
Mathlib.Topology.Algebra.Localization	3834f87edfa27982.ltar
Mathlib.Order.Extension.Linear	2968d2bf3abb3030.ltar
Mathlib.Analysis.Normed.Module.Ball.Homeomorph	0cdb2033ab505809.ltar
Mathlib.Algebra.Category.MonCat.ForgetCorepresentable	f866ce89c59c2a1b.ltar
Mathlib.GroupTheory.OrderOfElement	53543fa406a4ebdf.ltar
Mathlib.CategoryTheory.Sites.Finite	3c217a0c8bcf48e4.ltar
Mathlib.Topology.Instances.ENat	03898bbf4752ae1e.ltar
Mathlib.Data.Num.Lemmas	541cc7240c3281b9.ltar
Mathlib.Algebra.Category.ModuleCat.Localization	16500f67ba03d764.ltar
Mathlib.Data.Sym.Sym2	4032b389fee35e69.ltar
Mathlib.MeasureTheory.Function.SpecialFunctions.Arctan	864c4bdf25acc209.ltar
Mathlib.Algebra.Category.Ring.Constructions	79dc69d9eb475f73.ltar
Mathlib.SetTheory.Ordinal.FixedPointApproximants	60e276f26b105402.ltar
Mathlib.Analysis.Normed.Group.SemiNormedGrp.Kernels	01437a36a3c674d4.ltar
Mathlib.AlgebraicTopology.ModelCategory.CofibrantObjectHomotopy	3c48c1a52183ac64.ltar
Batteries.Data.Nat	cfff03c627c8027c.ltar
Mathlib.RingTheory.IsPrimary	c462da43f77c8ee9.ltar
Mathlib.LinearAlgebra.Dimension.DivisionRing	514c6ffd813320da.ltar
Mathlib.Topology.Semicontinuity.Hemicontinuity	a76a03c13bd7ebda.ltar
Mathlib.Analysis.SpecialFunctions.Trigonometric.Chebyshev.Orthogonality	427421ee5845fe36.ltar
Mathlib.Algebra.GradedMulAction	79153d5e0ddcde42.ltar
Mathlib.Analysis.Normed.Order.Lattice	5f23fd808aace1a2.ltar
Mathlib.Algebra.Group.Conj	cfff936728c493a1.ltar
Mathlib.Tactic.Subsingleton	49f2743154614023.ltar
Mathlib.Algebra.Category.BialgCat.Basic	1e673ff27fd1d4ed.ltar
Mathlib.Data.Finsupp.Lex	ebf42eac4d57f2e5.ltar
Mathlib.RingTheory.Polynomial.SmallDegreeVieta	371791b3d1620269.ltar
Mathlib.CategoryTheory.Sites.Limits	086a0f2dc9a0c543.ltar
Batteries.Tactic.Lint.Misc	7abae184bb159939.ltar
Mathlib.Algebra.Homology.ShortComplex.Basic	37a1674ce7193c6b.ltar
Mathlib.Algebra.Order.Group.Basic	ae695c746a06f393.ltar
Mathlib.Tactic.FunProp.Decl	e8d2a72145231816.ltar
Mathlib.Algebra.Homology.DerivedCategory.DerivabilityStructureInjectives	cb9f41c30956cec1.ltar
Mathlib.RepresentationTheory.Stabilizer	052809f8bedf1eaf.ltar
Mathlib.Analysis.Normed.Algebra.UnitizationL1	c00bc054449351be.ltar
Mathlib.Algebra.Group.Fin.Basic	013683ae085109c8.ltar
Mathlib.RingTheory.IsAdjoinRoot	cc39f0b8ed86e693.ltar
Mathlib.MeasureTheory.Integral.Lebesgue.Countable	be021a7a9c2847f6.ltar
Mathlib.Topology.Maps.Strict.Basic	330608556b4e821b.ltar
Mathlib.RingTheory.Jacobson.Radical	7bb50c27da8f3d39.ltar
Mathlib.NumberTheory.Modular	81e1f9f6ef61ccbf.ltar
Mathlib.CategoryTheory.Filtered.Connected	be6627c1625933e8.ltar
Mathlib.Order.Restriction	a5d920d53ec3dabc.ltar
Mathlib.CategoryTheory.Sites.Preserves	8ef60826fcec6252.ltar
Mathlib.Topology.Sets.Opens	037e6c28afc895f7.ltar
Mathlib.CategoryTheory.Topos.Sheaf	7e6f40c339cd76fc.ltar
Mathlib.AlgebraicTopology.SimplicialSet.PushoutProduct	53c535e2208c69f0.ltar
Mathlib.GroupTheory.GroupAction.IterateAct	c566ce86144e8937.ltar
Mathlib.LinearAlgebra.TensorProduct.RightExactness	958c5eb88da4d5ab.ltar
Mathlib.LinearAlgebra.Matrix.ZPow	ee26e63102323639.ltar
Mathlib.CategoryTheory.Linear.Yoneda	08d07931d06728b7.ltar
Mathlib.Analysis.Complex.ValueDistribution.LogCounting.Asymptotic	655467c7df2f9643.ltar
Mathlib.NumberTheory.ModularForms.EisensteinSeries.UniformConvergence	a48947ba8ae65623.ltar
Mathlib.Algebra.Polynomial.Coeff	a2b5c95b6a9bd19a.ltar
Mathlib.Tactic.Linarith.Parsing	458da3a7c333220c.ltar
Mathlib.Analysis.Calculus.Deriv.Slope	c9280216d1d98540.ltar
Mathlib.CategoryTheory.Center.Basic	18f6b1f13c2d026f.ltar
Mathlib.Data.Fin.Init	f47568bbe7a17dec.ltar
Mathlib.Probability.Martingale.Centering	d52edc232922f493.ltar
Mathlib.Algebra.Homology.Embedding.TruncLE	cb5794d1b5e8bd5f.ltar
Aesop.RuleTac.RuleTerm	0bf94db01c67925e.ltar
Mathlib.Algebra.Homology.Embedding.Splitting	e1c3071c77aefd98.ltar
Mathlib.Algebra.Homology.HomotopyCategory.ShortExact	6d58880e82474c58.ltar
Mathlib.RingTheory.Localization.Module	df906b145b3a625d.ltar
Mathlib.Algebra.Group.Fin.Tuple	5505bde5330e4f60.ltar
Mathlib.AlgebraicGeometry.Modules.Presheaf	750b4821d5c828df.ltar
Mathlib.Order.Shrink	82a1d7d38fc57bb3.ltar
Mathlib.Logic.Relator	1738346947d3d886.ltar
Mathlib.Algebra.Group.Torsion	b4086b76b953dae7.ltar
Mathlib.Algebra.Homology.HomotopyCategory.HomComplexShift	ed1aafada6c1a1c6.ltar
Mathlib.Data.Matrix.Action	f95845ac00965067.ltar
Mathlib.Algebra.Module.Rat	fdb4eecccf342ba4.ltar
Mathlib.CategoryTheory.Sites.Localization	497b9afd17953125.ltar
Mathlib.Data.Finsupp.AList	b9af86e5847bc234.ltar
Aesop.Tracing	fc236966bb1c75af.ltar
Mathlib.Analysis.SpecialFunctions.Complex.CircleAddChar	4b1c88debc0de489.ltar
Mathlib.CategoryTheory.Monoidal.Mon_	17be5fba75a9480d.ltar
Mathlib.LinearAlgebra.RootSystem.Finite.Nondegenerate	1bc262efa68e05a4.ltar
Mathlib.NumberTheory.Padics.RingHoms	68f0dd33ea9f63d4.ltar
Mathlib.Topology.Algebra.InfiniteSum.Constructions	99327d33f64d2693.ltar
Mathlib.Analysis.LocallyConvex.Separation	3d3418f3da23f38e.ltar
Mathlib.CategoryTheory.Generator.Type	40116dc9d2d840c4.ltar
Mathlib.CategoryTheory.Comma.StructuredArrow.Functor	003158669a712a65.ltar
Mathlib.Order.Grade	e86eb3b50815c872.ltar
Mathlib.Data.Multiset.OrderedMonoid	df37e28082f3e470.ltar
Mathlib.NumberTheory.NumberField.Cyclotomic.Galois	965b8ca345bafee5.ltar
Mathlib.CategoryTheory.Sites.CoversTop	40430487678bc69c.ltar
Mathlib.RingTheory.ChainOfDivisors	7af19556b1dfaf60.ltar
Mathlib.Topology.Algebra.Order.Archimedean	fb444720a88f7459.ltar
Mathlib.Tactic.ExtractGoal	2ecf833f56532140.ltar
Mathlib.Analysis.SpecialFunctions.CompareExp	5aa8bba29ac17dc3.ltar
Mathlib.GroupTheory.Torsion	9a5c330afe730ef6.ltar
Mathlib.Algebra.GCDMonoid.FinsetLemmas	8458bd9946b7747e.ltar
Mathlib.Tactic.Inclusion.Extension.Core.Init	487f43737924bc6f.ltar
Mathlib.AlgebraicTopology.SimplicialSet.AnodyneExtensions.Basic	3b39ee9ae9c4e9ae.ltar
Mathlib.GroupTheory.GroupAction.DomAct.Basic	a699248cd9ad5776.ltar
Mathlib.Topology.Algebra.ProperAction.Basic	bf9566a93dbc3bd3.ltar
Mathlib.Combinatorics.SimpleGraph.CompleteMultipartite	30f5368010d38c05.ltar
Mathlib.RingTheory.Ideal.Defs	b9853fb3028cfb17.ltar
Mathlib.CategoryTheory.Limits.Preserves.BifunctorCokernel	d2db8b9b84f29a46.ltar
Mathlib.RingTheory.ZMod	1210ad457b107a8a.ltar
Mathlib.Algebra.CharP.Reduced	c2b7f3035ecbe91a.ltar
Mathlib.Topology.Algebra.ContinuousAffineEquiv	f6b717c04092b2ae.ltar
Mathlib.Geometry.Manifold.VectorBundle.Tangent	cce944300eb05365.ltar
Mathlib.CategoryTheory.Abelian.GrothendieckAxioms.SheafOfModules	72161a576a195c2c.ltar
Mathlib.SetTheory.Ordinal.Exponential	735ddeedb9fd4bbd.ltar
Mathlib.Tactic.Determinant.Bird.Meta	ccdb41db5cf1ff5d.ltar
Mathlib.Analysis.Convex.AmpleSet	a0b24049871e79b9.ltar
Mathlib.MeasureTheory.Measure.LogLikelihoodRatio	e63b1048ffd1b934.ltar
Mathlib.MeasureTheory.Function.SimpleFuncDense	094a18cbc7979766.ltar
ProofWidgets.Component.HtmlDisplay	eba84a7862d642b2.ltar
Mathlib.Data.Set.Pointwise.Support	30659c1ffb51e924.ltar
Mathlib.Analysis.Analytic.Basic	3f2623f77c765099.ltar
Mathlib.CategoryTheory.Bicategory.Kan.HasKan	9c9c176a610978e3.ltar
Mathlib.NumberTheory.ModularForms.EisensteinSeries.Summable	f941d9badbe0b912.ltar
Mathlib.Geometry.Convex.Cone.Pointed	7034d00c8191cdff.ltar
Batteries.Tactic.Unreachable	84272a11e24ab9c3.ltar
Mathlib.CategoryTheory.Limits.Shapes.RegularMono	39f50772161317af.ltar
Mathlib.Topology.Algebra.Module.ContinuousLinearMap.Invertible	49f8b0cd7b3c815e.ltar
Mathlib.NumberTheory.Transcendental.Liouville.Measure	bbf6d7763dcee1d7.ltar
Mathlib.Algebra.CharP.CharAndCard	e8f3b81573d2212e.ltar
Mathlib.Analysis.Calculus.ContDiff.FiniteDimension	69bc96f05043de62.ltar
Mathlib.LinearAlgebra.Matrix.Permanent	5a764202c6417c60.ltar
Mathlib.Analysis.SpecialFunctions.PolarCoord	63b9aaa4934db719.ltar
Mathlib.CategoryTheory.Monoidal.ExternalProduct.Basic	d0961f7ec20a31a4.ltar
Mathlib.Topology.Algebra.ProperAction.CompactlyGenerated	79425399b84e5f6d.ltar
Mathlib.Algebra.MvPolynomial.Expand	328c021cf8627365.ltar
Mathlib.RingTheory.AdicCompletion.Completeness	a198ce9769c9501a.ltar
Mathlib.Order.Bounded	ed2b874bd971a155.ltar
Mathlib.Tactic.Lemma	c664d0bb387a82d0.ltar
Mathlib.Analysis.Normed.Module.Seminorm.Basic	f303fe71c69e1eb1.ltar
Mathlib.AlgebraicGeometry.Morphisms.FormallyUnramified	8713815ea3ad9e39.ltar
Mathlib.AlgebraicTopology.SimplicialSet.NonDegenerateSimplicesColimit	74ae5a7daafe65c9.ltar
Mathlib.Analysis.Convex.Extreme	3d49bd4de28c09f5.ltar
Mathlib.RingTheory.Localization.Submodule	6bc3a21669344250.ltar
Mathlib.Tactic.Linter.DeprecatedModule	f780de4d35304f70.ltar
Mathlib.LinearAlgebra.PiTensorProduct.DFinsupp	e2b958c02f7e8ab6.ltar
Mathlib.CategoryTheory.Monoidal.Braided.Transport	8ac72cbf64b1c4e0.ltar
Mathlib.Probability.Decision.Risk.Basic	6dd825f58e8dfc15.ltar
Mathlib.LinearAlgebra.Matrix.Charpoly.Coeff	787de36e30b80e74.ltar
Mathlib.Algebra.Group.WithOne.Map	82b8c15526d0300e.ltar
Mathlib.RingTheory.PowerSeries.Inverse	a06131f46730f0ca.ltar
Mathlib.RingTheory.Adjoin.Field	3209ee27e1b8c0ab.ltar
Mathlib.Basic.Real.Pointwise	c3bb5808771fbbd3.ltar
Mathlib.CategoryTheory.Products.Associator	fc272f1caca8e074.ltar
Mathlib.GroupTheory.Perm.ViaEmbedding	771a58d453fedb2d.ltar
Mathlib.FieldTheory.Minpoly.MinpolyDiv	81cfd3b04549e4b3.ltar
Mathlib.Data.Nat.Prime.Basic	b1c3b1f0f486b98d.ltar
Mathlib.Algebra.Lie.NonUnitalNonAssocAlgebra	7d1000472665861a.ltar
Mathlib.AlgebraicTopology.SimplicialSet.KanComplex.MulStruct	6d18262e9d154b01.ltar
Mathlib.MeasureTheory.Integral.IntervalIntegral.MeanValue	bc9050ac61a4ac13.ltar
Mathlib.Analysis.Normed.Operator.BanachSteinhaus	71a9db81ec53fdb6.ltar
Batteries.Tactic.HelpCmd	54b3a72a68f40886.ltar
Mathlib.Analysis.Calculus.TangentCone.Defs	940f1252c642d5f0.ltar
Mathlib.Topology.Convenient.Localization	4125fe211b31c2a6.ltar
Mathlib.Probability.Kernel.Disintegration.CDFToKernel	821301e75808ed9d.ltar
Mathlib.Topology.Instances.Irrational	1bcf22b264f56fb4.ltar
Mathlib.Analysis.Calculus.FDeriv.Pow	ba3f8d1b14faa60e.ltar
Mathlib.Topology.QuasiSeparated	ee0c428869157168.ltar
Mathlib.RingTheory.Ideal.Quotient.ChineseRemainder	77254f9514b67ec8.ltar
Mathlib.RingTheory.ClassGroup.ExtendedHom	4156b1fd1ce4b319.ltar
Mathlib.RingTheory.Kaehler.Basic	cd85889d12f6f211.ltar
Mathlib.Tactic.ClickSuggestions.Util	78c38f5f4091fc3c.ltar
Mathlib.Algebra.Group.Submonoid.Defs	0e1a1c3ec2917d35.ltar
Mathlib.Topology.List	3510647eeb57821a.ltar
Mathlib.Control.Fix	6b93d25071e182ae.ltar
Mathlib.Algebra.Category.ModuleCat.Sheaf.Localization	cc047dcebbaf1cc2.ltar
Mathlib.Topology.Algebra.Order.Field	5c96a95c80a5e69c.ltar
Mathlib.LinearAlgebra.Matrix.Charpoly.FiniteField	c33a8ba49bae39e4.ltar
Mathlib.Tactic.TypeCheck	2ffe2528dc495afd.ltar
Mathlib.CategoryTheory.Bicategory.RetractArrow	c68938cf76892626.ltar
Mathlib.Algebra.Category.Ring.Under.Basic	e4fb476e14e44127.ltar
Mathlib.Analysis.Calculus.Deriv.Add	cef1322222912279.ltar
Mathlib.Order.CompletePartialOrder	a04e2c84b54a376b.ltar
Mathlib.Analysis.Calculus.AbsolutelyMonotone	9de2406b79d3b459.ltar
Mathlib.Lean.Elab.Tactic.Meta	6c7db6aa27176673.ltar
Mathlib.Data.Multiset.Basic	8f3cf2804df600d1.ltar
Mathlib.Data.Ineq	2a010b8c494a4f02.ltar
Mathlib.RingTheory.ZMod.Torsion	e6e7acfc980e6087.ltar
Mathlib.Analysis.SpecialFunctions.Artanh	ad31ff3f62f0014d.ltar
Mathlib.Topology.Algebra.Module.Compact	67a865e25c6fc1c3.ltar
Mathlib.CategoryTheory.Sites.Sieves.Shrink	a2bdc4f2b2aa7ca6.ltar
Mathlib.CategoryTheory.Presentable.Adjunction	dc5ae2f14679a66c.ltar
Mathlib.Topology.Connected.PathComponentOne	65ffbd6392552d31.ltar
Mathlib.Order.WithBot	712d143ec0470f0e.ltar
Mathlib.Data.Finset.Piecewise	3eed6cfc629cecdc.ltar
Mathlib.Algebra.Category.Grp.Injective	d4e40db1d8a08ec5.ltar
Mathlib.CategoryTheory.Monoidal.PushoutProduct	c26f604d65906151.ltar
Mathlib.RingTheory.EuclideanDomain	1fbed52f23a29fe7.ltar
Mathlib.AlgebraicTopology.Quasicategory.StrictBicategory	f72dc475a3946f7f.ltar
Mathlib.Algebra.GroupWithZero.Basic	7f4b56a11db0b430.ltar
Mathlib.Order.UpperLower.Prod	d0ba325344529458.ltar
Mathlib.Algebra.Category.MonCat.FilteredColimits	b330fb0c75b140f5.ltar
Mathlib.Algebra.Order.Ring.Basic	aaee65d4a8084db2.ltar
Mathlib.LinearAlgebra.TensorProduct.Matrix	17b5fb3d0835dd26.ltar
Mathlib.Algebra.Category.Grp.LargeColimits	926bcb16acd9a8d1.ltar
Mathlib.CategoryTheory.Limits.VanKampen	e8f3cde7c706276e.ltar
Mathlib.NumberTheory.ArithmeticFunction.Zeta	2209d310e18a8fd9.ltar
Mathlib.Data.Rat.Floor	d4510b2662b1ceee.ltar
Mathlib.Analysis.CStarAlgebra.ContinuousMap	d86a83113d822bf4.ltar
Mathlib.Analysis.FunctionalSpaces.BesselPotentialSpace	fd0c1cd8fa5d6870.ltar
Mathlib.RingTheory.DiscreteValuationRing.TFAE	820812d8420518a2.ltar
Mathlib.Algebra.Category.ModuleCat.Presheaf.ChangeOfRings	73f99fd18be8d3b3.ltar
Mathlib.Combinatorics.SetFamily.Shatter	8688b2b7397c2e3e.ltar
Mathlib.Analysis.SpecialFunctions.Log.RpowTendsto	232d0250e5bb9905.ltar
Aesop.Constants	bfb6481f4928f7a6.ltar
Mathlib.NumberTheory.LSeries.Positivity	8c22c854f8de6635.ltar
Mathlib.Algebra.BigOperators.GroupWithZero.Action	5d437606b043a105.ltar
Mathlib.CategoryTheory.ObjectProperty.Equivalence	1bf49af47d0c5257.ltar
Mathlib.Tactic.GCongr.Core	158fe81a32e29ea1.ltar
Mathlib.NumberTheory.ArithmeticFunction.VonMangoldt	c520b016f9e438f1.ltar
Mathlib.RingTheory.Flat.LocallyFree	114b19c339733278.ltar
Mathlib.MeasureTheory.Integral.IntervalIntegral.IntegrationByParts	5819462442e132fa.ltar
Mathlib.Tactic.Linter.Multigoal	34b9fe269a262327.ltar
Mathlib.Order.Interval.Finset.Basic	27bc3f55a6641a44.ltar
Mathlib.Topology.Category.TopCat.EpiMono	26b75c886e522964.ltar
Mathlib.RingTheory.RingHom.Integral	5dce89d4484a137d.ltar
Mathlib.CategoryTheory.Subfunctor.OfSection	1a215ff6e76e5c59.ltar
Mathlib.Analysis.SpecialFunctions.Trigonometric.EulerSineProd	f536c686908c8724.ltar
Plausible.Testable	2e489dfa69a4de4f.ltar
Mathlib.Analysis.SpecialFunctions.Exp	d4c43e35db841f61.ltar
Mathlib.Algebra.Order.GroupWithZero.OrderIso	2455f332f5d9c83d.ltar
Mathlib.Data.Real.Pointwise	64c3f720ad8458c0.ltar
Mathlib.RingTheory.Adjoin.FGBaseChange	b6da2b8c95f31b7c.ltar
Mathlib.Order.PrimeSeparator	5ffe6bd058ccf35b.ltar
Mathlib.RingTheory.Unramified.Finite	65578581b2a25834.ltar
Mathlib.CategoryTheory.SmallObject.IsCardinalForSmallObjectArgument	6a7ca66620d019d3.ltar
Mathlib.Data.Nat.Cast.Order.Basic	d8bbb49161faf91e.ltar
Mathlib.Algebra.Lie.Subalgebra	3c19e3273e14276c.ltar
Mathlib.Topology.Instances.CantorSet	1468f1664c24508f.ltar
Mathlib.Geometry.Convex.AffineMap.Defs	a88f5eb00ae5641e.ltar
Mathlib.NumberTheory.NumberField.Cyclotomic.Ideal	94be93eb49764d26.ltar
Mathlib.Data.NNRat.Floor	a77d2ebb7d3e3968.ltar
Mathlib.Combinatorics.Enumerative.Partition.GenFun	89543960b764c0b2.ltar
Mathlib.Probability.BrownianMotion.GaussianProjectiveFamily	039fe1339890a5a8.ltar
Mathlib.Algebra.Order.Star.Conjneg	2da04a96f0f73469.ltar
Mathlib.MeasureTheory.Integral.Asymptotics	f8a1fe65bee20f6c.ltar
Mathlib.Analysis.Asymptotics.Prod	441480443b99cfc7.ltar
Mathlib.Topology.MetricSpace.GromovHausdorffRealized	fb88097c5c3e1145.ltar
Mathlib.Probability.ProbabilityMassFunction.Monad	ae6d888bf6e2d56b.ltar
Mathlib.CategoryTheory.Abelian.SerreClass.Bousfield	ca8e392d80395b1f.ltar
Mathlib.SetTheory.Ordinal.FixedPoint	168239dc88eb08b4.ltar
Mathlib.Algebra.CharP.LocalRing	9562926b62fa955c.ltar
Mathlib.MeasureTheory.Measure.Interval	66e7707530227197.ltar
Mathlib.Combinatorics.Quiver.Basic	845211ce957fd29d.ltar
Mathlib.RingTheory.WittVector.Complete	b93694bf6fe80fd5.ltar
Mathlib.Algebra.Group.Action.Hom	057ca14be369fa73.ltar
Mathlib.Topology.MetricSpace.Bounded	e386e98d33c46ca1.ltar
Batteries.Data.Vector.Basic	7791e4009988a118.ltar
Mathlib.NumberTheory.FactorisationProperties	f5a3c3ecc5b32a54.ltar
Mathlib.CategoryTheory.Comma.LocallySmall	fe8f2cce3ac29f9e.ltar
Mathlib.AlgebraicTopology.SimplexCategory.GeneratorsRelations.NormalForms	625a8266d6466b20.ltar
Batteries.Classes.Cast	de2434473248901f.ltar
Mathlib.Topology.Homotopy.Contractible	0855658feb5c0c78.ltar
Mathlib.Combinatorics.Extremal.RuzsaSzemeredi	2e184427d3abd5ae.ltar
Mathlib.Analysis.SpecialFunctions.Stirling	bb098270b790cb3f.ltar
Mathlib.Topology.Algebra.InfiniteSum.Group	5a23e29fe935b6f8.ltar
Mathlib.LinearAlgebra.ConvexSpace	e4a1e6dce7110acb.ltar
Mathlib.Order.ScottContinuity.Prod	30ed38718ee59263.ltar
Mathlib.Algebra.GroupWithZero.Divisibility	e3c454490b946193.ltar
Mathlib.Analysis.Normed.Affine.Simplex	73bbb7f9f00b5571.ltar
Mathlib.GroupTheory.IsPerfect	7506601f1bbc9e61.ltar
Mathlib.CategoryTheory.Action.Concrete	7ccbd152640d72fa.ltar
Batteries.Util.Pickle	618f661763f9e7df.ltar
Mathlib.GroupTheory.Exponent	1b1aa99c7809b351.ltar
Mathlib.LinearAlgebra.PerfectPairing.Restrict	7860734084233feb.ltar
Mathlib.Algebra.Homology.SpectralObject.Differentials	714a5817a7784dd6.ltar
Mathlib.Topology.Homotopy.TopCat.Path	eff3d17ab152a96b.ltar
Mathlib.Data.Finset.Sigma	6f0132a51dc21cc7.ltar
Mathlib.Tactic.FunProp.FunctionData	d4bb23316679eca2.ltar
Mathlib.CategoryTheory.MorphismProperty.CommaSites	03677c11b236ceb8.ltar
Mathlib.CategoryTheory.Sites.Precoverage.Subsheaf	d2beace5f7393ebc.ltar
Mathlib.Tactic.Monotonicity	bb3ca2503c0b8c5f.ltar
Batteries.Data.String.AsciiCasing	2ca40dc810f5bdd4.ltar
Mathlib.Tactic.Ring.NamePowerVars	d3b27f24a66c500f.ltar
Mathlib.Topology.Algebra.Group.Neighborhood	0867761bf2addfa4.ltar
Mathlib.Analysis.Normed.MulAction	7d2af7742e3ddc94.ltar
Mathlib.AlgebraicGeometry.Cover.QuasiCompact	46ab10695cf6515c.ltar
Mathlib.Combinatorics.SimpleGraph.Walk.Decomp	8831a88541b6d0ef.ltar
Mathlib.Topology.Algebra.InfiniteSum.DiscreteConvolution	3c8adc8d87bf5a68.ltar
Batteries.Data.List.Monadic	50275636944c0c47.ltar
Mathlib.Topology.Algebra.Module.ContinuousLinearMap.Extend	94e64fad7084a14f.ltar
Mathlib.Data.Set.Order	6f0315141242b9cf.ltar
Mathlib.Topology.ContinuousMap.Lattice	ab217dc30c254392.ltar
Mathlib.NumberTheory.AlmostPrime	533325899ec7fff9.ltar
Mathlib.Order.Filter.Ultrafilter.Defs	b67e9e3e5a85690d.ltar
Mathlib.FieldTheory.IsAlgClosed.Basic	86b03c0d664dbc8e.ltar
Mathlib.Data.Tree.Basic	55cdb52aa20768c2.ltar
Mathlib.NumberTheory.Harmonic.Bounds	37dc5c46136f7737.ltar
Mathlib.Analysis.SpecialFunctions.Log.NegMulLog	be80ef9855c75285.ltar
Mathlib.Analysis.CStarAlgebra.Basic	32f2dc998dd1834f.ltar
Mathlib.Logic.Equiv.Fintype	6abd7e5630f197ae.ltar
Mathlib.CategoryTheory.Preadditive.LeftExact	b21a13109c3f0def.ltar
Mathlib.MeasureTheory.Integral.SetToL1.Function	3788ccdbb30cecad.ltar
Mathlib.Topology.MetricSpace.Congruence	7f67ff32322f2038.ltar
Mathlib.MeasureTheory.Integral.SetToL1.SimpleFunc	09ed76f49d063b16.ltar
Mathlib.AlgebraicGeometry.Normalization	4f945c2e75547f1e.ltar
Batteries.Recycling.MonadSatisfying.Array	85f159dfec5ce25d.ltar
Mathlib.CategoryTheory.Limits.Chosen.End	9fa043bd206d1ee6.ltar
Mathlib.Algebra.Homology.DerivedCategory.Ext.MapBijective	71997e162912dde3.ltar
Mathlib.Analysis.MellinTransform	463284670227c868.ltar
Mathlib.NumberTheory.ModularForms.EisensteinSeries.E2.Transform	9f73ba685b8a0b1e.ltar
Mathlib.Algebra.GroupWithZero.Submonoid.CancelMulZero	c6740517949faa4e.ltar
Mathlib.CategoryTheory.Limits.FullSubcategory	32b27302c08abe57.ltar
Mathlib.Analysis.Normed.Lp.lpSpace	6dce091aeb995090.ltar
Mathlib.Data.Nat.Init	24027646ba5f3fca.ltar
Mathlib.Combinatorics.Additive.Corner.Roth	75c94fd03de27c59.ltar
Mathlib.RingTheory.IntegralClosure.IsIntegral.AlmostIntegral	991119648542bef7.ltar
Mathlib.Analysis.Calculus.FDeriv.Affine	423b79f4f92e739b.ltar
Mathlib.RingTheory.PowerSeries.Expand	eda117d0e82fe523.ltar
Mathlib.Order.Monotone.MonovaryOrder	03c4b347321e7683.ltar
Mathlib.Algebra.Prime.Lemmas	04f4b1474c1cea62.ltar
Mathlib.Algebra.Order.Monoid.Units	0e18739313cbf0d2.ltar
Mathlib.Algebra.Module.LinearMap.Index	0f3741eeaf80f562.ltar
Aesop.Index.Basic	3d51d9efb8eddceb.ltar
Mathlib.Probability.Density	58a3fe13a6e6ec0b.ltar
Mathlib.Dynamics.FixedPoints.Basic	f176ae608f79dab9.ltar
Mathlib.CategoryTheory.Sites.Coverage	4399e9baee3f1687.ltar
Mathlib.Analysis.Calculus.Deriv.Mul	cbdb8ee8b702488d.ltar
Mathlib.Topology.Order.IsNormal	b2c67cc2001ccd92.ltar
Batteries.Tactic.Case	65cea8b9ca4d15db.ltar
Mathlib.Algebra.Group.Subgroup.Finsupp	daecdc53ae93d22b.ltar
Mathlib.MeasureTheory.Measure.FiniteMeasureProd	32bff02a7e63bf74.ltar
Mathlib.Analysis.Calculus.InverseFunctionTheorem.Deriv	651eeb185eb7ef5d.ltar
Mathlib.Topology.FiberBundle.IsHomeomorphicTrivialBundle	c71c2d83cb8bd0ca.ltar
Mathlib.Algebra.Star.BigOperators	5771b6301b2314e3.ltar
Mathlib.Algebra.Order.SuccPred.TypeTags	5bdc9aed31290e86.ltar
Mathlib.RingTheory.Ideal.Maximal	998bbc541a44d092.ltar
Mathlib.MeasureTheory.Measure.LevyConvergence	62157df84fce61f8.ltar
Mathlib.CategoryTheory.Limits.Shapes.StrongEpi	9cc8d973d5e7d028.ltar
Mathlib.Tactic.ApplyCongr	f2f9761a54ffc599.ltar
Mathlib.Data.FunLike.Embedding	c3827d3112d95476.ltar
Mathlib.LinearAlgebra.Transvection.Basic	57cb6faf516b2d35.ltar
Mathlib.Algebra.Ring.Center	ae4dfb50175cc700.ltar
Mathlib.Algebra.Divisibility.Basic	adf9fe6b39f3bf99.ltar
Mathlib.Tactic.ErwQuestion	e684bdf7304ea8f3.ltar
Mathlib.RingTheory.Valuation.Extension	16f6e42b97a62b4a.ltar
Mathlib.Algebra.SkewMonoidAlgebra.Basic	da9ac79663631676.ltar
Mathlib.Algebra.EuclideanDomain.Basic	c11fd0960d7382ea.ltar
Mathlib.Algebra.Homology.ModelCategory.Injective	d2d7809519428f12.ltar
Mathlib.CategoryTheory.Functor.Const	bfd18d116e51b3c3.ltar
Mathlib.FieldTheory.Minpoly.Finite	d8173641aebdad65.ltar
Mathlib.Algebra.Category.ModuleCat.Presheaf.PushforwardZeroMonoidal	5ce2f6c482795d9b.ltar
Mathlib.LinearAlgebra.Matrix.SchurComplement	7fbe05bf62074941.ltar
Mathlib.RingTheory.Smooth.StandardSmooth	97d43bec975bdb6a.ltar
Mathlib.Analysis.CStarAlgebra.ContinuousFunctionalCalculus.Pi	7f3c306704ef2be9.ltar
Mathlib.RingTheory.UniqueFactorizationDomain.Moebius	db5c31b0c0184c98.ltar
Mathlib.Topology.MetricSpace.CantorScheme	d6ad5861ceea8a9c.ltar
Mathlib.RingTheory.MvPowerSeries.Equiv	eb15b3475650356d.ltar
Mathlib.CategoryTheory.Countable	f9d8cfcf28ce5aff.ltar
Mathlib.FieldTheory.Differential.Basic	90ed30ef8c7ea277.ltar
Mathlib.Data.Nat.GCD.BigOperators	d0ff4f2b23a3366b.ltar
Mathlib.Algebra.Group.Action.Sum	a68980d2e1f783eb.ltar
ProofWidgets.Component.FilterDetails	78342efe96a9f851.ltar
Mathlib.Topology.Category.Profinite.EffectiveEpi	c16d1ed48f1a358a.ltar
Mathlib.Tactic.Simproc.Factors	88a79b8d60cc2d80.ltar
Mathlib.CategoryTheory.Presentable.Dense	1048d9596e02bcb4.ltar
Mathlib.RingTheory.Flat.Rank	a55229c6700640f1.ltar
Mathlib.RingTheory.ZariskisMainTheorem	73c7b993fc3088da.ltar
Mathlib.Analysis.Complex.TaylorSeries	b63553c110767b93.ltar
Mathlib.RingTheory.Noetherian.Filter	afb6157cee1a1235.ltar
Mathlib.CategoryTheory.Preadditive.Projective.LiftingProperties	9c19d836c9bf30cc.ltar
Mathlib.RingTheory.Ideal.Height	56fafbacb830e0ad.ltar
Mathlib.Analysis.Convex.Uniform	02b58d7947600758.ltar
Mathlib.CategoryTheory.Limits.Preserves.Shapes.AbelianImages	dfaf1fd4ed374807.ltar
Mathlib.CategoryTheory.Limits.Indization.LocallySmall	7403253f680d1e8e.ltar
Mathlib.Data.Nat.Factorization.Divisors	96b39a9da162c1c9.ltar
Mathlib.Algebra.Category.AlgCat.TensorAlgebra	7ddbd9ba1e2d99de.ltar
Mathlib.LinearAlgebra.Matrix.GeneralLinearGroup.Projective	493768a72c6be178.ltar
Mathlib.CategoryTheory.Abelian.GrothendieckCategory.Monomorphisms	53b5b20a5fc86e9a.ltar
Mathlib.MeasureTheory.Function.LpSeminorm.CompareExp	47b1de7ad418c22f.ltar
Mathlib.Tactic.ComputeAsymptotics.Multiseries.Basis	e10138b8d2427879.ltar
Mathlib.CategoryTheory.Preadditive.Projective.Basic	86317b177d9b61ed.ltar
Mathlib.CategoryTheory.Monad.Monadicity	e72252192a3acbcc.ltar
Mathlib.Dynamics.TopologicalEntropy.NetEntropy	c0249fe8c667adf1.ltar
Mathlib.CategoryTheory.Sites.CartesianClosed	720d0b89f4ef0555.ltar
Mathlib.Topology.Compactness.DeltaGeneratedSpace	a449080af60a4d02.ltar
Mathlib.Probability.Moments.CovarianceBilin	3f3d67c3126d1c70.ltar
Mathlib.MeasureTheory.Measure.WithDensity	b87ae564b3c28bdc.ltar
Mathlib.Algebra.FreeAbelianGroup.Finsupp	696f4f894f7d93e2.ltar
Mathlib.Data.Countable.Basic	df7253027b1d2d9d.ltar
Mathlib.Topology.Algebra.InfiniteSum.Module	ed6a8d1fd37896a8.ltar
Mathlib.Topology.Sion	10a868e01beb6610.ltar
Mathlib.Analysis.Asymptotics.SuperpolynomialDecay	69708104d16b1727.ltar
Mathlib.Analysis.BoxIntegral.Partition.Tagged	fe68ec394865e040.ltar
Mathlib.Algebra.Homology.SpectralObject.FirstPage	8906b7163d5840e8.ltar
Mathlib.FieldTheory.Normal.Basic	0b9e4d297b24d8a9.ltar
Mathlib.RingTheory.Finiteness.Projective	9c18d455e8330d68.ltar
Mathlib.MeasureTheory.Group.AddCircle	59bef3d25dead951.ltar
Mathlib.Algebra.Group.Action.Pointwise.Set.Basic	1b5396b3e8a95316.ltar
Mathlib.LinearAlgebra.TensorProduct.Decomposition	8a1a016cf9a8c338.ltar
Mathlib.MeasureTheory.Integral.Bochner.ContinuousLinearMap	8ebe617dc16a8888.ltar
Mathlib.Analysis.Calculus.TaylorIntegral	4dde124f0293a77c.ltar
Mathlib.Topology.Algebra.Group.Units	802f4db5ebfe3447.ltar
Mathlib.Util.Notation3	18acfb24732861d1.ltar
Aesop.Util.OrderedHashSet	dd9c6c25b4981f83.ltar
Mathlib.Topology.Connected.LocallyConnected	e9d28ebdabdc1f27.ltar
Mathlib.Data.List.Flatten	c15e7df923f44536.ltar
Mathlib.Combinatorics.SimpleGraph.Extremal.Turan	a82ab4a466f74c7d.ltar
Mathlib.Condensed.Light.TopComparison	8e9f8ed217839519.ltar
Mathlib.Condensed.Light.Module	80e69f0305f3d049.ltar
Mathlib.Analysis.SpecialFunctions.Trigonometric.Inverse	2765555afff3f69b.ltar
Mathlib.Probability.Kernel.Invariance	ffc27c3ce6e6e2e6.ltar
Mathlib.Geometry.Euclidean.Angle.Unoriented.CrossProduct	48b4bbd550c613fd.ltar
Mathlib.CategoryTheory.Monoidal.Mon	cde25164e301d63f.ltar
Mathlib.Geometry.Convex.ConvexSpace.Topology	411faa92ed134bbc.ltar
Mathlib.CategoryTheory.Functor.EpiMono	2f8e53ec0c033610.ltar
Mathlib.Algebra.Ring.Shrink	a8d57fdfbd78a0a8.ltar
Batteries.Recycling.RBTree.Lemmas	e6c9a5b476144c3a.ltar
Mathlib.Analysis.Calculus.IteratedDeriv.FaaDiBruno	162b50c9c24b86f5.ltar
Mathlib.Algebra.Field.TransferInstance	8bd805a313e4cf75.ltar
Mathlib.Dynamics.Ergodic.Extreme	5e15ff312548e14e.ltar
Mathlib.Data.DFinsupp.Order	2ca64f2e8c123f51.ltar
Batteries.Recycling.MonadSatisfying.List	e7a1cec7d5fad62c.ltar
Mathlib.Combinatorics.SetFamily.FourFunctions	e789e32afda803c0.ltar
Mathlib.Analysis.SpecialFunctions.Trigonometric.Chebyshev.ChebyshevGauss	3a35ccd4fabf7567.ltar
Mathlib.Logic.Equiv.Bool	850d0a353d562c8b.ltar
Mathlib.Algebra.Order.Monoid.PNat	a52e644c35cd9cf2.ltar
Mathlib.Analysis.Normed.Group.CocompactMap	d979aaf0ba1391a9.ltar
Mathlib.CategoryTheory.Limits.Preserves.Filtered	a6bfb538291622db.ltar
Mathlib.MeasureTheory.Covering.Vitali	75736cdc36010191.ltar
Mathlib.Topology.Defs.Basic	2176393f55f60969.ltar
Mathlib.Algebra.MvPolynomial.Rename	44994422b2b2cd41.ltar
Mathlib.Tactic.CategoryTheory.BicategoricalComp	e85012b3f09e6ceb.ltar
Mathlib.CategoryTheory.Limits.ColimitLimit	4c9cd32bb63164f2.ltar
Batteries.Data.List.Perm	9b0edd87fc7cc70a.ltar
Mathlib.Analysis.Convex.Hull	5828f941b34cc482.ltar
Mathlib.Analysis.Calculus.Deriv.Polynomial	c89cadf659a811fd.ltar
Mathlib.Geometry.Manifold.Diffeomorph	00d8c898680214b5.ltar
Mathlib.LinearAlgebra.Projectivization.Subspace	527832417146f6bc.ltar
Mathlib.Data.Fin.EquivOfInjective	3e1dd1c9c58798b5.ltar
Mathlib.Algebra.Polynomial.CoeffMem	c93287bd626d7519.ltar
Mathlib.Algebra.GroupWithZero.Prod	11af5384504de7d2.ltar
Mathlib.Algebra.Group.Commute.Units	ff1e5d02277709c8.ltar
Mathlib.Algebra.Lie.CartanSubalgebra	d3d1415b4df39bb6.ltar
Mathlib.Analysis.BoxIntegral.Integrability	167f8ee2a2294fc3.ltar
Mathlib.CategoryTheory.Comma.StructuredArrow.Small	f02c9f60c83f3edf.ltar
Mathlib.CategoryTheory.Functor.Derived.PointwiseRightDerived	ac60519d736e40f2.ltar
Mathlib.Data.Set.Function	b333efa42943a0aa.ltar
Mathlib.RingTheory.Ideal.Cotangent	004957bd81540309.ltar
Mathlib.Geometry.Manifold.MFDeriv.Tangent	282af02db7e74609.ltar
Mathlib.MeasureTheory.Function.L2Space	2639e23be5eacbec.ltar
Mathlib.CategoryTheory.Limits.WeakLimits.WeakKernels	1f1b4ec3c3cef7a5.ltar
Mathlib.CategoryTheory.Limits.Shapes.BinaryProducts.ProdComparison	5ca3716e7303804c.ltar
Mathlib.Order.Fin.SuccAboveOrderIso	85838083348198b7.ltar
Mathlib.CategoryTheory.Shift.Pullback	2f545a83b49e6930.ltar
Mathlib.CategoryTheory.ObjectProperty.Kernels	2a34dc3d76d4140e.ltar
Mathlib.Topology.Spectral.Prespectral	3a0c561cab15b869.ltar
Mathlib.Algebra.GroupWithZero.Action.Regular	b12ee8acb7d9f4d5.ltar
Mathlib.CategoryTheory.Sums.Associator	840c616bda1ee03c.ltar
Mathlib.LinearAlgebra.Contraction	dde6f800535f7f2f.ltar
Aesop.Frontend.Command	fd6ffa1a95ce35cd.ltar
Mathlib.Analysis.Calculus.Deriv.Comp	41ef39c19197c88e.ltar
Mathlib.Topology.CWComplex.Classical.Basic	59c3a469594f8460.ltar
Mathlib.Tactic.Bound.Init	5a456a130570fa65.ltar
Mathlib.Algebra.Algebra.Spectrum.Basic	c33fd42b486f7f73.ltar
Mathlib.Algebra.MonoidAlgebra.MapDomain	930b4c34e66b8e5e.ltar
Mathlib.LinearAlgebra.FiniteDimensional.Defs	0aa47c2f85542955.ltar
Mathlib.CategoryTheory.Limits.Preserves.Shapes.Terminal	674d1db8e353a336.ltar
Mathlib.Topology.Irreducible	07a1f924dcb12313.ltar
Mathlib.Data.Finset.Powerset	0caa0906f4b1c59b.ltar
Mathlib.Data.List.ReduceOption	9bc3c3405d856588.ltar
Mathlib.Order.Fin.Tuple	ce776961aeb902c4.ltar
Mathlib.MeasureTheory.Measure.MeasuredSets	1b0f41f3f5cfed2b.ltar
Mathlib.CategoryTheory.Localization.Opposite	a4c6065493f9e282.ltar
Mathlib.Tactic.MkIffOfInductiveProp	cefee18652a3535f.ltar
Mathlib.Topology.Algebra.AsymptoticCone	a7389ba69e6b456c.ltar
Mathlib.MeasureTheory.Function.LpSeminorm.Prod	4048355080abbcdc.ltar
Mathlib.CategoryTheory.MorphismProperty.FunctorCategory	927946012ca3a233.ltar
Mathlib.AlgebraicGeometry.EllipticCurve.Reduction	502023537d8beb0e.ltar
Mathlib.FieldTheory.Galois.Abelian	e7197de5a2878da2.ltar
Mathlib.RingTheory.KrullDimension.PID	1ec5103b511e3b2d.ltar
Mathlib.CategoryTheory.Limits.ExactFunctor	2d802c7b23bbe2a5.ltar
Mathlib.CategoryTheory.Sites.CoversTop.Over	4eb9732aa7b71401.ltar
Mathlib.RingTheory.Algebraic.Basic	060276ad543728b9.ltar
Mathlib.Topology.Connected.LocallyPathConnected	64480a55d3dcaaf6.ltar
Aesop.BuiltinRules.Ext	331ba38d306d3dfa.ltar
Mathlib.CategoryTheory.Monoidal.Ring	ffb97ad2e994214b.ltar
Mathlib.Logic.Equiv.PartialEquiv	4d47f103b1ba20ab.ltar
Mathlib.MeasureTheory.Integral.Regular	947fba1ce192fa14.ltar
Mathlib.Topology.Algebra.Order.Support	76eb39b0bd929545.ltar
Mathlib.LinearAlgebra.Multilinear.Curry	3b0a2aaf75201555.ltar
Mathlib.Algebra.Polynomial.Monic	b7a839b3d78b4fa1.ltar
Mathlib.Algebra.Order.Module.Rat	d818c30067376387.ltar
Mathlib.LinearAlgebra.Matrix.Action	e9dcabd0491f0cb9.ltar
Mathlib.Tactic.Inclusion.Core.Extensions	45575375a87f6001.ltar
Mathlib.Topology.UniformSpace.LocallyUniformConvergence	643ff3cdf5e93624.ltar
Mathlib.Algebra.DirectSum.Internal	30c70bc6d2c1226f.ltar
Mathlib.LinearAlgebra.TensorProduct.Vanishing	07a86a5861109277.ltar
Mathlib.RingTheory.SimpleRing.Matrix	97f2d9c1b5328329.ltar
Mathlib.Analysis.SpecificLimits.RCLike	1ea649d8a30f9f39.ltar
Mathlib.RingTheory.Spectrum.Prime.Polynomial	c3ae2f1cf944d3eb.ltar
Aesop.RuleTac	83fb13d765f8d53f.ltar
Mathlib.LinearAlgebra.Dimension.Finrank	a71815585fbea784.ltar
Mathlib.Probability.Independence.Integration	f418bc26a39e72b1.ltar
Mathlib.Topology.Continuous	09259e5c70060205.ltar
Batteries.Data.Float	0f036a34b994f129.ltar
Mathlib.CategoryTheory.ComposableArrows.One	4ec7e5469ccae613.ltar
Mathlib.LinearAlgebra.RootSystem.GeckConstruction.Basic	7439d35afcee7f04.ltar
Mathlib.CategoryTheory.Limits.Shapes.Pullback.Pasting	d3a4171d60d14098.ltar
Mathlib.Geometry.Euclidean.Simplex	84c162c9cbc00b05.ltar
Mathlib.Probability.Kernel.Disintegration.Basic	a85379f698b829ac.ltar
Mathlib.Algebra.Group.Units.Hom	7477cf5199d0bb92.ltar
Mathlib.CategoryTheory.Monoidal.Conv	e78cb43c9a837cc3.ltar
Mathlib.Algebra.Group.Action.Units	9e23d589dfc311db.ltar
Mathlib.LinearAlgebra.Matrix.Charpoly.Basic	062730e4ef6c58ff.ltar
Mathlib.Algebra.Module.LocalizedModule.IsLocalization	c182031237b7c955.ltar
Mathlib.RingTheory.FractionalIdeal.Operations	9a6cb4f01aabfccf.ltar
Mathlib.Data.Int.AbsoluteValue	167b354d1466ef19.ltar
Mathlib.Analysis.CStarAlgebra.Fuglede	4736f51b53a91ca2.ltar
Mathlib.Tactic.ApplyFun	b8ed8d92d083fa0c.ltar
Mathlib.LinearAlgebra.Matrix.Dual	db40a735282de298.ltar
Mathlib.Combinatorics.SimpleGraph.Walk.Chord	8787add7b7be2a8e.ltar
Mathlib.MeasureTheory.Measure.Decomposition.Lebesgue	74df63daa060f11c.ltar
Mathlib.Algebra.Homology.ShortComplex.Preadditive	1ee5baefe1f10ec8.ltar
Mathlib.Algebra.Order.Antidiag.Nat	58a7e7d969ed9bc0.ltar
Mathlib.Data.Nat.Cast.SetInterval	20736b69c11674f1.ltar
Mathlib.Data.Set.Finite.Lemmas	a9e9549fcafd94c5.ltar
Mathlib.CategoryTheory.Monoidal.Cartesian.Grp	7892a12a701058aa.ltar
Mathlib.MeasureTheory.Function.L1Space.HasFiniteIntegral	2400858cb8b86386.ltar
Mathlib.Tactic.DeriveFintype	705b6761ceb50c4a.ltar
Mathlib.FieldTheory.Perfect	115413bf2a1b1cfe.ltar
Mathlib.Order.CompleteLattice.Defs	007c364ec1d60fd7.ltar
Mathlib.CategoryTheory.Filtered.Grothendieck	c2fccc3b7f8be688.ltar
Mathlib.FieldTheory.IsAlgClosed.AlgebraicClosure	868ce73ebe40e949.ltar
Mathlib.CategoryTheory.Presentable.CardinalFilteredPresentation	8fcb90c340f8fc67.ltar
Mathlib.Algebra.Category.AlgCat.FilteredColimits	06dd6fd0ddb2c4c6.ltar
Mathlib.Algebra.Order.Group.Pointwise.CompleteLattice	f86281eacf255a59.ltar
Mathlib.Order.Interval.Set.WithBotTop	edee9fbb93d7a1cc.ltar
Mathlib.Topology.UniformSpace.UniformConvergenceTopology	bcd5138b2b7a0293.ltar
Mathlib.Topology.UniformSpace.UniformConvergence	68217219e0c818dd.ltar
Mathlib.RingTheory.Localization.Ideal	6209f7af8d7e41ac.ltar
Mathlib.Combinatorics.SetFamily.Compression.Down	67679d00301cbdb3.ltar
Mathlib.Analysis.InnerProductSpace.CanonicalTensor	38a9b232e7e5441b.ltar
Mathlib.Order.Category.BddOrd	49961a1669271bf5.ltar
Mathlib.GroupTheory.GroupAction.Transitive	356f0e151faa33ea.ltar
Mathlib.Analysis.Convex.Cone.Basic	6fb81cace73b75a9.ltar
Mathlib.Basic.ENNReal.Lemmas	780291b023b28807.ltar
Mathlib.Topology.Order.T5	676442dfa0bf6061.ltar
Mathlib.GroupTheory.IndexNormal	3076b825bed019b0.ltar
Mathlib.Algebra.Order.Monoid.Unbundled.MinMax	557c18665c8776e1.ltar
Mathlib.CategoryTheory.Subobject.Classifier.Defs	61f296dc754683ea.ltar
Batteries.Data.PairingHeap	f8d256bb5e11709a.ltar
Mathlib.Algebra.Category.MonCat.Limits	516a4d33e90ab282.ltar
Mathlib.Geometry.Manifold.VectorBundle.Pullback	0aee6a3f00daa666.ltar
Mathlib.Analysis.SpecialFunctions.Log.Deriv	66c4f2d6e0bc7c7c.ltar
Mathlib.Data.Countable.Defs	4978c74388bf42ab.ltar
Mathlib.RingTheory.KrullDimension.NonZeroDivisors	72c397fd74f031ad.ltar
Mathlib.Data.ZMod.Units	4f3b4e43e4b3604a.ltar
Mathlib.Algebra.Ring.Action.Basic	fd5c91b55166dbdd.ltar
Mathlib.RingTheory.Polynomial.Tower	89cca68263fe6286.ltar
Mathlib.CategoryTheory.GradedObject.Bifunctor	fe739691178dbe2f.ltar
Mathlib.Topology.Algebra.Order.Module	74ae5adb6bf7734b.ltar
Mathlib.Data.Multiset.DershowitzManna	cc2ea14aa1a1131a.ltar
Mathlib.LinearAlgebra.Dual.Basis	af19a2d060ace72a.ltar
Mathlib.RingTheory.Polynomial.Eisenstein.Distinguished	ed0bb643e4cb6447.ltar
Batteries.Tactic.Basic	edc17b94216cf452.ltar
Mathlib.Tactic.Linter.DeprecatedSyntaxLinter	3ce5bd17887ee0a1.ltar
Mathlib.Algebra.Category.FGModuleCat.Colimits	0e821feb69718c72.ltar
Mathlib.Algebra.FreeMonoid.Count	e883816f56557fc1.ltar
Mathlib.RingTheory.Polynomial.Radical	70139cf044563640.ltar
Batteries.Data.List.Count	a3a2494c6a1f53b9.ltar
Mathlib.CategoryTheory.Presentable.Comma	4eda1ba5cfdf2004.ltar
Mathlib.Order.Interval.Set.Monotone	86a645a1a2ad9d45.ltar
Mathlib.Order.Lattice.Nat	f57dc0c0fa10706f.ltar
Mathlib.Algebra.Field.NegOnePow	ff3dab4e1001dbfd.ltar
Mathlib.CategoryTheory.Comma.Final	225ac38c354a425e.ltar
Mathlib.Algebra.Module.ZLattice.Summable	a3b3fbde5be5dc98.ltar
Mathlib.Algebra.Homology.ShortComplex.Linear	de3c376fbe8936c3.ltar
Mathlib.Analysis.Convex.KreinMilman	0b79d98bffdf7cb6.ltar
Mathlib.CategoryTheory.NatIso	7940adca669c9728.ltar
Mathlib.Analysis.Normed.Group.FunctionSeries	6eb8c01e1d3a63f3.ltar
Mathlib.Data.List.Count	2616491fa1455141.ltar
Mathlib.LinearAlgebra.Basis.Submodule	89278cc6137073d3.ltar
Mathlib.Topology.Homotopy.TopCat.ToSSet	83a6e55fa339d378.ltar
Mathlib.GroupTheory.Sylow	2c3e2c92eb42b34e.ltar
Mathlib.Analysis.Normed.Group.Submodule	92523e3cdda58ca9.ltar
Mathlib.Geometry.Manifold.VectorBundle.CovariantDerivative.Metric	869b12b61f858474.ltar
Mathlib.Algebra.Order.Field.GeomSum	296cb7622104fccd.ltar
Mathlib.Tactic.FunProp.Elab	ce92e1067b38ca14.ltar
Mathlib.Data.Finset.SymmDiff	5705398b327a2993.ltar
Mathlib.Data.Nat.Factorial.Cast	a0866a0583cdaea3.ltar
Mathlib.Topology.Homotopy.Lifting	3d7df64604d999aa.ltar
Mathlib.Data.Multiset.Lattice	03ec11bb8d124f96.ltar
Mathlib.AlgebraicGeometry.Morphisms.SchemeTheoreticallyDominant	e30f65a045912747.ltar
Mathlib.Topology.MetricSpace.Snowflaking	48e53ba4c8db6115.ltar
Batteries.Lean.MonadBacktrack	e372457044911280.ltar
Mathlib.Algebra.Order.Antidiag.FinsuppEquiv	360bff659a627527.ltar
Mathlib.Algebra.Module.Presentation.DirectSum	c4662553baaa982d.ltar
Mathlib.MeasureTheory.Measure.Map	ad265ea7b9b8658d.ltar
Mathlib.GroupTheory.SchurZassenhaus	d792743c8b50c980.ltar
Mathlib.Analysis.Normed.Unbundled.SpectralNorm	f10db474a513cba7.ltar
Mathlib.SetTheory.ZFC.Cardinal	76214820025850f9.ltar
Mathlib.Analysis.SpecialFunctions.BinaryEntropy	acb8d2df76cdd3de.ltar
Mathlib.Data.List.Sort	4cc17627de431a5c.ltar
Mathlib.NumberTheory.LegendreSymbol.AddCharacter	a06b874990b06e61.ltar
Mathlib.AlgebraicTopology.SimplicialSet.AnodyneExtensions.UnionProd	e6656c638974f76f.ltar
Aesop.Search.Expansion	0e0739a7866a8cce.ltar
Batteries.Lean.Meta.Expr	6928c24e6c313fe1.ltar
Mathlib.Topology.MetricSpace.Ultra.TotallySeparated	68becdce271c19c0.ltar
Mathlib.Algebra.BigOperators.Group.Finset.Powerset	4cd96afe8e2ffef5.ltar
Mathlib.Algebra.Group.Subgroup.ZPowers.Lemmas	9307c846d9714ef1.ltar
Mathlib.Dynamics.Ergodic.Action.Basic	018b4cac48842ab8.ltar
Mathlib.GroupTheory.Subgroup.Saturated	7fce5999fae98cbb.ltar
Batteries.Data.Float.Basic	612418fca1d9e15f.ltar
Mathlib.Data.PFun	0803d5cb0bad0eb2.ltar
Mathlib.Data.List.Duplicate	afe3359503e589f9.ltar
Mathlib.Analysis.Calculus.ContDiff.Operations	497b909d00484c27.ltar
Mathlib.Probability.Martingale.Basic	eabdc2eb9962242a.ltar
Mathlib.Topology.Algebra.Module.ContinuousLinearMap.PiProd	645642b3bbec803c.ltar
Mathlib.Tactic.ProxyType	89d7e6a9557cfc1e.ltar
Mathlib.AlgebraicTopology.FundamentalGroupoid.Product	ea8714a218f80870.ltar
Mathlib.RingTheory.RootsOfUnity.Complex	4e40c8079b29469c.ltar
Mathlib.Algebra.Ring.Associator	121b1f007a9f0b5f.ltar
Mathlib.Probability.BrownianMotion.Basic	c2629dcd612e9a71.ltar
Mathlib.Computability.MyhillNerode	b26cf9b8c4f3ac29.ltar
Aesop.Forward.LevelIndex	25732abaee13b758.ltar
Mathlib.RingTheory.LocalRing.Defs	c07567b4930b3613.ltar
Aesop.Frontend	4237a3cfcc74ec77.ltar
Mathlib.NumberTheory.PythagoreanTriples	4841946535844b53.ltar
Mathlib.Algebra.Polynomial.Degree.CardPowDegree	8f5680307d7d4fa1.ltar
Mathlib.AlgebraicTopology.ModelCategory.IsCofibrant	6f8e7a4b1647a341.ltar
Mathlib.Algebra.Order.ToIntervalMod	482c2e74ce42b189.ltar
Mathlib.CategoryTheory.SmallObject.WellOrderInductionData	ceb9c995084fa332.ltar
Mathlib.MeasureTheory.Function.ConditionalExpectation.CondJensen	54333da988d0b1a5.ltar
Mathlib.AlgebraicGeometry.ProjectiveSpectrum.Topology	50922375df241616.ltar
Mathlib.Algebra.Order.Group.Unbundled.Basic	307cf44c6800a629.ltar
Mathlib.CategoryTheory.Skeletal	333c13dc37917f0b.ltar
Mathlib.RingTheory.Localization.Away.AdjoinRoot	c19a34526e5081e5.ltar
Mathlib.MeasureTheory.Measure.Typeclasses.ZeroOne	293dbb84b474c21d.ltar
Mathlib.Tactic.ToDual	bee89f3b1ec09909.ltar
Mathlib.Topology.Separation.PerfectlyNormal	c02c410314398748.ltar
Mathlib.AlgebraicTopology.Quasicategory.StrictSegal	015c9624e73b028c.ltar
Mathlib.MeasureTheory.Measure.SeparableMeasure	af1e5ec5ad2504e6.ltar
Mathlib.Data.DFinsupp.Defs	39425884e3419b92.ltar
Mathlib.CategoryTheory.Sites.Descent.IsPrestack	9fd699a8679296f6.ltar
Mathlib.Probability.CDF	739a0ec1795cd46d.ltar
Mathlib.NumberTheory.LSeries.Dirichlet	6e68655f0138a01a.ltar
Mathlib.Probability.Kernel.Composition.ParallelComp	c6024535324cad40.ltar
Mathlib.Algebra.Order.Nonneg.Module	f2aa1805f63a351b.ltar
Aesop.RulePattern	1a018c0737e1dbbf.ltar
Mathlib.Tactic.Contrapose	94f51991de9eb376.ltar
Mathlib.RingTheory.PowerSeries.Substitution	6769467f8b6e15b3.ltar
Mathlib.Geometry.Manifold.DerivationBundle	594475f2cd21888a.ltar
Mathlib.RingTheory.MvPolynomial.Symmetric.Defs	0d2f5a0d7a123374.ltar
Mathlib.Topology.Sheaves.SheafCondition.UniqueGluing	6ba1fcb7e355e6a0.ltar
Mathlib.Algebra.Category.ModuleCat.Topology.Homology	8f363ea25dbb7ce8.ltar
Mathlib.CategoryTheory.Limits.Indization.IndObject	56c5decab1b7763c.ltar
Mathlib.Algebra.Lie.Weights.Cartan	4463d3ba5c786bff.ltar
Mathlib.AlgebraicGeometry.Morphisms.Affine	3c37fc174f334b9e.ltar
Mathlib.Logic.Godel.GodelBetaFunction	99af42a9cc2136d2.ltar
Mathlib.Data.Finsupp.Interval	15aadbbfa488c58d.ltar
Mathlib.Tactic.Choose	fb57d7e899d81256.ltar
Mathlib.MeasureTheory.MeasurableSpace.Invariants	74a1a0326eda8283.ltar
Mathlib.MeasureTheory.Function.ConditionalExpectation.AEMeasurable	ebd819280fba7136.ltar
Mathlib.Combinatorics.Optimization.ValuedCSP	96ba4ff4d70a38e8.ltar
Mathlib.LinearAlgebra.FreeModule.Finite.Basic	17a98673ce414be5.ltar
Mathlib.MeasureTheory.Function.LpSpace.DomAct.Continuous	67ae0afc7e7aa5b3.ltar
Mathlib.Algebra.Homology.SpectralObject.Homology	5de854dd3d85bb74.ltar
Mathlib.Condensed.Light.Basic	5379298a0fce0482.ltar
Mathlib.NumberTheory.NumberField.Discriminant.Basic	a11b613c31e19684.ltar
Mathlib.Condensed.Light.Limits	a6d8c72eda8c2525.ltar
Mathlib.Order.Hom.Lex	b694da0b4240d1c0.ltar
Mathlib.CategoryTheory.Functor.FunctorHom	dee2d6ac9e66ebf6.ltar
Mathlib.Algebra.Homology.Embedding.ExtendHomotopy	b8dc25741b390811.ltar
Mathlib.RingTheory.KrullDimension.Polynomial	52cd1ad82bfdfd06.ltar
Mathlib.CategoryTheory.Limits.Filtered	cee79b293c026aac.ltar
Mathlib.Algebra.MonoidAlgebra.Grading	0065bc23e725c60d.ltar
Mathlib.Analysis.Fourier.FourierTransform	2da784f2f2a3130d.ltar
Mathlib.Order.Monotone.Defs	0b2b7ddb2dfc3558.ltar
Batteries.Data.String	3fd55795781d23f2.ltar
Mathlib.Tactic.CategoryTheory.Elementwise	f95bc8942acaa41a.ltar
Mathlib.Geometry.Euclidean.Angle.Oriented.RightAngle	8f161161ea93e405.ltar
Mathlib.Combinatorics.SimpleGraph.Walks.Subwalks	9a63e1b304e1efea.ltar
Mathlib.Analysis.BoxIntegral.Partition.Basic	7eb19fa486aa5c44.ltar
Mathlib.RingTheory.Ideal.GoingUp	22a2e91ddfa92a7e.ltar
Mathlib.Analysis.Calculus.Deriv.Inverse	10aaaa7d0aac8f02.ltar
Aesop.Rule.Basic	724476acd3a02ebf.ltar
Mathlib.Data.Ordmap.Invariants	3dfc67abc871a5e9.ltar
Mathlib.GroupTheory.GroupAction.Hom	49211af0337cc675.ltar
Mathlib.Data.Prod.Basic	944427be18d4e6d3.ltar
Mathlib.AlgebraicTopology.SimplicialObject.ChainHomotopy	5201aa03cc54a776.ltar
Mathlib.Algebra.Order.Monoid.Unbundled.Pow	001bf847c9f236fc.ltar
Mathlib.Combinatorics.SimpleGraph.Paths	a6af74aea369e6fb.ltar
Mathlib.CategoryTheory.Preadditive.Injective.Preserves	e8d0c87f5c0a44f3.ltar
Mathlib.Topology.UniformSpace.OfFun	e53926351453c384.ltar
Mathlib.CategoryTheory.Adjunction.FullyFaithful	58662d82df2d5267.ltar
Mathlib.Algebra.Regular.Defs	aa753042814d6b1e.ltar
Mathlib.Analysis.Asymptotics.Arith	69f3526d7076abbf.ltar
Mathlib.Util.Delaborators	d443307f23ff8f35.ltar
Mathlib.Data.Fintype.WithTopBot	9327141547bbb181.ltar
Mathlib.CategoryTheory.Sites.Descent.DescentDataAsCoalgebra	e7a7cb63a1c06819.ltar
Mathlib.Topology.Algebra.InfiniteSum.SummationFilter	c6dbb0a59b7c544e.ltar
Mathlib.Analysis.SpecialFunctions.Trigonometric.Chebyshev.Extremal	b63afd2b1cd421e6.ltar
Mathlib.Algebra.Ring.Opposite	df56e67cf8ea9478.ltar
Mathlib.MeasureTheory.Function.ConvergenceInMeasure	a799d7f48f43c2fa.ltar
Mathlib.CategoryTheory.Localization.DerivabilityStructure.Constructor	d6e943696b239fce.ltar
Mathlib.RingTheory.HopfAlgebra.GroupLike	1769bd53ee55b6f3.ltar
Mathlib.AlgebraicTopology.Quasicategory.Basic	d6baf0d948c0f7e2.ltar
Mathlib.CategoryTheory.Triangulated.Opposite.Pretriangulated	7684b477ab6a4b28.ltar
Mathlib.FieldTheory.Separable	b41b628db5805eb6.ltar
Mathlib.Analysis.CStarAlgebra.Classes	f12849b62a34d71f.ltar
Mathlib.Algebra.Homology.DerivedCategory.Fractions	0c3ba6b7cb8be296.ltar
Mathlib.Algebra.ContinuedFractions.TerminatedStable	da8c46fa39d2be49.ltar
Mathlib.CategoryTheory.Localization.Monoidal.Functor	8285cc7e9720ded8.ltar
Mathlib.Data.ENat.Pow	f3dacddd1d9f47f5.ltar
Mathlib.Data.Sum.Lattice	a8cb5b51fa292ab4.ltar
Mathlib.CategoryTheory.Category.Pairwise	049afee765eae41e.ltar
Mathlib.Algebra.Ring.Action.Submonoid	e9dcc05cd6dc8f69.ltar
Mathlib.Combinatorics.HalesJewett	f9dc3840b097745c.ltar
Mathlib.Algebra.Algebra.Subalgebra.Tower	5bc5073bbb2c3b45.ltar
Mathlib.Algebra.Order.Floor.BigOperators	6b9be2d6692bc2d7.ltar
Mathlib.Analysis.Complex.ValueDistribution.Cartan	7be92cb66d9efbc3.ltar
Mathlib.Basic.Real.Embedding	3b2112df0caae3bb.ltar
Mathlib.Topology.Category.Stonean.EffectiveEpi	06ddc2e73003745b.ltar
Mathlib.FieldTheory.SeparablyGenerated	5bd750b70c50c11c.ltar
Mathlib.Algebra.Ring.Identities	9a549c2ca49c2b82.ltar
Mathlib.LinearAlgebra.TensorProduct.Submodule	19fac76e4c22aa98.ltar
Mathlib.Algebra.Order.BigOperators.Expect	decdb481fb5ecbb0.ltar
Mathlib.Basic.Real.Star	d03fb83cfe8038d8.ltar
Mathlib.LinearAlgebra.RootSystem.GeckConstruction.Semisimple	037b9003ac158dcc.ltar
Mathlib.Tactic.CategoryTheory.Bicategory.Datatypes	eb2841d21f0ca96b.ltar
Mathlib.Topology.Homotopy.Basic	c248712045180a97.ltar
Mathlib.Order.UpperLower.Relative	0a408fa00287c950.ltar
Mathlib.RingTheory.Teichmuller	f06a26c93d528235.ltar
Mathlib.Analysis.Calculus.Deriv.Abs	4e9ba881cd08da7f.ltar
Mathlib.Analysis.Calculus.FDeriv.Defs	cfa480e99beb2266.ltar
Aesop	e8ea6404adb7bb34.ltar
Mathlib.NumberTheory.Cyclotomic.CyclotomicCharacter	bc0d4a32e4c25b8a.ltar
Mathlib.Algebra.Category.Grp.EpiMono	992451aafbb0571a.ltar
Mathlib.Analysis.SpecialFunctions.Integrals.Basic	c65de5b30331e0ca.ltar
Mathlib.CategoryTheory.Bicategory.FunctorBicategory.Pseudo	39b598a4bc00116f.ltar
Mathlib.Topology.Instances.PNat	91dc8fc36acf86cd.ltar
Mathlib.Data.Set.Prod	a3546c940d72bc2f.ltar
Mathlib.Algebra.QuadraticAlgebra.Discriminant	2ae1a976e06f9103.ltar
Mathlib.GroupTheory.Coxeter.Basic	a2b30daf70a66b75.ltar
Mathlib.Analysis.Calculus.ImplicitContDiff	091646e8df859809.ltar
Mathlib.Data.Multiset.Functor	b98418b4741facf6.ltar
Mathlib.Data.Fintype.EquivFin	57d3b024fa38ff45.ltar
Mathlib.MeasureTheory.Function.StronglyMeasurable.Lp	ca2e7c0c64965477.ltar
Mathlib.Combinatorics.Graph.Maps	3e5f6a47e8b7b5eb.ltar
ProofWidgets.Component.MakeEditLink	12b9d20ffe0c892e.ltar
Mathlib.Data.Nat.Cast.Synonym	9471a622781c8f61.ltar
Mathlib.Combinatorics.SimpleGraph.Walk.Traversal	c890d4eaa2f76ab8.ltar
Mathlib.Tactic.SuccessIfFailWithMsg	9bc0221f9006a751.ltar
Mathlib.RingTheory.MvPolynomial.MonomialOrder	1eda5b496ecaae4a.ltar
Mathlib.Topology.MetricSpace.CoveringNumbers	bebc68755e98e24c.ltar
Mathlib.GroupTheory.Coset.Basic	e7453edca34e5256.ltar
Mathlib.Analysis.InnerProductSpace.Reproducing.Operations	16f04b192db99ca5.ltar
Mathlib.CategoryTheory.Monoidal.Cartesian.CommMon_	23f2c2149a04699e.ltar
Mathlib.Geometry.Manifold.LocalInvariantProperties	e378ece29dbc20a3.ltar
Mathlib.CategoryTheory.Adhesive.PushoutProduct	6b5a96ccede1e09f.ltar
Mathlib.Order.Filter.AtTopBot.CountablyGenerated	ada7f980ce0c4f14.ltar
Mathlib.RingTheory.PowerSeries.PiTopology	2c3ede40b003c8f5.ltar
Mathlib.NumberTheory.Cyclotomic.Gal	d19a874cffc6c4f7.ltar
Mathlib.CategoryTheory.Localization.CalculusOfFractions.ComposableArrows	18eb4ecab4962a3d.ltar
Mathlib.Geometry.Group.WordMetric	e9cf3af67eeea0d4.ltar
Mathlib.Order.Bounds.Basic	42833f005d4ff957.ltar
Mathlib.NumberTheory.Harmonic.Int	9b976e9f343fc960.ltar
Mathlib.Data.Finset.SDiff	0e2acf9ee21d3843.ltar
Mathlib.Combinatorics.SimpleGraph.Walk.Maps	a81fb79d1c7669f5.ltar
Mathlib.Algebra.FreeNonUnitalNonAssocAlgebra	6ba9df323fe893c4.ltar
Mathlib.Data.Matrix.DualNumber	c6e5624c4b79502f.ltar
Mathlib.CategoryTheory.Category.Cat.Terminal	a35f5c28a42fedef.ltar
Mathlib.MeasureTheory.MeasurableSpace.Defs	f35c4829aa9d622a.ltar
Mathlib.Analysis.Calculus.Rademacher	4f95680618989ea5.ltar
Mathlib.Topology.Algebra.InfiniteSum.GroupCompletion	ce5a79b892a9dc27.ltar
Mathlib.Topology.MetricSpace.ProperSpace.Lemmas	33440f7441bc7a7b.ltar
Mathlib.RingTheory.NonUnitalSubsemiring.Defs	0ced43df61a7adac.ltar
Mathlib.Topology.Algebra.IsUniformGroup.Constructions	9d9fadbad0a79cda.ltar
Mathlib.Data.Sign.Basic	7eaa7193cf41eb46.ltar
Mathlib.Probability.HasLaw	72bc2119014e5598.ltar
Mathlib.FieldTheory.IntermediateField.Adjoin.Algebra	c271312954ed5987.ltar
Mathlib.Data.NNRat.BigOperators	d52c341edfccd13e.ltar
Mathlib.CategoryTheory.Preadditive.FreydCategory.Homotopy	37a32848e5fff5c3.ltar
Mathlib.FieldTheory.Galois.GaloisClosure	e10ed06518cd7738.ltar
Mathlib.LinearAlgebra.QuadraticForm.QuadraticModuleCat	1b39ca80bf340fb7.ltar
Mathlib.Algebra.Category.Grp.Abelian	9b5720b7aa698728.ltar
Aesop.Script.CtorNames	f3430c9697310f94.ltar
Mathlib.NumberTheory.Harmonic.EulerMascheroni	ebb51fe2908be3c3.ltar
Mathlib.MeasureTheory.VectorMeasure.Defs	9bc4bf3d0784f53a.ltar
Mathlib.Order.SymmDiff	ddf38b4b3bc12246.ltar
Mathlib.Topology.Perfect	7939c7451a594db0.ltar
Mathlib.Geometry.Euclidean.Angle.Oriented.Basic	8ed087e3c091d7fd.ltar
Mathlib.Analysis.InnerProductSpace.Projection.FiniteDimensional	26edded4e82e6a6a.ltar
Mathlib.AlgebraicTopology.SimplexCategory.Augmented.Monoidal	48683e81fe71f90a.ltar
Mathlib.Algebra.DirectSum.LinearMap	ba329f823ce1c069.ltar
Mathlib.Analysis.Normed.Ring.InfiniteSum	bc430daf3150973d.ltar
Mathlib.Algebra.Order.Group.Int	7bbf4b001bda1cdd.ltar
Mathlib.CategoryTheory.Sites.Types	daabc1c1d1933a69.ltar
Mathlib.Data.UInt	7afb88e57e7ca2a8.ltar
Mathlib.Data.Matrix.Reflection	c9e31916faed9704.ltar
Mathlib.RingTheory.Finiteness.Basic	55552bffa5a1f3b0.ltar
Mathlib.RingTheory.LocalProperties.IntegrallyClosed	8d481d3a4f57c86e.ltar
Mathlib.SetTheory.Cardinal.Divisibility	7946b42d36014ee4.ltar
Mathlib.Data.Array.Defs	18bef7a62efa9b5a.ltar
Mathlib.GroupTheory.IsSubnormal	4fc76dacff60cf29.ltar
Mathlib.Order.CompleteSublattice	f4e39423e22f4fe4.ltar
Mathlib.LinearAlgebra.Matrix.Trace	a1e7804964f6b207.ltar
Batteries.Lean.Float	430ceb964321121e.ltar
Mathlib.LinearAlgebra.FreeAlgebra	48205ca3ed801f2c.ltar
Mathlib.CategoryTheory.Whiskering	e4327636426f8d04.ltar
Mathlib.CategoryTheory.Sites.LocallyInjective	c5b1f86a47ff4689.ltar
Mathlib.RingTheory.AlgebraicIndependent.AlgebraicClosure	888e0ae92a87c87a.ltar
Mathlib.RepresentationTheory.Homological.TateCohomology.Basic	19aa987f2d232fe9.ltar
Mathlib.Probability.ProbabilityMassFunction.Binomial	96d45976e5b9dd17.ltar
Mathlib.Dynamics.Ergodic.Function	28a44f9033b5e9eb.ltar
Mathlib.NumberTheory.MulChar.Lemmas	e29c24995541770b.ltar
Mathlib.RingTheory.MvPolynomial.EulerIdentity	b235bf587dddf37c.ltar
Mathlib.Algebra.Module.Defs	95a4d39706afda88.ltar
Mathlib.CategoryTheory.Preadditive.Opposite	57bb2d6e8b925a9a.ltar
Mathlib.Topology.Category.TopCat.Limits.Basic	9146e9eec5ab97f1.ltar
Mathlib.Topology.Algebra.Module.Alternating.Basic	f7b4bbe10c25a159.ltar
Mathlib.LinearAlgebra.Matrix.Determinant.Basic	d5967ae823ca038c.ltar
Mathlib.Data.Finset.NoncommProd	4eaccaf7eea3aaa3.ltar
Mathlib.Combinatorics.SetFamily.DualVC	dca87e3e2fa701e1.ltar
Mathlib.RingTheory.Spectrum.Prime.FreeLocus	eeff47b5bcc0f1cf.ltar
Mathlib.AlgebraicGeometry.Morphisms.RingHomProperties	cbf6172abb80b346.ltar
Mathlib.MeasureTheory.Measure.Regular	66a695d4a098a93e.ltar
Mathlib.Topology.Order.Completion	7d43ba182ac20ec2.ltar
Mathlib.Topology.Baire.BaireMeasurable	45b31ddb5ca127a5.ltar
Mathlib.Analysis.Analytic.RadiusLiminf	11eda03c32af6c28.ltar
Mathlib.NumberTheory.LSeries.Deriv	e474ecddf0fe735c.ltar
Mathlib.Topology.Algebra.MulAction	205e504e684117b4.ltar
Mathlib.Topology.Algebra.Module.Basic	6a3cad9ede8dfb26.ltar
Mathlib.LinearAlgebra.Matrix.Reindex	f38316e719ed716a.ltar
Mathlib.GroupTheory.Submonoid.Center	1b9cf2ac4d19184f.ltar
Mathlib.Algebra.Homology.HomotopyCategory.Plus	3543ba5a26e22d97.ltar
Mathlib.Analysis.FunctionalSpaces.SobolevInequality	15671af624ddcab2.ltar
Mathlib.AlgebraicTopology.SimplicialSet.Monoidal	61d480f0173e8f62.ltar
Mathlib.CategoryTheory.Center.NegOnePow	009cd73af8c7124d.ltar
Mathlib.Topology.Instances.AddCircle.Defs	41b9d87f09313c35.ltar
Mathlib.CategoryTheory.Limits.Shapes.KernelPair	aa55d5bdaa5e03c9.ltar
Mathlib.CategoryTheory.Sites.Canonical	a5a88c1e0761581f.ltar
Mathlib.CategoryTheory.Abelian.SerreClass.MorphismProperty	497801fc930d0580.ltar
Mathlib.Data.Int.NatAbs	b1df7c6ea0b0efba.ltar
Mathlib.Order.SuccPred.Relation	3ee17b0b1c5b1091.ltar
Mathlib.CategoryTheory.Products.Unitor	db5d39c906149362.ltar
Mathlib.Algebra.Field.Power	f88210238a30e3d1.ltar
Mathlib.Data.Set.Lattice	3f5495bfeb4869cc.ltar
Batteries.Data.AssocList.Basic	a215f154f05016b7.ltar
Mathlib.Topology.VectorBundle.Riemannian	d4e3fa907e6a6b97.ltar
Mathlib.NumberTheory.LSeries.AbstractFuncEq	80a32eff55cef305.ltar
Mathlib.Order.Interval.Finset.Floor	7615b142069dd511.ltar
Mathlib.Algebra.Order.Invertible	adf1867306520412.ltar
Mathlib.CategoryTheory.Monoidal.Mod_	7a913876c9138eee.ltar
Mathlib.Data.Matrix.Basic	7ac8968fba5e6bb5.ltar
Mathlib.NumberTheory.ModularForms.Basic	501d47dd21169aab.ltar
Mathlib.Data.DFinsupp.Sigma	9674ec6eefff32cd.ltar
Mathlib.NumberTheory.NumberField.Completion.InfinitePlace	bb5b51adf64b2166.ltar
Mathlib.RingTheory.Ideal.Quotient.Index	1794a0fa5d35798f.ltar
Mathlib.Algebra.GroupWithZero.Equiv	6dfa74a30c92cce7.ltar
Mathlib.Analysis.Normed.Module.Ray	bac7492de988adad.ltar
Mathlib.Data.Set.Finite.Powerset	2b92640c1fcac6f9.ltar
Mathlib.NumberTheory.Zsqrtd.QuadraticReciprocity	e00a3c475853b127.ltar
Mathlib.Algebra.Order.Monoid.NatCast	7b4d19546dd37bd5.ltar
Mathlib.Data.Finset.Slice	274e6e637e6e7edf.ltar
Mathlib.Computability.Language	47d1b5b3ad884c6e.ltar
Mathlib.RingTheory.Finiteness.Finsupp	23af71f67b3ac7ee.ltar
Mathlib.RingTheory.MvPowerSeries.Inverse	d10dd3d0af1b0ce8.ltar
Mathlib.Analysis.Normed.Module.PiTensorProduct.ProjectiveSeminorm	45f576505faa369f.ltar
Mathlib.AlgebraicGeometry.EllipticCurve.Weierstrass	2a473425c3fddd67.ltar
Mathlib.Util.PrintSorries	08458480a4fd1513.ltar
Mathlib.Algebra.Group.Semiconj.Defs	5e519cd481606854.ltar
Mathlib.Algebra.Azumaya.Defs	1684dc141e4fa3d5.ltar
Mathlib.MeasureTheory.Measure.Decomposition.Exhaustion	210ff074d4143cc4.ltar
Mathlib.Order.FixedPoints	e03659e403b1ba6c.ltar
Mathlib.CategoryTheory.Preadditive.Basic	ba317a034cd3889b.ltar
Mathlib.Algebra.Category.Grp.EquivalenceGroupAddGroup	aff9b8ca0d1f2eee.ltar
Mathlib.RingTheory.IntegralClosure.Algebra.Basic	2bd08b11be6b9071.ltar
Mathlib.Algebra.Squarefree.Basic	0b3e5c4d870fff89.ltar
Mathlib.InformationTheory.KullbackLeibler.Basic	5baade45a55b39cb.ltar
Mathlib.RingTheory.Congruence.Star	48903953d7b65a52.ltar
Mathlib.Algebra.Category.MonCat.Adjunctions	233dd61eeabaa715.ltar
Mathlib.Algebra.Group.Equiv.Finite	d7e044657b837593.ltar
Mathlib.GroupTheory.Focal	41c0a8dd94c485f4.ltar
Mathlib.FieldTheory.CardinalEmb	6fabe7e19309cf97.ltar
Mathlib.Algebra.Homology.DerivedCategory.Ext.EnoughProjectives	e07f72e157912f98.ltar
Mathlib.RingTheory.DedekindDomain.Ideal.Lemmas	e1e225d475cb26c4.ltar
Mathlib.Topology.OpenPartialHomeomorph.Composition	3ff9253aa6a242bf.ltar
Mathlib.Topology.UniformSpace.Separation	20761fee4d232d76.ltar
Mathlib.RingTheory.AdicCompletion.LocalRing	05b3f415ff5b2df5.ltar
Mathlib.CategoryTheory.Abelian.Monomorphisms	9abd9bbd69c93a90.ltar
Mathlib.RingTheory.FractionalIdeal.Extended	d8874f5f97219503.ltar
Mathlib.CategoryTheory.MorphismProperty.Ind	4a354cfa96917b50.ltar
Mathlib.MeasureTheory.Measure.Complex	fd63b716c7ea2efc.ltar
Mathlib.NumberTheory.NumberField.AdeleRing	2f570993d8a1073c.ltar
Mathlib.Algebra.Group.Int.Even	b3940827dfad0556.ltar
Mathlib.NumberTheory.NumberField.DedekindZeta	731587c437ddb887.ltar
Mathlib.AlgebraicGeometry.Cover.MorphismProperty	8068de887af6b23e.ltar
Mathlib.Computability.PartrecCode	32e693035b194168.ltar
Batteries.Data.Array.Match	f26c347b57fce96c.ltar
Mathlib.LinearAlgebra.TensorAlgebra.Grading	1a2c163d363ebe66.ltar
Mathlib.Analysis.SpecialFunctions.JapaneseBracket	46f40dae1a9e3f8d.ltar
Mathlib.Topology.Algebra.Module.ClosedSubmodule	90623e075ee2814b.ltar
Mathlib.CategoryTheory.Abelian.CommSq	9567fd8ac390c87e.ltar
Aesop.Script.Check	fadab8f950adf446.ltar
Mathlib.Analysis.Analytic.Linear	c0fc628c39efbec0.ltar
Mathlib.Data.Fintype.Sigma	ae02f5f45e98de0c.ltar
Mathlib.Probability.Process.Filtration	13a1afff604946f7.ltar
Batteries.Recycling.MonadSatisfying.Lean	50ec57387fd22917.ltar
Mathlib.RingTheory.Nilpotent.GeometricallyReduced	95582b964bd2afe0.ltar
Mathlib.Data.Finsupp.Indicator	5b7d462e123efda1.ltar
Mathlib.RingTheory.Invariant.Basic	9e875e49f22a592c.ltar
Mathlib.Topology.Compactness.Bases	a434011219374f05.ltar
Mathlib.CategoryTheory.Bicategory.Functor.StrictPseudofunctor	178a99ce097d73ce.ltar
Mathlib.Data.Nat.Bitwise	bb53af19e06e88d7.ltar
Mathlib.Tactic.Linter.OverlappingInstances	6af7e3b92b329654.ltar
Mathlib.Algebra.Group.Subgroup.Pointwise	dcc9bb3cc4076f58.ltar
Mathlib.Topology.MetricSpace.Defs	08bcdb9cc90eef3f.ltar
Mathlib.Algebra.Group.Submonoid.Finite	a0fb8195b4cb515b.ltar
Mathlib.Analysis.Polynomial.Fourier	d72c44e3c10c4ae9.ltar
Mathlib.Geometry.Manifold.Instances.Quotient	3a0e34e6daa6fcb5.ltar
Mathlib.RingTheory.Finiteness.Small	c62bc4cf3c3e8476.ltar
Mathlib.GroupTheory.FiniteAbelian.Basic	24ea0d996efb0a4f.ltar
Mathlib.CategoryTheory.Monoidal.Internal.Limits	0f47c8e06e17a77d.ltar
Mathlib.Topology.Category.LightProfinite.Cartesian	6dd3222fdc260a6c.ltar
Mathlib.CategoryTheory.Category.Pointed	86cde166c5a93f7a.ltar
Mathlib.Algebra.Group.Submonoid.Basic	57dd0b93e42ac635.ltar
Mathlib.AlgebraicTopology.ModelCategory.Opposite	924665ef9484ea1b.ltar
Mathlib.LinearAlgebra.ConvexSpace.AffineSpace	f3d605c4275a4ef7.ltar
Mathlib.Tactic.FunProp.Theorems	dc48169277dd643c.ltar
Mathlib.NumberTheory.RamificationInertia.Inertia	c7e80623ecff7f39.ltar
Mathlib.Order.Zorn	58f7abd19aca3300.ltar
Mathlib.Analysis.Convex.Combination	e701161dafef5154.ltar
Mathlib.Algebra.Polynomial.HasseDeriv	edf04a825887a756.ltar
Mathlib.Order.Category.BoolAlg	5cf4e0cfbfd2b84a.ltar
Mathlib.RepresentationTheory.Action	c8b271d31957eb2b.ltar
Mathlib.Analysis.Normed.Algebra.Ultra	9abfe285c3cf29cc.ltar
Mathlib.MeasureTheory.OuterMeasure.Caratheodory	be4d228c9a129ab3.ltar
Mathlib.Geometry.Manifold.IsManifold.Basic	168948e1cfab0a1d.ltar
Mathlib.Order.Category.BddLat	17b6c5ab8a66490a.ltar
Mathlib.Topology.Homotopy.Equiv	48f246c25698438b.ltar
Mathlib.Algebra.ContinuedFractions.Basic	791603214cb49c24.ltar
Mathlib.Combinatorics.SimpleGraph.Init	f54b4816f3a39992.ltar
Mathlib.MeasureTheory.Measure.Tilted	f166b652759747e9.ltar
Mathlib.CategoryTheory.Bicategory.SingleObj	f8903fbc126ad691.ltar
Mathlib.Data.FunLike.IsApply	b7e17541bdc5f8da.ltar
Mathlib.Geometry.Manifold.MFDeriv.Atlas	55242d16b2ad71c7.ltar
Mathlib.Algebra.Homology.HomotopyCategory.HomComplexInduction	c806af17adee8bc2.ltar
Mathlib.Geometry.Manifold.MFDeriv.FDeriv	1a91646e6c6a5505.ltar
Mathlib.Algebra.Order.BigOperators.Ring.Multiset	f6031fff661e0b8c.ltar
Mathlib.Algebra.Module.Torsion.Field	b1f0fa8101504749.ltar
Mathlib.Topology.Algebra.Module.ContinuousLinearMap.Idempotent	6618ef2513bec16a.ltar
Mathlib.Analysis.InnerProductSpace.Rayleigh	ac1a410d1074c993.ltar
Mathlib.Data.FunLike.Graded	282a380f872313aa.ltar
Mathlib.LinearAlgebra.Matrix.Unique	e22f5d0dfca92898.ltar
Mathlib.Order.KrullDimension	bd66d9889c4c25a3.ltar
Mathlib.CategoryTheory.Sites.Point.Category	915b96fe10eb20a3.ltar
Mathlib.RepresentationTheory.Homological.ContCohomology.Functoriality	d159cd5a75156708.ltar
Mathlib.Data.Set.Enumerate	80a369e19a50acbb.ltar
Mathlib.Algebra.Module.StablyFree.FreeOfInvertible	181bb95f02602941.ltar
Mathlib.Analysis.Convex.BetweenList	f90ebd86c7cffd2f.ltar
Mathlib.Algebra.Order.Floor.Ring	eb275dc3200c918d.ltar
Mathlib.CategoryTheory.Generator.HomologicalComplex	73c696c86c433971.ltar
Mathlib.RingTheory.Ideal.Norm.AbsNorm	3a5188363783d836.ltar
Mathlib.NumberTheory.Zsqrtd.ToReal	2f4e193e6985e3ba.ltar
Mathlib.Algebra.Ring.Subring.Pointwise	c1842ca84042b755.ltar
Mathlib.RingTheory.Localization.Away.Basic	3e9c9f10f5080ad1.ltar
Mathlib.Dynamics.TopologicalEntropy.Semiconj	cb9ad7129ed49f94.ltar
Mathlib.RingTheory.Ideal.Quotient.Basic	240dd953252e6cfb.ltar
Mathlib.Data.Fintype.Perm	c69ae9fa15a4da05.ltar
Mathlib.Algebra.Order.Archimedean.Submonoid	da441cdf965fd274.ltar
Mathlib.RingTheory.NormTrace	dbecfa8317e16e04.ltar
Mathlib.MeasureTheory.VectorMeasure.Operations	4d9332c1c9a31ad3.ltar
Mathlib.RingTheory.Idempotents	08eae4f41089eb37.ltar
Mathlib.Tactic.MoveAdd	eaabc43c6010c9bc.ltar
Mathlib.Analysis.Meromorphic.Divisor	493f7980fcf4c145.ltar
Mathlib.AlgebraicTopology.ModelCategory.Homotopy	dd03082e05ddfebb.ltar
Mathlib.CategoryTheory.MorphismProperty.Limits	06d6b8d4bde460ff.ltar
Mathlib.Algebra.Polynomial.Homogenize	f395b4aef99f2859.ltar
Mathlib.Topology.MetricSpace.TransferInstance	f012dda43959d74c.ltar
Mathlib.Tactic.Positivity.Finset	aabd7935d88ebd65.ltar
Mathlib.Order.Interval.Set.LinearOrder	063c3386c9dc307c.ltar
Mathlib.RingTheory.Bialgebra.SymmetricAlgebra	27f5e535a88c785b.ltar
Mathlib.Algebra.Category.ModuleCat.Algebra	c225d2ba2511a756.ltar
Mathlib.Algebra.ContinuedFractions.Computation.CorrectnessTerminating	fde01728b4ca6b7e.ltar
Mathlib.Probability.Distributions.Gaussian.IsGaussianProcess.Basic	28f030fd6dae7c66.ltar
Mathlib.Algebra.BigOperators.Expect	e6d4ae38b7280751.ltar
Mathlib.RingTheory.TensorProduct.DirectLimitFG	65d4dd9b7dab71fb.ltar
Mathlib.Algebra.AddTorsor.Defs	8746949029b0b537.ltar
Mathlib.Lean.MessageData.ForExprs	111fa15a12e374af.ltar
Mathlib.RingTheory.Smooth.AdicCompletion	fb60d254d0590ed4.ltar
Mathlib.Topology.Algebra.Group.GroupTopology	db4bd44477adc40d.ltar
Mathlib.Order.Filter.Cofinite	d446d97eb2b6a9e1.ltar
Mathlib.Algebra.CharP.Frobenius	2db75a6914ae26c4.ltar
Mathlib.Algebra.Category.ModuleCat.Sheaf.PullbackContinuous	1e1efbb19a8f8127.ltar
Mathlib.Lean.Meta.Simp	97254ff91d3d7159.ltar
Mathlib.Data.Fintype.Prod	a64935105a232c58.ltar
Mathlib.AlgebraicGeometry.RelativeGluing	65b8057c4d111df0.ltar
Mathlib.AlgebraicTopology.SimplicialSet.NerveAdjunction	9225c28f4e3c5e0c.ltar
Mathlib.AlgebraicTopology.DoldKan.Compatibility	7fd7deda584a5686.ltar
Batteries.Data.Array.Pairwise	268b669f9289a25f.ltar
Mathlib.Order.Radical	6bfe854234e3e9df.ltar
Batteries.Data.Random.MersenneTwister	95e3af4388fa7818.ltar
Mathlib.MeasureTheory.Measure.DiracProba	5ebfeaf3244209b4.ltar
Mathlib.LinearAlgebra.Matrix.Basis	023803fd46f67dea.ltar
Mathlib.AlgebraicGeometry.Sites.QuasiCompact	adc128bb2d906349.ltar
Mathlib.Data.QPF.Univariate.Basic	0327a9b35032ffcb.ltar
Mathlib.Probability.IdentDistrib	cc5133468600ae27.ltar
Mathlib.RingTheory.Valuation.Integral	057709e9d94678ad.ltar
Mathlib.NumberTheory.MahlerMeasure	63a0f329dd12951a.ltar
Mathlib.Algebra.Homology.HomologicalComplex	94578e2f9d0e7cad.ltar
Mathlib.CategoryTheory.Equivalence	93b6d85f0b41ce40.ltar
Aesop.BuiltinRules	de647ae5cbdd208d.ltar
Mathlib.GroupTheory.OreLocalization.Basic	47e4dab17f000ea4.ltar
Mathlib.Topology.Bornology.Constructions	059aab0aaa046efc.ltar
Mathlib.Probability.Distributions.Gaussian.CharFun	5257ba6a5f411c3b.ltar
Mathlib.CategoryTheory.Bicategory.Adjunction.Adj	f5e535a93b74f5de.ltar
Mathlib.Tactic.Linarith.Oracle.SimplexAlgorithm.SimplexAlgorithm	a0731958fe2c5cd0.ltar
Mathlib.Analysis.Complex.Periodic	00f3611a6b60cc4e.ltar
Mathlib.RingTheory.Polynomial.Hermite.Gaussian	b346c66d7555d043.ltar
Mathlib.Topology.Algebra.Star.Real	1696419fbbdfd4a7.ltar
Mathlib.Topology.Algebra.MetricSpace.Lipschitz	63a26f4b4bcddcaf.ltar
Mathlib.Tactic.Ring.PNat	6c1613d2d8c18513.ltar
Mathlib.Combinatorics.Enumerative.DoubleCounting	01be87adceebcf5c.ltar
Aesop.Script.SpecificTactics	cb4629322595c0ea.ltar
Mathlib.Data.DFinsupp.Module	005353c2a16d6c97.ltar
Mathlib.Algebra.Ring.Parity	4cd9a9afbb974306.ltar
Mathlib.CategoryTheory.Limits.Preserves.Creates.Opposites	823f3a9a4d1849bc.ltar
Mathlib.Data.Option.Basic	e7a06271d51cbfe2.ltar
Mathlib.LinearAlgebra.Matrix.SpecialLinearGroup	4c177c3745133798.ltar
Batteries.Data.UnionFind.Lemmas	76ded86c775d3a0c.ltar
Mathlib.Condensed.Epi	81fed9ed7f3d3982.ltar
Mathlib.AlgebraicTopology.SimplicialSet.HoFunctorMonoidal	902461834f148bcc.ltar
Mathlib.NumberTheory.ModularForms.Cusps	f260bee95f17ad79.ltar
Mathlib.Analysis.RCLike.Basic	ed18729633681840.ltar
Mathlib.MeasureTheory.VectorMeasure.Variation.Defs	64914da7769e47bb.ltar
Mathlib.LinearAlgebra.Reflection	d729b4205a59528b.ltar
Mathlib.Order.Heyting.Hom	119a780b6187680c.ltar
Mathlib.Algebra.Module.LinearMap.FiniteRange	b03a8f523add5ac4.ltar
Mathlib.Combinatorics.SimpleGraph.IncMatrix	b63cebc70b68d33b.ltar
Mathlib.Order.Interval.Set.Nat	c1ead9db93e936cf.ltar
Mathlib.Analysis.Complex.IntegerCompl	b69413f7211b55a1.ltar
Mathlib.Topology.Hom.Open	788d54958d8e3c6c.ltar
Mathlib.LinearAlgebra.Basis.Fin	10e91f9e339034ed.ltar
Mathlib.Analysis.CStarAlgebra.ContinuousFunctionalCalculus.Continuity	362f47585d9b04b4.ltar
Mathlib.CategoryTheory.Sites.JointlySurjective	6577c7fab282d071.ltar
Mathlib.Tactic.Widget.Calc	234b5b3a9855f420.ltar
Mathlib.Basic.ENNReal.Action	cf1dcfcf200f44ef.ltar
Mathlib.Combinatorics.Enumerative.InclusionExclusion	061ae02af994ebdc.ltar
Mathlib.RingTheory.Valuation.PrimeMultiplicity	6a1f45758fdf0878.ltar
Mathlib.Tactic.ModCases	4aa801d4f31eb3e7.ltar
Mathlib.Algebra.Module.Submodule.Equiv	746ee2d476ca73d1.ltar
Mathlib.AlgebraicGeometry.EllipticCurve.Affine.Formula	ac01a094120e1f88.ltar
Mathlib.Basic.Nontrivial.Defs	0ad5a1e5d32b7b6c.ltar
Mathlib.Topology.Homeomorph.Lemmas	10aa0f4983ca1df6.ltar
Mathlib.Analysis.NormedSpace.Real	dc0d534153215978.ltar
Mathlib.RingTheory.WittVector.DiscreteValuationRing	492ce8804071ff28.ltar
Batteries.Data.UInt	c92f876e9afa9a30.ltar
Mathlib.MeasureTheory.MeasurableSpace.CountablyGenerated	310f7ac8a7a4e069.ltar
Mathlib.Topology.Category.CompHaus.Projective	399badaf711d1289.ltar
Mathlib.CategoryTheory.Sites.SheafCohomology.ExactSequences	cdf30e69ef4414aa.ltar
Mathlib.Condensed.Light.Instances	14d52b86e21bdc2e.ltar
Mathlib.Analysis.CStarAlgebra.ContinuousFunctionalCalculus.Order	5360c1abae59b658.ltar
Mathlib.Tactic.Positivity.Core	6224c435f71e3814.ltar
Mathlib.CategoryTheory.Limits.Final.Connected	2ffd20119ec84cca.ltar
Mathlib.RingTheory.FractionalIdeal.Basic	25fd60d772347e7d.ltar
Mathlib.Algebra.Polynomial.Module.Basic	04c3f76f3a499a0b.ltar
Aesop.RuleTac.Cases	dc2752144385bb7e.ltar
Mathlib.NumberTheory.LSeries.RiemannZetaLogDeriv	ef3eb2c6828b6e87.ltar
Mathlib.Combinatorics.Matroid.Constructions	93609144b2ed6e06.ltar
Mathlib.RingTheory.NoetherNormalization	41992c09aed8d1b5.ltar
Mathlib.MeasureTheory.VectorMeasure.Decomposition.RadonNikodym	86969c3cfd398938.ltar
Mathlib.FieldTheory.PurelyInseparable.Exponent	39bccabd4f0a76de.ltar
Mathlib.Data.ENat.Basic	d42cfb5662a3c595.ltar
Mathlib.Algebra.Quotient	8896f5c41c5e18fb.ltar
Mathlib.RepresentationTheory.Continuous.TopRep	c077a0f66585d15a.ltar
Mathlib.MeasureTheory.Integral.IntervalIntegral.LebesgueDifferentiationThm	e639c6bd0b295b66.ltar
Mathlib.Combinatorics.Matroid.Minor.Contract	95be757175f455eb.ltar
Mathlib.Analysis.Normed.Operator.Compact.FredholmAlternative	3872c83330daafcd.ltar
Mathlib.Probability.Martingale.OptionalStopping	0c830cedf903d4b0.ltar
Mathlib.Analysis.BoundedVariation	560074e6fcb53278.ltar
Mathlib.LinearAlgebra.PerfectPairing.Basic	0988760550b0dcc7.ltar
Mathlib.Data.Fintype.List	9b4a95403dee44d4.ltar
Mathlib.Algebra.GroupWithZero.Submonoid.Pointwise	205091ac1c2c8af6.ltar
Mathlib.LinearAlgebra.Matrix.Rank	0d92fe1400207d87.ltar
Mathlib.Order.Interval.Set.Fin	e175fc03e91f9861.ltar
Mathlib.LinearAlgebra.QuadraticForm.Radical	70e14e66016eaf7f.ltar
Mathlib.CategoryTheory.Bicategory.Kan.Adjunction	62412a474ab0c2e3.ltar
Mathlib.Geometry.Manifold.VectorField.Pullback	d5a3fe2ff865588e.ltar
Mathlib.Order.Fin.Finset	e0b22145ff6d637e.ltar
Mathlib.RingTheory.HahnSeries.Valuation	05de344300f707c4.ltar
Mathlib.Algebra.Polynomial.Lifts	e09440bcb5c1b35c.ltar
Mathlib.Data.Nat.Factorial.Basic	d2832b07c6e8bb29.ltar
Mathlib.Algebra.Symmetrized	92d89df9364ce501.ltar
Mathlib.CategoryTheory.Limits.IsConnected	390dc810a385aa6a.ltar
Mathlib.AlgebraicGeometry.Morphisms.QuasiCompact	4211e3b771221f49.ltar
Mathlib.Data.Set.Lattice.Bounded	c553e64740cd3e6b.ltar
Mathlib.Topology.OpenPartialHomeomorph.Defs	c7307cf513ede1d7.ltar
Aesop.Util.UnorderedArraySet	5c9f0315185c4a35.ltar
Mathlib.Algebra.Ring.CentroidHom	47f16ef481989215.ltar
Mathlib.FieldTheory.Finite.GaloisField	db9bed598886a035.ltar
Mathlib.Algebra.Homology.ShortComplex.Retract	277aa313fc121a1d.ltar
Mathlib.Algebra.Homology.Embedding.Restriction	f4256e96f6b67d58.ltar
Mathlib.Algebra.FiniteSupport.Basic	bb55e31b88b31d88.ltar
Mathlib.Tactic.CongrM	c101a2cb903c3855.ltar
Mathlib.CategoryTheory.Types.Set	ba241bbe274051a4.ltar
Mathlib.Analysis.BoxIntegral.Box.SubboxInduction	d0fa93d7640afd84.ltar
Mathlib.Data.Nat.Cast.Basic	9a8ef5e48692db7d.ltar
Mathlib.Data.Matrix.PEquiv	68cbe91599931184.ltar
Mathlib.RingTheory.Etale.Kaehler	7dc58bce3b230d36.ltar
Mathlib.Data.List.Intervals	d47fefd30ffd2ff8.ltar
Mathlib.ModelTheory.Types	15bbffb9b302b9a1.ltar
Mathlib.Geometry.Euclidean.Sphere.SecondInter	7d72ecc5ef64b64c.ltar
Mathlib.Topology.EMetricSpace.Diam	392f892f9b1a224b.ltar
Mathlib.Analysis.CStarAlgebra.Unitary.Connected	5e44e044be4b67a6.ltar
Mathlib.SetTheory.Ordinal.CantorNormalForm	00e6bde046af34d6.ltar
Mathlib.Algebra.Order.Module.Defs	8378768d52ada846.ltar
Mathlib.Data.Num.Basic	9e88f53be9b1bc60.ltar
Mathlib.Analysis.Normed.Module.Multilinear.Basic	2120d9172fa97e91.ltar
Mathlib.AlgebraicTopology.SimplicialObject.Split	72e154abfcedf8a8.ltar
Batteries.Control.ForInStep.Lemmas	e2a5d8e7eb53c9c5.ltar
Mathlib.CategoryTheory.Abelian.Projective.Basic	bbbd4b67830fb2fb.ltar
ImportGraph.Tools.RedundantImports	05c9e532fcefc317.ltar
Mathlib.LinearAlgebra.Projectivization.Action	d3d2ccbadfd02504.ltar
Mathlib.LinearAlgebra.Matrix.StdBasis	58d13a921b8e0324.ltar
Mathlib.Probability.ConditionalExpectation	7763790cd1974d81.ltar
Mathlib.Order.SuccPred.Tree	d0a22d91f20e35f5.ltar
Mathlib.Algebra.Order.Sub.WithTop	398ac19cf67a7584.ltar
Mathlib.NumberTheory.LSeries.ZMod	fb8c343d246a014a.ltar
Mathlib.MeasureTheory.MeasurableSpace.Basic	8336f5f6b5c48555.ltar
Mathlib.RingTheory.TensorProduct.Free	8635422dece85aea.ltar
Mathlib.Analysis.Calculus.Conformal.NormedSpace	2afc1713b9ca9de7.ltar
Batteries.Util.Panic	7978abf11c689473.ltar
Mathlib.Topology.Category.Stonean.Limits	d43fcc9bfae248ab.ltar
Mathlib.Topology.ShrinkingLemma	506c7564fd51943a.ltar
Mathlib.NumberTheory.Wilson	80ab45ed148f4c99.ltar
Mathlib.CategoryTheory.Limits.Constructions.Over.Products	0ae5ebd170e69ab0.ltar
Mathlib.Data.SetLike.Basic	5a141ad069a2771c.ltar
Mathlib.Data.ZMod.Defs	c79f7aeca1f1e7d1.ltar
Batteries.Data.RBMap.Basic	2cf6f7f8694ac641.ltar
Mathlib.Algebra.Ring.Action.Pointwise.Finset	d0389a0b1737979c.ltar
Mathlib.CategoryTheory.Category.Cat.Limit	48d5339eac09b7f0.ltar
Mathlib.Topology.Order.Category.AlexDisc	e46b97ee7360ba1d.ltar
Mathlib.Order.Filter.AtTopBot.BigOperators	04ab9bf63d9562ee.ltar
Mathlib.Algebra.GCDMonoid.Multiset	113b32bb07006511.ltar
Mathlib.LinearAlgebra.Matrix.Determinant.TotallyUnimodular	4e3b2bffbcd48509.ltar
Mathlib.Algebra.Homology.TotalComplex	94fce0de6ce85dc1.ltar
Mathlib.Probability.Kernel.Disintegration.Density	b4aef354e62f70e4.ltar
Mathlib.RingTheory.OreLocalization.Basic	40f0839444db9d03.ltar
Mathlib.Combinatorics.Additive.ETransform	d6b9efcd36b9d889.ltar
Mathlib.GroupTheory.MonoidLocalization.Maps	b16100406808db5e.ltar
Mathlib.Analysis.Calculus.BumpFunction.SmoothApprox	d6df3248dd29dfac.ltar
Mathlib.Util.TermReduce	0ef08783b0d9d20b.ltar
Mathlib.RingTheory.HahnSeries.HEval	86549f17d7be4800.ltar
Mathlib.RingTheory.DedekindDomain.PID	e40673b7f4c2e5b0.ltar
Mathlib.GroupTheory.FreeGroup.GeneratorEquiv	73db983a1609ea95.ltar
Mathlib.Algebra.Homology.HomotopyCategory.DegreewiseSplit	85aa59388ff0f893.ltar
Mathlib.Algebra.Lie.Character	b1cca076c3d29976.ltar
Mathlib.Topology.VectorBundle.Constructions	af446e7ec8463ee0.ltar
Batteries.Lean.Position	7cff2897a9037c0e.ltar
Mathlib.AlgebraicGeometry.Sites.SmallAffineZariski	b8c5e3c6c80669ab.ltar
Mathlib.Analysis.Normed.Lp.SmoothApprox	5a5f2ae7076461fd.ltar
Mathlib.Algebra.Field.GeomSum	f70fdefd93d3b045.ltar
Mathlib.Algebra.Category.ModuleCat.EpiMono	1f3e2ac53a035fbc.ltar
Mathlib.CategoryTheory.Functor.CurryingThree	7493dc473ffd5fc3.ltar
Mathlib.Tactic.Linarith.NNRealPreprocessor	a662e3cee64f2fe7.ltar
Mathlib.Algebra.Group.Embedding	94f7ae9e7378c6c5.ltar
Mathlib.Data.ENNReal.Holder	1805ac322612a704.ltar
Mathlib.CategoryTheory.Filtered.Final	1f2f6ee319f6b5db.ltar
Mathlib.RingTheory.Spectrum.Maximal.Basic	474bc6e666e382c4.ltar
Batteries.Lean.HashSet	80e87e88053ce2a2.ltar
Mathlib.Data.Vector.Snoc	ef14d6a562feed33.ltar
Mathlib.Topology.Order.Basic	4ee06210a3497b97.ltar
Mathlib.Order.WellFounded	5545dc36384cd9d8.ltar
Mathlib.CategoryTheory.Limits.Constructions.EventuallyConstant	b1eedffaa9ea7ed7.ltar
Mathlib.Combinatorics.SimpleGraph.Circulant	6a595278ca308f78.ltar
Mathlib.Analysis.InnerProductSpace.Convex	3750409711967dfe.ltar
Mathlib.Topology.Defs.Induced	a77974ea750546a3.ltar
Mathlib.LinearAlgebra.Matrix.Orthogonal	fdedcc2981792442.ltar
Mathlib.Data.Multiset.Fold	49beea4d84b7096e.ltar
Mathlib.CategoryTheory.Sites.LeftExact	d0bb88e5ac39cc35.ltar
Mathlib.Order.Interval.Finset.DenselyOrdered	136a39cca0f12c74.ltar
Mathlib.Algebra.Homology.ShortComplex.QuasiIso	23a43b5f091210e9.ltar
Mathlib.Algebra.Ring.Associated	5c22ca16df37e253.ltar
Mathlib.MeasureTheory.Function.ConditionalExpectation.Unique	3438db658302ab4d.ltar
Mathlib.Analysis.SpecialFunctions.RegularizedHypergeometric	3cde30502993dfd8.ltar
Mathlib.Algebra.Category.Ring.Basic	82f12345531ea5e9.ltar
Mathlib.AlgebraicGeometry.Morphisms.QuasiSeparated	265cbfab57c8accf.ltar
Mathlib.Algebra.Central.Basic	bda554e1f714ff5f.ltar
Mathlib.MeasureTheory.OuterMeasure.OfFunction	217eefce97711e6a.ltar
Mathlib.Algebra.Homology.Bifunctor	5fbb35918db3c38d.ltar
Mathlib.Analysis.LocallyConvex.ContinuousOfBounded	0ea78c2d12088f1b.ltar
Mathlib.RingTheory.Finiteness.FiniteTypeLocal	cdf9a62f506d186f.ltar
Mathlib.CategoryTheory.Bicategory.Monad.Basic	a4c4c7ff6a71304a.ltar
Mathlib.Algebra.Group.Pointwise.Set.ListOfFn	3b6bcb4e601cb1ca.ltar
Mathlib.Util.Qq	4f0ab5f05aec1905.ltar
Mathlib.RingTheory.FinitePresentation	cc1bd6542ac7599c.ltar
Mathlib.Data.Nat.Prime.Int	f27bba3020c12c89.ltar
Mathlib.Analysis.Convex.Cone.Dual	5a02ce6ee37c5c8c.ltar
Mathlib.Probability.Martingale.Upcrossing	f6211b0e10603730.ltar
Mathlib.Algebra.Order.Archimedean.Hom	e18badff3347ef40.ltar
Mathlib.Analysis.CStarAlgebra.Unitary.Maps	c68e6dba005ab904.ltar
Aesop.Search.Expansion.Basic	2338f25ae62ed0d0.ltar
Batteries.Data.UnionFind	92ea548254ae2c45.ltar
Mathlib.AlgebraicTopology.DoldKan.NReflectsIso	4354bac8d3dd9c87.ltar
Mathlib.MeasureTheory.SpecificCodomains.WithLp	e02077eb83217bf6.ltar
Mathlib.RingTheory.Finiteness.Nakayama	98eab23ee08da0a1.ltar
Mathlib.AlgebraicTopology.SimplicialSet.NonsingularColimit	1ca01ea21646dc89.ltar
Mathlib.MeasureTheory.Function.LpSpace.CompleteOfCompleteLp	1dce4fc58d97aa4c.ltar
Batteries.Lean.LawfulMonadLift	8be5deb0a6bf139a.ltar
Mathlib.Algebra.Group.ConjFinite	7b0d7ec622a3cad7.ltar
Mathlib.Analysis.Quaternion	890533ef4dd536d6.ltar
Mathlib.CategoryTheory.Preadditive.Comma	364fb5d12ea5d176.ltar
Mathlib.Algebra.Order.Ring.Canonical	4ad14937a1d90f17.ltar
Mathlib.CategoryTheory.Presentable.PreservesCardinalPresentable	c4b64b06f2657213.ltar
Mathlib.Geometry.Euclidean.Inversion.ImageHyperplane	51f8251caba32225.ltar
Mathlib.Analysis.Calculus.LocalExtr.Basic	747c5704d2d24217.ltar
Mathlib.Data.Int.Interval	53468b5c4b393665.ltar
Mathlib.Lean.Meta.RefinedDiscrTree.Initialize	8f8c6de9b7d1138c.ltar
Mathlib.Probability.StrongLaw	46e2615fe10baf8e.ltar
Mathlib.Algebra.Homology.Homotopy	81a71699b2cabb62.ltar
Mathlib.Algebra.Order.Monoid.Unbundled.ExistsOfLE	0782646028dc54fb.ltar
Mathlib.Algebra.CharP.LinearMaps	4e418c5c1efb2ff9.ltar
Mathlib.Data.Finset.NatAntidiagonal	00031c4ae7e1076c.ltar
Mathlib.CategoryTheory.ObjectProperty.FunctorCategory.PreservesLimits	cc30e50349c7c497.ltar
Mathlib.Topology.Algebra.Monoid.AddChar	02df4588066f9fe9.ltar
Mathlib.Algebra.Ring.Defs	eba660485e626f1b.ltar
Mathlib.Condensed.Light.Monoidal	788b77117612c25d.ltar
Mathlib.Algebra.Order.BigOperators.GroupWithZero.Finset	67520651e58c10d2.ltar
Mathlib.RingTheory.Polynomial.Vieta	144b0d74ac87dcdf.ltar
Mathlib.CategoryTheory.Limits.Shapes.SequentialProduct	c483f6fb25dfcd7b.ltar
Mathlib.Algebra.Order.Ring.Interval	bfb1282e15ff6fb2.ltar
Mathlib.RingTheory.Bialgebra.GroupLike	86de366bb830a44c.ltar
Mathlib.CategoryTheory.Sites.SheafCohomology.MayerVietoris	c9fa69813b114a05.ltar
Mathlib.Topology.Separation.AlexandrovDiscrete	7994d2d2e00e61f2.ltar
Mathlib.Topology.Algebra.IsUniformGroup.Basic	0b02b8c2ec98f3c3.ltar
Mathlib.Topology.Sets.CompactOpenCovered	96c6a7697c7239f4.ltar
Mathlib.Analysis.LocallyConvex.WithSeminorms	eda9f6dffc3d7b8b.ltar
Mathlib.CategoryTheory.Types.Monomorphisms	48f1452c31b0ba2a.ltar
Mathlib.NumberTheory.KummerDedekind	6dcbb11e56f25c81.ltar
Mathlib.LinearAlgebra.AffineSpace.Homogenization	f245632c2bfc2035.ltar
Mathlib.Analysis.Normed.Group.Continuity	e74efae5391d1c3d.ltar
Mathlib.Combinatorics.Additive.DoublingConst	7e0e30c2539f970b.ltar
Qq.Macro	3bdc6d2e9ae21b71.ltar
Mathlib.Order.CompleteLattice.PiLex	4a5f6238135a6395.ltar
Mathlib.Algebra.Star.SelfAdjoint	26a425c05c7f504f.ltar
Mathlib.Data.Int.Basic	e5ffc71ae9dc659d.ltar
Batteries.Lean.Meta.SavedState	08cf3eb9d3fd7d6a.ltar
Mathlib.CategoryTheory.FiberedCategory.HomLift	78766ad6b50c8523.ltar
Mathlib.Topology.Category.LightProfinite.Extend	6f2c0c7016fd6412.ltar
Mathlib.FieldTheory.SeparableClosure	710f46212db498cc.ltar
Mathlib.Data.Set.Operations	6fd70ba177a645c0.ltar
Mathlib.RingTheory.Flat.Domain	088b0fc75af3ce08.ltar
Mathlib.CategoryTheory.Monoidal.Closed.InternalCurrying	757bb76cd65ea313.ltar
Mathlib.RingTheory.Coprime.Basic	fd401cd16e71db85.ltar
Mathlib.CategoryTheory.Monoidal.Tor	a7354ae2c6750cae.ltar
Mathlib.RingTheory.Localization.AsSubring	9e9bed30cb5796e5.ltar
Mathlib.NumberTheory.DirichletCharacter.GaussSum	615e5455f0025f9a.ltar
Mathlib.RingTheory.Valuation.AlgebraInstances	0a5fc5d8d31ffcb5.ltar
Mathlib.Algebra.Notation.Prod	ee841246bffe7fac.ltar
Mathlib.Order.Partition.Equipartition	947a8c3fe88b08a2.ltar
Mathlib.Algebra.Category.ModuleCat.Products	5bda283562f73bc8.ltar
Mathlib.Topology.OpenPartialHomeomorph.Basic	7ca83f87daba05d7.ltar
Mathlib.FieldTheory.AbsoluteGaloisGroup	b86760e127da6439.ltar
Mathlib.Analysis.Meromorphic.FactorizedRational	449201eb5e0056e1.ltar
Mathlib.Basic.Countable.Small	fb0a25ae1a60b59d.ltar
Mathlib.Analysis.Calculus.ImplicitFunction.ProdDomain	89785ff76ef25ca2.ltar
Mathlib.Analysis.Convex.Strict.Extreme	125cafa13bd2aa1f.ltar
Mathlib.Analysis.Seminorm	7e7c325e4e80bf16.ltar
Mathlib.Probability.Independence.InfinitePi	6d89bfd782e29a1e.ltar
Mathlib.Geometry.Manifold.ConformalGroupoid	22714e70dfc4a4fa.ltar
Mathlib.RingTheory.Polynomial.ShiftedLegendre	c2a255dbf0180bcf.ltar
Mathlib.SetTheory.Cardinal.Arithmetic	a542593adadfe182.ltar
Mathlib.CategoryTheory.Monoidal.Closed.Types	2950e9d11f292f34.ltar
Mathlib.RepresentationTheory.Semisimple	5e4b2b6c2dd8de9f.ltar
Mathlib.CategoryTheory.Limits.Bicones	afef94281e85fc9e.ltar
Mathlib.Algebra.Algebra.Subalgebra.IsSimpleOrder	ffa8d2b4db9260b4.ltar
Mathlib.Tactic.Inclusion.Core.Core	9011fa5a3de8b334.ltar
Mathlib.Data.Fintype.OfMap	fa4567e3c1316af7.ltar
Mathlib.NumberTheory.FundamentalDiscriminant	42fbcad590874e61.ltar
Mathlib.Tactic.Echelon.Parsing	3bfeb82ec5c780f9.ltar
Mathlib.CategoryTheory.MarkovCategory.Basic	3a71cc7d5240788f.ltar
Mathlib.CategoryTheory.Adjunction.Triple	84a0bd7215784162.ltar
Mathlib.Algebra.Homology.QuasiIso	a5f5ae1360c6d149.ltar
Mathlib.RingTheory.SurjectiveOnStalks	2205399fd6cdc3ec.ltar
Mathlib.Analysis.Convex.ContinuousLinearEquiv	325e421b3efed0ca.ltar
Mathlib.Geometry.Euclidean.Angle.Unoriented.TriangleInequality	5233a18141bef3b2.ltar
Mathlib.Data.Vector.Defs	fd7ee15a10707ddf.ltar
Mathlib.CategoryTheory.Limits.Types.Multiequalizer	f5e24adf0a10efc9.ltar
Mathlib.Control.Traversable.Lemmas	06cf3ff133c0aaf8.ltar
Mathlib.RingTheory.SimpleModule.Isotypic	81442cc33b774ed2.ltar
Mathlib.NumberTheory.LegendreSymbol.QuadraticReciprocity	3faa580cd3ab09bf.ltar
Mathlib.LinearAlgebra.DFinsupp	952a31a868f62e68.ltar
Mathlib.NumberTheory.ModularForms.QExpansion	bd98df922f236560.ltar
Mathlib.Data.Nat.Choose.Consecutive	144a8282156d970e.ltar
Mathlib.Data.Quot	d6d5f3c49a248213.ltar
Mathlib.CategoryTheory.Generator.Indization	9f94ec957d1b9f29.ltar
Mathlib.Topology.Order.Hom.Esakia	97cbbbe0f55d1d77.ltar
Mathlib.Topology.Order.SuccPred	268c46391ff39357.ltar
LeanSearchClient.Syntax	45b535c94c218dcb.ltar
Aesop.Builder.Basic	fee58ee0715a5846.ltar
Mathlib.CategoryTheory.Limits.FormalCoproducts.ExtraDegeneracy	9a3d7f4b274982bb.ltar
Mathlib.Algebra.Group.AddChar	201b3910d80d8b0a.ltar
Mathlib.Analysis.Normed.Operator.Compact	1efa7c3c9746258d.ltar
Mathlib.Analysis.Complex.UpperHalfPlane.Manifold	ab9b36979dea350b.ltar
Mathlib.FieldTheory.Galois.Profinite	1049e9e5f96d3254.ltar
Mathlib.Probability.Kernel.MeasurableIntegral	cb131731cf854791.ltar
Mathlib.Analysis.Convex.Exposed	48b2b65cc857ce0f.ltar
Mathlib.Analysis.Normed.Operator.Asymptotics	b812e341392451ca.ltar
Mathlib.Analysis.CStarAlgebra.ContinuousFunctionalCalculus.Unitary	1e751fee59198f87.ltar
Mathlib.CategoryTheory.Localization.Preadditive	a510e2cf23a85cb3.ltar
Mathlib.Tactic.WithoutCDot	d9e7789d222f9b97.ltar
Mathlib.LinearAlgebra.Eigenspace.Pi	282d4a32edd36fa3.ltar
Mathlib.Analysis.Calculus.FDeriv.ContinuousMultilinearMap	531b3daf94e881ea.ltar
Mathlib.CategoryTheory.Localization.DerivabilityStructure.PointwiseRightDerived	88fac87c2166a35b.ltar
Mathlib.Geometry.Convex.Cone.Face.Basic	33ee2012425f0083.ltar
Mathlib.Data.DFinsupp.Encodable	ba18ed1e55250431.ltar
Mathlib.Data.Int.GCD	16d039dce2ccfcc7.ltar
Mathlib.LinearAlgebra.Matrix.PosDef	459d5b185dc83301.ltar
Mathlib.Algebra.Homology.BifunctorAssociator	4d93efdb1e355a59.ltar
Mathlib.Algebra.ContinuedFractions.Computation.TerminatesIffRat	95cffc58fe238b9c.ltar
Mathlib.Data.Matrix.Auto	8d3e0844ad627fc8.ltar
Aesop.Stats.Extension	bfaa62eb6feb1afe.ltar
Batteries.Data.Array.Merge	cd2643272ee4cc05.ltar
Mathlib.Tactic.Linter.UnusedTactic	c3bbc9b38db9e5c8.ltar
Mathlib.Algebra.CharP.Algebra	1a742de666e2810d.ltar
Mathlib.Logic.Function.OfArity	a60a364658a1403b.ltar
Mathlib.CategoryTheory.Triangulated.WeakKernels	192a79f09a0d6167.ltar
Mathlib.Algebra.Homology.ShortComplex.Homology	bb3676d5f3113cb1.ltar
Mathlib.Topology.Sets.VietorisTopology	34f67e5f3bb51f69.ltar
Mathlib.Tactic.StacksAttribute	521bae793c2c2c50.ltar
Mathlib.Data.List.ModifyLast	b50c9c8ffbaf6cec.ltar
Mathlib.Topology.Metrizable.Urysohn	e951b45b572ddc31.ltar
Mathlib.RingTheory.OreLocalization.Cardinality	70e0578047dc5d67.ltar
Mathlib.SetTheory.Cardinal.Cofinality.Club	10a6d40f83bb4fdf.ltar
Mathlib.Analysis.Normed.Unbundled.InvariantExtension	39e89c6ef85fcb38.ltar
Mathlib.Geometry.Euclidean.Volume.Measure	c8267f062bd776d7.ltar
Mathlib.MeasureTheory.Integral.CircleIntegral	e0f40c818910556b.ltar
Mathlib.RingTheory.Invariant.Profinite	045fe58d80dcffb3.ltar
Mathlib.Algebra.Order.Ring.Finset	d3047d3bbb460c98.ltar
Mathlib.CategoryTheory.Limits.Shapes.MultiequalizerPullback	90ad1ca15001053e.ltar
Mathlib.CategoryTheory.Triangulated.Opposite.Functor	c2b71343b62080ea.ltar
Mathlib.Order.Filter.FilterProduct	0432bc9c046b3041.ltar
Mathlib.Algebra.BigOperators.Group.List.Basic	02148bea81de6c85.ltar
ImportGraph.Lean.Environment	9e0bbc66cecced36.ltar
Mathlib.Analysis.Convex.Measure	62792e3d03513665.ltar
Mathlib.Order.KonigLemma	5e6da3b1c8224246.ltar
Mathlib.NumberTheory.Padics.PadicVal.Defs	da9e5b5adc3c09a3.ltar
Mathlib.Algebra.Category.ModuleCat.Kernels	ee969c3baa08b5e7.ltar
Mathlib.AlgebraicTopology.SimplicialSet.RegularEpi	f72a9dec9ac450ca.ltar
Mathlib.Algebra.Lie.CartanCriterion	08ef2279318c3b1d.ltar
Mathlib.CategoryTheory.Sites.MayerVietorisSquare	dc8bfdc6911994f9.ltar
Mathlib.Order.Extension.Well	ad4c68b8203727ac.ltar
Mathlib.CategoryTheory.IsConnected	2a88ab5962f99c0f.ltar
Mathlib.MeasureTheory.Function.UniformIntegrable	38bb5c33f8e01d30.ltar
Batteries.Classes.SatisfiesM	114f355dfdd6084e.ltar
Mathlib.AlgebraicGeometry.Morphisms.Smooth	032b3d5afe25176f.ltar
Mathlib.Algebra.Azumaya.Basic	4be800e4567ad605.ltar
Mathlib.Tactic.ProdAssoc	63071aebe7aa3c85.ltar
Mathlib.SetTheory.Ordinal.Rank	87daca19d22e1303.ltar
Mathlib.Data.Nat.WithBot	8eb159d3a24f99e8.ltar
Mathlib.Data.Prod.Lex	e601b3a1c0edced0.ltar
Mathlib.Analysis.Normed.Module.Alternating.Basic	ac70ccdf278648d7.ltar
Mathlib.AlgebraicTopology.SimplexCategory.Rev	525e20ed23256c39.ltar
Mathlib.RepresentationTheory.Irreducible	a4828fa58119be94.ltar
Mathlib.LinearAlgebra.Matrix.Ideal	63ca377623fc90ff.ltar
Mathlib.Tactic.ClickSuggestions.GRewrite	82233947121f6f73.ltar
Mathlib.Topology.UniformSpace.Ultra.Basic	357d7d02e58a1383.ltar
Mathlib.Topology.Algebra.ConstMulAction	13adfc8529bdd81f.ltar
Mathlib.Order.Filter.CardinalInter	8ef0952264fe83f1.ltar
Mathlib.Algebra.Order.Ring.Units	2529b38754b6f566.ltar
Mathlib.MeasureTheory.Integral.Gamma	b08e5bd6c548f6a3.ltar
Mathlib.RingTheory.Congruence.Hom	4561f5054e028e59.ltar
Mathlib.LinearAlgebra.QuadraticForm.Basic	4f22c8f12c568abb.ltar
Mathlib.CategoryTheory.Bicategory.Functor.LocallyDiscrete	3f82f37ab76533eb.ltar
Mathlib.Analysis.SpecialFunctions.ContinuousFunctionalCalculus.Rpow.IntegralRepresentation	0deb86d8a22d5010.ltar
Mathlib.Combinatorics.Additive.SubsetSum	d3d2fbe10c589f01.ltar
Mathlib.LinearAlgebra.QuadraticForm.QuadraticModuleCat.Monoidal	3c5232e6fc182ab3.ltar
Mathlib.RingTheory.RingHomProperties	8ee5871f8b0fdf81.ltar
Mathlib.CategoryTheory.Limits.Shapes.Equalizers	db0668a681d6b749.ltar
Mathlib.CategoryTheory.Adjunction.Additive	dfce64e9dfb5f4bf.ltar
Mathlib.NumberTheory.NumberField.CanonicalEmbedding.ConvexBody	9503c950022ba5dd.ltar
Mathlib.CategoryTheory.Category.ULift	79a0a71338a907d1.ltar
Mathlib.Algebra.Order.Ring.NNRat	44f084766d200c78.ltar
Mathlib.FieldTheory.Tower	5df211fc709f7810.ltar
Mathlib.CategoryTheory.Presentable.Limits	693d2c968a52d456.ltar
Mathlib.AlgebraicTopology.SimplicialCategory.Basic	6274b430b22fc314.ltar
Mathlib.SetTheory.Ordinal.Notation	72777f4ccb7757ee.ltar
Mathlib.CategoryTheory.ConcreteCategory.Basic	17fa210b60220083.ltar
Mathlib.CategoryTheory.Preadditive.OfBiproducts	69ba83451e15dd27.ltar
Mathlib.RingTheory.MvPolynomial.WeightedHomogeneous	7e87060ff4abd07c.ltar
Mathlib.Algebra.Homology.EulerCharacteristic	22940c6577ac8eb7.ltar
Mathlib.Algebra.Category.Grp.Preadditive	a830631df74fa2ab.ltar
Mathlib.Analysis.Complex.Liouville	45db14272aa44be0.ltar
Mathlib.Algebra.Group.Hom.Instances	f6defee583b75fc0.ltar
Mathlib.Data.Finsupp.Encodable	0d4815e489b7ce3d.ltar
Mathlib.Order.IsNormal	068bd43ba270d8a1.ltar
Mathlib.CategoryTheory.Abelian.EpiWithInjectiveKernel	a7bb5637e6bf6dac.ltar
Mathlib.Order.Filter.Extr	ccc3c84678dae9b8.ltar
Mathlib.Algebra.Star.Rat	cb66a68f08ea6d98.ltar
Mathlib.Geometry.Manifold.Algebra.SmoothFunctions	3e512703a16e85c9.ltar
Mathlib.Computability.TuringDegree	5101599db07cba70.ltar
Mathlib.AlgebraicGeometry.Morphisms.Basic	15b4429092e36b6b.ltar
Mathlib.NumberTheory.Padics.PadicVal.Basic	26d365c2337763bb.ltar
Mathlib.Combinatorics.SimpleGraph.Connectivity.WalkDecomp	9d7df8f7e00eda06.ltar
Mathlib.Tactic.Inhabit	10aba3015bccac02.ltar
Mathlib.Algebra.Group.Action.Pretransitive	22310336daa53089.ltar
Mathlib.Algebra.Lie.Submodule	5bd747d54d71e596.ltar
Mathlib.Algebra.Module.Torsion.Free	852ee7042ef83f78.ltar
Mathlib.Algebra.Category.MonCat.Shrink	239f552199a92c28.ltar
Mathlib.MeasureTheory.Integral.IntervalAverage	855d222ee6101474.ltar
Mathlib.GroupTheory.RegularWreathProduct	7d8b97db97008820.ltar
Mathlib.Algebra.Ring.IsFormallyReal	3a2feae5eca70006.ltar
Mathlib.RingTheory.Binomial	6b1061d2ab7cf180.ltar
Mathlib.Analysis.Calculus.ContDiff.WithLp	c425ac5a5e68fb9e.ltar
Mathlib.GroupTheory.FreeGroup.NielsenSchreier	6f92e7d279ca76ce.ltar
Batteries.Linter.UnnecessarySeqFocus	2473fdeb40c8ade7.ltar
Mathlib.RingTheory.Finiteness.NilpotentKer	8d7e56525afe45cc.ltar
Mathlib.Data.ZMod.ValMinAbs	1bba12fbcbc03f37.ltar
Mathlib.Algebra.Category.ModuleCat.Sheaf.Colimits	46b7bcad8ab0fd9a.ltar
Mathlib.Data.PNat.Notation	bf35d999ee6fa1d1.ltar
Mathlib.CategoryTheory.Sites.ConstantSheaf	656c40cf5679097e.ltar
Mathlib.CategoryTheory.Sites.Coherent.ReflectsPrecoherent	c3baf56aae81672b.ltar
Mathlib.Order.Category.FinPartOrd	c2b3d1739c47634f.ltar
Mathlib.Algebra.Algebra.NonUnitalHom	c05217255050e143.ltar
Mathlib.RingTheory.Etale.Finite	36ac6abaa15f7d7f.ltar
Mathlib.CategoryTheory.ObjectProperty.ContainsZero	4a6577bad0732450.ltar
Mathlib.Analysis.Calculus.Monotone	36f3a911245a10ae.ltar
Mathlib.LinearAlgebra.Eigenspace.Zero	6cecc2e33b4ba314.ltar
Mathlib.Probability.Distributions.Bernoulli	1ab55b598eefe22b.ltar
Mathlib.Algebra.Homology.Factorizations.CM5a	25ae9f3294ab1d7f.ltar
Mathlib.Probability.Kernel.Proper	65891226f8e0eda1.ltar
Mathlib.MeasureTheory.SpecificCodomains.ContinuousMap	44b727cc6960386c.ltar
Mathlib.Order.Bounds.Defs	4e10017ea386f0d6.ltar
Mathlib.Algebra.BigOperators.Ring.Finset	7bd43a4a7aecce9b.ltar
Mathlib.Algebra.Module.LinearMap.DivisionRing	d66b4a92b2827270.ltar
Mathlib.RingTheory.Spectrum.Prime.RingHom	61f8c8a5eb7f23f5.ltar
Mathlib.Probability.Moments.Basic	4c61e8f09c141d53.ltar
Mathlib.GroupTheory.Nilpotent	50a632ca8653d15d.ltar
Mathlib.Analysis.InnerProductSpace.Calculus	ebad2979ac2c87d7.ltar
Mathlib.Tactic.Echelon.Zsqrtd	53e7776296f5ea88.ltar
Mathlib.Order.Bounds.OrderIso	cf28d18eb27f935d.ltar
Mathlib.NumberTheory.NumberField.Completion.FinitePlace	ccdc3b80d00d4933.ltar
Mathlib.Algebra.Category.Grp.Images	81e9fce71469e166.ltar
Batteries.Control.LawfulMonadState	2a4f25a946b3b6c1.ltar
Mathlib.Algebra.Order.Pi	289855cb4fbc53b5.ltar
Mathlib.Algebra.Ring.Subsemiring.Pointwise	e743ec457a6382c4.ltar
Mathlib.CategoryTheory.Limits.Cones	c6536bdbae2e1ed1.ltar
Mathlib.Tactic.NormNum.Result	ffbcd2492cf20333.ltar
Mathlib.Topology.Category.TopCat.EffectiveEpi	ca8020c8590d4002.ltar
Mathlib.CategoryTheory.DifferentialObject	c0275887008001e9.ltar
Mathlib.RingTheory.DedekindDomain.Factorization	bc8ce7593690623d.ltar
Mathlib.Tactic.NormNum.BigOperators	9f0f7497c6f99c9e.ltar
Mathlib.Algebra.Category.Grp.ForgetCorepresentable	b4fa3dd160eb2d3d.ltar
Mathlib.Algebra.FreeMonoid.FreeSemigroup	1cf75f9e84a59a57.ltar
Mathlib.Algebra.Homology.FullSubcategory	88dd415281b08ccc.ltar
Mathlib.Data.Set.Pairwise.Chain	78aaee7652112464.ltar
Mathlib.LinearAlgebra.Quotient.Defs	f5630f54954e43f0.ltar
Mathlib.Algebra.Module.LocalizedModule.Basic	f35279fffe4cb83a.ltar
Mathlib.LinearAlgebra.TensorProduct.Basis	4910554a4a785d96.ltar
Mathlib.CategoryTheory.Limits.Preserves.Shapes.Square	a927bbb2c8d0e3b0.ltar
Mathlib.Algebra.ContinuedFractions.Computation.Approximations	06f0bfc00f7fddba.ltar
Mathlib.Analysis.Calculus.IteratedDeriv.Lemmas	ea75c8ddbdf69c31.ltar
Mathlib.Data.Fintype.Order	b407bf275f0c9597.ltar
Mathlib.LinearAlgebra.Basis.Cardinality	0a79e8c62687d1fc.ltar
Mathlib.Algebra.Ring.Divisibility.Basic	c3fda48584ad8f43.ltar
Mathlib.Topology.UniformSpace.HeineCantor	c91c1a1a0428d6a4.ltar
Mathlib.Combinatorics.SimpleGraph.Connectivity.Subgraph	96f8518b8ef54b1b.ltar
Mathlib.RingTheory.HahnSeries.Cardinal	93a0a224f2b7b85a.ltar
Batteries.Data.Array.Basic	51225f5e52134ac0.ltar
Mathlib.Algebra.Category.ModuleCat.Limits	0c4ec4ae73fbecaa.ltar
Mathlib.Analysis.Convex.Strong	db52e18f82a97358.ltar
Mathlib.NumberTheory.RamificationInertia.Unramified	2079eabddd4ec1b5.ltar
Mathlib.Order.Category.Frm	5ef8cf702680be4f.ltar
Mathlib.CategoryTheory.Action	5a035715214f7a06.ltar
Mathlib.Algebra.Homology.Refinements	335a24ce6c3f8e44.ltar
Mathlib.Topology.Algebra.Ring.Compact	1527895d8a561dc7.ltar
Mathlib.RingTheory.GradedAlgebra.Homogeneous.Subsemiring	5f7e2fadb0ab0187.ltar
Mathlib.Combinatorics.Enumerative.Pentagonal.Basic	f23786b8b05de327.ltar
Mathlib.Data.List.SplitBy	74546fb59bc56190.ltar
Mathlib.Algebra.Colimit.Module	9efa464619d1045a.ltar
Mathlib.Algebra.Category.ModuleCat.Presheaf.Pushforward	25630dcfcb849b42.ltar
Mathlib.Data.Int.WithZero	db58fa544ee4caf1.ltar
Mathlib.Probability.Distributions.Gaussian.IsGaussianProcess.Independence	dd42be9cfafe3a32.ltar
Mathlib.Algebra.GroupWithZero.Action.Basic	7850fe0445792303.ltar
Mathlib.Analysis.Convex.Star	081f0e1298851d7e.ltar
Mathlib.LinearAlgebra.FixedSubmodule	b4fc161ecd842eb7.ltar
Mathlib.Order.Interval.Set.SuccPred	29e393ccf1aa6b30.ltar
Mathlib.CategoryTheory.Monoidal.Cartesian.Ring	ea97f4253c911eee.ltar
Mathlib.AlgebraicTopology.DoldKan.Faces	98f3ae471a50a4a3.ltar
Mathlib.GroupTheory.GroupAction.Pointwise	a418f1b88dd059c9.ltar
Mathlib.MeasureTheory.Group.Measure	e4c452531de31883.ltar
Mathlib.Geometry.Manifold.GroupLieAlgebra	11be618a797fb107.ltar
Mathlib.Algebra.Homology.ShortComplex.RightHomology	0f98936d4b2603e9.ltar
Mathlib.GroupTheory.Congruence.Star	fa21c349ed637cc1.ltar
Mathlib.RingTheory.Polynomial.Cyclotomic.Roots	a43cd746f599bb2a.ltar
Mathlib.Tactic.Simproc.ExistsAndEq	85afbd140b71fe9f.ltar
Aesop.Forward.Substitution	16e1de0c9d044940.ltar
Mathlib.RingTheory.HopfAlgebra.Quotient	574e24f63d8ff297.ltar
Mathlib.CategoryTheory.Limits.Shapes.Pullback.Categorical.CatCospanTransform	d1d705cdbd9fc0ed.ltar
Mathlib.Algebra.Module.Shrink	4ba53c0914f62e42.ltar
Mathlib.RingTheory.DedekindDomain.LinearDisjoint	ca5b6ec5bb378a8c.ltar
Mathlib.Analysis.MeanInequalities	63b5d94a534f8274.ltar
Mathlib.Tactic.BDSimp	0783f60cd34b40a3.ltar
Mathlib.Algebra.GCDMonoid.PUnit	4d4bfbf7bc0123db.ltar
Mathlib.Algebra.Module.Presentation.Tautological	ecc8eea1fdca9660.ltar
Mathlib.Tactic.Algebra.Basic	0ebcaee48563a72c.ltar
Mathlib.Tactic.CategoryTheory.Bicategory.PureCoherence	161062eb19336d1e.ltar
Mathlib.MeasureTheory.Function.LpSeminorm.Count	09eb26a13eb10713.ltar
Mathlib.CategoryTheory.Abelian.Indization	c15338c3f56e179e.ltar
Mathlib.Data.Nat.Choose.Multinomial	68d826d36047539c.ltar
Mathlib.CategoryTheory.EssentialImage	da00e3bb676af9ef.ltar
Mathlib.NumberTheory.ModularForms.Delta	15c2bb91751d905b.ltar
Mathlib.RingTheory.IsTensorProduct	f0e2b1dd6beec0b1.ltar
Mathlib.CategoryTheory.Sites.Hypercover.SheafOfTypes	62ec25c4cc3d1620.ltar
Mathlib.Combinatorics.SimpleGraph.Walk.Subwalks	6ae656c2fc4d30f5.ltar
Mathlib.GroupTheory.Perm.Subgroup	180256c896634c72.ltar
Mathlib.Combinatorics.SimpleGraph.Hamiltonian	1659d3e1af5d0fbb.ltar
Mathlib.Analysis.Normed.Field.UnitBall	7f36b961bc965311.ltar
Mathlib.Tactic.CasesM	30afd6e7f9578dfa.ltar
Mathlib.Order.Filter.CountableSeparatingOn	8fa1ca36e9d6f319.ltar
Aesop.RuleTac.GoalDiff	2ac91eecdc05a425.ltar
Mathlib.Order.SetIsMax	a8ea57e626e60830.ltar
Mathlib.Algebra.Homology.DerivedCategory.Ext.ExactSequences	6403904b3315f462.ltar
Mathlib.Algebra.Homology.DerivedCategory.KInjective	8ac0e9b3d803d0f7.ltar
Mathlib.AlgebraicTopology.ModelCategory.PathObject	e6e38cf7812e7863.ltar
Mathlib.CategoryTheory.Idempotents.Karoubi	123ee75e36768d2b.ltar
Mathlib.Topology.Category.CompactlyGenerated	3b1786dfbff4e4fb.ltar
Mathlib.NumberTheory.ModularForms.EisensteinSeries.E2.Summable	3cc1dba9c8f1c4ee.ltar
Mathlib.MeasureTheory.Function.Jacobian	feae981d930e0f51.ltar
Mathlib.RepresentationTheory.Rep.Basic	a8f0577b799a1b4f.ltar
Mathlib.Algebra.Homology.ImageToKernel	7f06bdafb95461f6.ltar
Mathlib.Topology.Sheaves.Sheafify	fb762892f6e9d04e.ltar
Mathlib.SetTheory.Cardinal.Pigeonhole	322e5e7791ec14b7.ltar
Mathlib.Order.PrimeIdeal	890e8882275ca36f.ltar
Mathlib.Data.PNat.Factors	8cf42fa378c3c399.ltar
Mathlib.CategoryTheory.Generator.Preadditive	bcf93a8427b601b1.ltar
Mathlib.RingTheory.Extension.Presentation.Core	3fd0e5550990a1ad.ltar
Mathlib.Analysis.Normed.Group.ZeroAtInfty	70871172f3ef8064.ltar
Mathlib.LinearAlgebra.Dimension.LinearMap	9ee29c4abb5986e1.ltar
Mathlib.Condensed.TopCatAdjunction	9727fc677078f588.ltar
Mathlib.Tactic.Linter.Lint	1bde84691f64dfde.ltar
Mathlib.AlgebraicTopology.ModelCategory.BrownLemma	a45b03e0f8be018c.ltar
Mathlib.Order.CompactlyGenerated.Intervals	a4d3a8c22860b187.ltar
Mathlib.Algebra.Group.Pointwise.Set.Finite	dec319099a70c6ce.ltar
Mathlib.Algebra.Group.Pointwise.Set.SelfInv	e3a8d5897885588c.ltar
Mathlib.CategoryTheory.Adjunction.Restrict	1953e36c8f869417.ltar
Mathlib.Algebra.Order.Star.Pi	4e877142573bfe08.ltar
Mathlib.Algebra.RingQuot	8c00fc47c7eb529b.ltar
Mathlib.RingTheory.Extension.Cotangent.Free	d18a81acf8a99581.ltar
Mathlib.LinearAlgebra.RootSystem.WeylGroup	59b23b379f657051.ltar
Mathlib.RingTheory.ClassGroup.Basic	5a3788d5ecfeaa74.ltar
Mathlib.MeasureTheory.VectorMeasure.Basic	9c8fd03bcff34fd9.ltar
Mathlib.Logic.Encodable.Lattice	f6577cf971f29056.ltar
Mathlib.Tactic.Linter.EmptyLine	912e4187d9526252.ltar
Mathlib.Algebra.Divisibility.Finite	3553ad00df87f638.ltar
Mathlib.CategoryTheory.Sites.ConcreteSheafification	1363ebd84f147b61.ltar
Mathlib.Algebra.Algebra.Subalgebra.Lattice	e15204dc5b8bfd0f.ltar
Mathlib.CategoryTheory.SmallObject.Iteration.FunctorOfCocone	80e2e705bc0e8039.ltar
Mathlib.Combinatorics.Matroid.Circuit	9e2f81878c470233.ltar
Mathlib.Data.Multiset.FinsetOps	6db8b35f9ffb0faa.ltar
Mathlib.Topology.MetricSpace.DilationEquiv	98eb4cc850ef006f.ltar
Mathlib.Control.Combinators	10c17bef48220b8e.ltar
Mathlib.Analysis.SpecialFunctions.PolynomialExp	7eb060df7de879c5.ltar
Mathlib.Topology.LocalAtTarget	a9f1ee1270323391.ltar
Mathlib.Algebra.Ring.Int.Parity	3eebcdfdd97383d5.ltar
Mathlib.Algebra.AffineMonoid.UniqueSums	350020d0e203b34f.ltar
Mathlib.Algebra.GroupWithZero.Semiconj	174c880b35844690.ltar
Mathlib.CategoryTheory.Monoidal.Cartesian.ShrinkYoneda	ade926fc766b7cfe.ltar
Batteries.CodeAction.Match	791bdb15b7b8d0ec.ltar
Mathlib.MeasureTheory.MeasurableSpace.MeasurablyGenerated	91c1a1f6638a28ab.ltar
Mathlib.Algebra.Notation.Pi.Defs	43817878ec1da4a7.ltar
Mathlib.Analysis.Normed.Module.RCLike.Real	c118c158defe0e3d.ltar
Mathlib.RingTheory.UniqueFactorizationDomain.Nat	fa9d083026cedb1f.ltar
Mathlib.CategoryTheory.Limits.Shapes.Pullback.PullbackCone	b351f258aa714e5b.ltar
Mathlib.Data.Int.Order.Basic	69bd2f958f1f3bc9.ltar
Mathlib.MeasureTheory.Order.Group.Lattice	b772455532bcf594.ltar
Mathlib.Algebra.Algebra.Subalgebra.Operations	930bea3462990dc9.ltar
Mathlib.GroupTheory.PresentedGroup	6958811182290cf8.ltar
Mathlib.Geometry.Euclidean.NinePointCircle	75a3c6fbca1a6105.ltar
Mathlib.Order.Preorder.Finsupp	f122010bf3f9a272.ltar
Mathlib.Algebra.Group.WithOne.Basic	24589b8132bc057c.ltar
Mathlib.Topology.MetricSpace.Ultra.Pi	db481c257d2cf500.ltar
Mathlib.LinearAlgebra.LinearIndependent.Basic	dc4771a814686c44.ltar
Mathlib.Topology.Algebra.FilterBasis	5eb771e44b084f83.ltar
Mathlib.Tactic.GRewrite.Core	ad1d845f6aed0907.ltar
Mathlib.MeasureTheory.Constructions.BorelSpace.ContinuousLinearMap	1e72ee05f2c211af.ltar
Batteries.Lean.Syntax	7859c95864138b93.ltar
Mathlib.CategoryTheory.Limits.Shapes.Countable	3edae4d8b00272f1.ltar
Mathlib.Topology.ContinuousMap.Bounded.ArzelaAscoli	dbe56eeb5cedd73a.ltar
Mathlib.AlgebraicTopology.SimplicialSet.KanComplex	721946457d22fe72.ltar
Mathlib.Algebra.Order.Module.Synonym	3d75ac23b2a16c13.ltar
Mathlib.Topology.Category.Profinite.Product	6d67f60e1eef90bb.ltar
Mathlib.CategoryTheory.Limits.Shapes.Preorder.WellOrderContinuous	a7b4bd14ff0d86df.ltar
Mathlib.Analysis.Normed.Module.PiTensorProduct.InjectiveSeminorm	5462bf7aba40d523.ltar
Mathlib.Data.List.Perm.Lattice	bb49e569f0a8ed75.ltar
Mathlib.CategoryTheory.Sites.Coherent.LocallySurjective	39537147e53a3f33.ltar
Mathlib.CategoryTheory.Limits.Connected	ab958331153e61d6.ltar
Mathlib.LinearAlgebra.BilinearForm.Properties	82ac3a773efc98d5.ltar
Mathlib.Analysis.Normed.Ring.InfiniteProd	22aa57774f43ac8c.ltar
Mathlib.Topology.Gluing	36b5ee743c863665.ltar
Mathlib.Algebra.Algebra.Subalgebra.Unitization	cce55298256d5073.ltar
Mathlib.Topology.Algebra.Ring.Basic	815b8619f7d3de71.ltar
Mathlib.Order.SaddlePoint	72e9440e195dc997.ltar
Mathlib.RingTheory.IntegralClosure.IsIntegral.Basic	7e194bb5799ea950.ltar
Mathlib.Algebra.Lie.Graded	a3efba8434011b01.ltar
Mathlib.GroupTheory.ArchimedeanDensely	42d97394714070f4.ltar
Mathlib.Topology.Algebra.Indicator	580e0efee12dd708.ltar
ProofWidgets.Component.PenroseDiagram	3abe1978c67304a1.ltar
Mathlib.NumberTheory.Cyclotomic.Discriminant	1fde15277a4295e2.ltar
Mathlib.Algebra.Homology.HomotopyCategory.Shift	a4b3c00ee9ecb18a.ltar
Mathlib.RingTheory.MvPolynomial.Symmetric.Eval	ef7defc025299d8c.ltar
Mathlib.Algebra.GroupWithZero.Action.Prod	904c26f9e7afbfbf.ltar
Mathlib.Topology.ContinuousMap.Weierstrass	c47cef0be6589e8c.ltar
Mathlib.CategoryTheory.Bicategory.Product	860df6af4661023d.ltar
Mathlib.Order.Nucleus	6762a9887773483c.ltar
Mathlib.MeasureTheory.MeasurableSpace.PreorderRestrict	f439e1475c3e1792.ltar
Mathlib.NumberTheory.Height.Basic	5d14c5a301a55013.ltar
Mathlib.Analysis.ODE.DiscreteGronwall	4ba86fa76de178e8.ltar
Mathlib.Algebra.GroupWithZero.Associated	260553bc07238b5b.ltar
Mathlib.Tactic.Polyrith	c8578062176df5e4.ltar
Mathlib.CategoryTheory.Sites.Precoverage	fffb4bc73e72e311.ltar
Mathlib.Topology.MetricSpace.IsometricSMul	cc5096d4bb4fb8f1.ltar
Mathlib.Order.Hom.BoundedLattice	86f18a1eb5aacf35.ltar
Mathlib.Data.W.Constructions	eca9dcbcaa45a340.ltar
Mathlib.Data.List.Sym	751f5e3994ad60a2.ltar
Batteries.Util.ProofWanted	5fc941b4acf01087.ltar
Mathlib.Algebra.MvPolynomial.Invertible	e619403bda5f2889.ltar
Mathlib.MeasureTheory.VectorMeasure.Prod	61ffe99409c27b1d.ltar
Mathlib.NumberTheory.Height.Projectivization	a7a83ffe432e2eb1.ltar
Mathlib.Probability.Moments.CovarianceBilinDual	5620fb014554d268.ltar
Mathlib.GroupTheory.MonoidLocalization.Away	3eaf02a65373d95f.ltar
Mathlib.Topology.TietzeExtension	adaae16a95902e96.ltar
Mathlib.Algebra.Ring.Commute	b8991e766c5a0f66.ltar
Mathlib.Data.Nat.Set	7909420b413022e1.ltar
Mathlib.RingTheory.Valuation.Discrete.IsDiscreteValuationRing	dd0314b326d3f9e6.ltar
Mathlib.Topology.Category.CompHaus.EffectiveEpi	e973c157e5462c63.ltar
Mathlib.Geometry.RingedSpace.Stalks	17165df0d3c80d7f.ltar
Mathlib.Analysis.Matrix.MeasurableSpace	4572c4ff1e9fed85.ltar
Aesop.BaseM	75b40b61c30dd408.ltar
Mathlib.MeasureTheory.Integral.FinMeasAdditive	f86c92ac6db5875e.ltar
Mathlib.RingTheory.Spectrum.Prime.Homeomorph	d29edd5f717bae0d.ltar
Mathlib.Algebra.Group.Action.Pi	5ec65569abe4f00d.ltar
Mathlib.CategoryTheory.Triangulated.Basic	d383253944a31c96.ltar
Mathlib.Topology.Algebra.IsOpenUnits	1ae70b26d0f32431.ltar
Mathlib.NumberTheory.LSeries.RiemannZeta	245bb7924fb96c59.ltar
Mathlib.AlgebraicGeometry.OrderOfVanishing	e788eaba7a7c5ca8.ltar
Mathlib.Combinatorics.Pigeonhole	d187221f97994aca.ltar
Mathlib.Algebra.Lie.OfAssociative	5d8cdc753c4fa10e.ltar
Mathlib.Tactic.SetNotationForOrder	fff2e027b7e226bb.ltar
Mathlib.Tactic.Linter.OldObtain	b7c4db2aa0f8cba2.ltar
Mathlib.Topology.Category.TopCat.Monoidal	08a8c5b6c4bb3c1e.ltar
Mathlib.Algebra.Order.Sub.Unbundled.Basic	c2fdafc71b141f59.ltar
Mathlib.Analysis.Normed.Operator.NormedSpace	3d53da26641d9805.ltar
Mathlib.Topology.Convenient.HomSpace	bc79bc9cc6bc7edd.ltar
Mathlib.Topology.Category.CompHaus.Limits	27eec0647549c7bd.ltar
Mathlib.Analysis.Calculus.BumpFunction.FiniteDimension	df261d5c8fa2137e.ltar
Aesop.Script.Tactic	d2dd13e031a6a65f.ltar
Mathlib.Algebra.Homology.DerivedCategory.FullyFaithful	98949f9259e1d9ef.ltar
Mathlib.Algebra.Algebra.IsSimpleRing	420cdc32f071bc3a.ltar
Mathlib.Lean.Environment	426a14964e33486f.ltar
Mathlib.Algebra.Order.Round	9950a7fb1c319f97.ltar
Mathlib.Algebra.AddConstMap.Basic	573c9d8eb2acf5f8.ltar
Mathlib.Analysis.Fourier.Convolution	c5aedc35428d2ba9.ltar
Mathlib.Analysis.Calculus.DifferentialForm.VectorField	c2baf9698386114b.ltar
Mathlib.Probability.Kernel.Composition.WithDensity	fe3db77f43bee422.ltar
Mathlib.Tactic.Ring.Common	098b6aaa0c8ac142.ltar
Mathlib.Condensed.Light.Small	0d3d6f95ba0fd8aa.ltar
Mathlib.ModelTheory.Complexity	6ad8dade0558f32a.ltar
Mathlib.CategoryTheory.MorphismProperty.WeakFactorizationSystem	1adc788cf4413891.ltar
Mathlib.RingTheory.IntegralClosure.IsIntegral.Defs	a3bcd4d33e1329d8.ltar
Mathlib.LinearAlgebra.PID	05d263ccfc33d953.ltar
Mathlib.Topology.Maps.Proper.UniversallyClosed	dc30bd2069883350.ltar
Mathlib.AlgebraicTopology.Reedy.Basic	ae2156fb754b6ba7.ltar
Mathlib.Combinatorics.Additive.SmallTripling	dbc22a006eaf324b.ltar
Mathlib.Analysis.Convex.SpecificFunctions.Pow	6acde1629b9ef74f.ltar
Mathlib.Algebra.Ring.Subsemiring.Order	ad9d71907343fbb2.ltar
Mathlib.Algebra.Ring.Action.ConjAct	d42f2441f4fc7b7b.ltar
Mathlib.Algebra.SkewMonoidAlgebra.Lift	23e7d1cd38c5479e.ltar
Batteries.Recycling.RBTree.WF	4e4516fd84739a4c.ltar
Mathlib.ModelTheory.Topology.Types	44a14bff0a3b73e5.ltar
Mathlib.CategoryTheory.Abelian.Projective.Ext	59f21efe34f913b8.ltar
Mathlib.CategoryTheory.Galois.Examples	2d49684bb145d461.ltar
Mathlib.Geometry.Manifold.Immersion	0a8ffa2adecc6271.ltar
Mathlib.NumberTheory.PellMatiyasevic	443014f95b5ae299.ltar
Mathlib.Topology.Algebra.Semigroup	d591f944eb669eb9.ltar
Mathlib.Analysis.Normed.Affine.Ceva	1a80cc443ff0e0ac.ltar
Mathlib.CategoryTheory.Limits.Indization.Category	6432c90a6229f532.ltar
Mathlib.Algebra.BigOperators.Group.Finset.Pi	f936dee6f1f2c491.ltar
Mathlib.Algebra.Homology.Embedding.IsSupported	b6a2c3ea413ab961.ltar
Mathlib.RepresentationTheory.Maschke	d70c2b720cac673a.ltar
Mathlib.Combinatorics.SimpleGraph.LineGraph	7c65c4b3502902d0.ltar
Mathlib.RingTheory.PolynomialAlgebra	73d628a5cfd57791.ltar
Mathlib.Topology.Algebra.Group.ContinuousInv	0dedbfb97ced8df3.ltar
Mathlib.Data.Finset.SMulAntidiagonal	a4a7a4a4aa78c37a.ltar
Mathlib.CategoryTheory.SmallObject.Iteration.Basic	717ffafa6b32e0be.ltar
Mathlib.RingTheory.Smooth.Pi	9316b4dd24de3d3e.ltar
Mathlib.Topology.Algebra.NonUnitalAlgebra	7625c0ecde0de5da.ltar
Mathlib.Algebra.MvPolynomial.SchwartzZippel	70daaf3fa3f96329.ltar
Mathlib.Algebra.Homology.Factorizations.Basic	8270ab6fd019f7c4.ltar
Mathlib.CategoryTheory.WithTerminal.Lemmas	2c8cc9f4083446c0.ltar
Mathlib.RingTheory.Coalgebra.MulOpposite	85d9b0bb6e4fcdff.ltar
Mathlib.RingTheory.Valuation.RankOne	c09d5e4896b83753.ltar
Mathlib.CategoryTheory.Category.TwoP	f1bca2e83cbb7bb5.ltar
Mathlib.Algebra.BigOperators.Finsupp.Fin	6cc10674ed12fb72.ltar
Mathlib.Data.Nat.Factorial.DoubleFactorial	015777a4d6dc2fa1.ltar
Mathlib.Tactic.NormNum.Basic	351c6939d4b334af.ltar
Mathlib.RingTheory.MvPolynomial.Symmetric.NewtonIdentities	136ac7ee0800a157.ltar
Mathlib.MeasureTheory.Measure.FiniteMeasure	753fc7d3806eb6d3.ltar
Mathlib.LinearAlgebra.TensorProduct.Free	d6261c39b7c4a2d0.ltar
Mathlib.CategoryTheory.Category.Preorder	7a9d47a52ecc032f.ltar
Mathlib.Tactic.Echelon.Core	e6345619f39fecc6.ltar
Mathlib.Algebra.BrauerGroup.Defs	cf6a72f93515afcb.ltar
Mathlib.RingTheory.Localization.Integral	277c3095b7228b25.ltar
Mathlib.GroupTheory.Schreier	1abbee032404c959.ltar
Mathlib.LinearAlgebra.RootSystem.GeckConstruction.Relations	7292246c8645afda.ltar
Mathlib.Topology.Algebra.Module.Spaces.WeakBilin	99587377441875b6.ltar
Mathlib.Probability.Moments.IntegrableExpMul	5544ea448300865d.ltar
Mathlib.Topology.Category.LightProfinite.EffectiveEpi	9822aca0177adc8d.ltar
Mathlib.Algebra.Category.Grp.Adjunctions	1a0d6f6ac3c41e63.ltar
Mathlib.CategoryTheory.Bicategory.Grothendieck	4e3bf39e5bb3d7e9.ltar
Mathlib.Algebra.Module.End	063ca9fd80a23dae.ltar
Mathlib.RingTheory.RamificationInertia.Basic	a9d3643521978a0f.ltar
Plausible.Functions	dc7b20eb417cd021.ltar
Mathlib.CategoryTheory.Limits.Shapes.Pullback.Mono	5d3662321f2c7ade.ltar
Mathlib.AlgebraicGeometry.Sites.Affine	97871922bc89c26a.ltar
Mathlib.Algebra.Category.Ring.Adjunctions	dd1993e949dc5db9.ltar
Mathlib.Order.Basic	fc2a49f7418f42b8.ltar
Mathlib.AlgebraicGeometry.Morphisms.SurjectiveOnStalks	08960fd6ed433265.ltar
Mathlib.CategoryTheory.Monoidal.Cartesian.Comon_	f0b32b2ff0a4e4a9.ltar
Mathlib.MeasureTheory.Function.ConditionalExpectation.CondexpL1	9930270682bde938.ltar
Mathlib.CategoryTheory.Subobject.Comma	ebd6a8379d6f00f6.ltar
Mathlib.Analysis.Calculus.FDeriv.Comp	739d4369dbd7c58e.ltar
Mathlib.Data.Num.Bitwise	85bcc16b43f1d253.ltar
Mathlib.FieldTheory.Finiteness	77603a2a785e8bdc.ltar
Mathlib.Topology.Order.LeftRightNhds	b15716029b94bf66.ltar
Mathlib.AlgebraicTopology.SimplicialSet.StdSimplex	d1f27b51043dcd13.ltar
Mathlib.Algebra.Order.Interval.Basic	cce415c597e9de3c.ltar
Mathlib.MeasureTheory.SetSemiring	5cc9fb040e125ee0.ltar
Mathlib.Probability.Distributions.Gaussian.Multivariate	c3ecad695ad589a9.ltar
Mathlib.Tactic.FieldSimp.Discharger	d3dd2e65a91ba0cd.ltar
Mathlib.Topology.Algebra.Module.Complement	4e9e36dfeae1d59f.ltar
Mathlib.Analysis.Calculus.InverseFunctionTheorem.Analytic	3fb7c2f6308e9751.ltar
Mathlib.RingTheory.RingHom.Unramified	4e812431d12ce088.ltar
Mathlib.Topology.OpenPartialHomeomorph.Constructions	308ee524e99ae98b.ltar
Mathlib.RingTheory.Flat.IsBaseChange	b287b99818484c8b.ltar
Mathlib.Analysis.SpecificLimits.Normed	587998db116d5010.ltar
Mathlib.RingTheory.Finiteness.Quotient	b0cb386fee5dd01c.ltar
Mathlib.Tactic.ITauto	d31ebc811bc751c3.ltar
Mathlib.Geometry.Manifold.VectorBundle.ContMDiffSection	8142f05802d79fec.ltar
Batteries.Data.Array.Monadic	0d7ed99711748997.ltar
Mathlib.NumberTheory.ModularForms.JacobiTheta.Manifold	7d369fe0740ef4c6.ltar
Mathlib.Algebra.Ring.TransferInstance	e23cb9fd1b345332.ltar
Mathlib.Data.Fintype.Sets	14c8255ca7738cdc.ltar
Mathlib.Condensed.Light.Sequence	1ac209aefb6ffc59.ltar
Mathlib.RingTheory.DividedPowers.DPMorphism	39e188512bf2c78b.ltar
Mathlib.Data.Set.Pairwise.List	515d41364b7fa02a.ltar
Mathlib.CategoryTheory.Limits.SmallComplete	04a7d12eb9609ebe.ltar
Mathlib.MeasureTheory.Measure.Filter	995c3f01ce6c1216.ltar
Mathlib.RingTheory.Valuation.Discrete.Basic	385a5d4fb327e0b2.ltar
Mathlib.CategoryTheory.Functor.Derived.Adjunction	3ce82123fca36546.ltar
Mathlib.Analysis.Convex.StrictConvexSpace	6b2268a1123a696a.ltar
Mathlib.Analysis.Calculus.Deriv.Linear	e3a87895bedd9da3.ltar
Mathlib.Tactic.NormNum.Ineq	34138bef8e9fcbb1.ltar
Mathlib.RingTheory.Localization.Cardinality	b5d8b8472270891d.ltar
Mathlib.Order.JordanHolder	c808b1f7a39221d5.ltar
Mathlib.RingTheory.Ideal.Finsupp	4ce0135b78096c3e.ltar
Mathlib.RingTheory.Algebraic.Pi	d32de942aa74feb7.ltar
Mathlib.CategoryTheory.Monoidal.CommMon_	59fb4013d945c3a7.ltar
Mathlib.Analysis.InnerProductSpace.TwoDim	a05b740f5ea9ab38.ltar
Mathlib.Analysis.Convex.Mul	9ecd45e00e28832c.ltar
Mathlib.Tactic.Algebra.AlgebraNF	c13ddb72aedc4439.ltar
Mathlib.MeasureTheory.Measure.Typeclasses.NoAtoms	420992014d54248b.ltar
Mathlib.Combinatorics.Additive.VerySmallDoubling	20cbff09450a5ae7.ltar
Mathlib.CategoryTheory.Limits.Shapes.NormalMono.Equalizers	2c14dbd971e37ad0.ltar
Mathlib.Algebra.Torsor.Basic	2ee9b7f874229917.ltar
Mathlib.Algebra.CharZero.Infinite	d30aa916c72cb958.ltar
Mathlib.RingTheory.Localization.FractionRing	845ae8e0828147be.ltar
Mathlib.Algebra.Algebra.Subalgebra.Prod	1ab89cc460fada65.ltar
Mathlib.CategoryTheory.Functor.Derived.RightDerivedCommShift	a317a32d64d8be63.ltar
Mathlib.Algebra.Group.ModEq	805651ccc630c081.ltar
Mathlib.Algebra.Category.ModuleCat.Sheaf.PullbackFree	a20d5abad5264c4c.ltar
Mathlib.Algebra.Lie.Weights.Basic	329a0099df36d74d.ltar
Mathlib.Control.EquivFunctor	1554b82ba24c4961.ltar
Mathlib.Topology.MetricSpace.BundledFun	538c6f29907598bb.ltar
Mathlib.Topology.Algebra.Module.Multilinear.Basic	1f960249fe6bd486.ltar
Mathlib.Probability.Combinatorics.BinomialRandomGraph.Defs	fd83385de08d4c7d.ltar
Mathlib.Algebra.Algebra.Basic	c2aa28a5e06f74cc.ltar
Mathlib.Analysis.Calculus.FDeriv.Mul	2039869d3f83f8e0.ltar
Mathlib.Tactic.Core	3bf89c831cf33dee.ltar
Mathlib.Algebra.Group.Commute.Basic	219910bfb7e4ffcb.ltar
Mathlib.RingTheory.Ideal.MinimalPrime.Colon	ce7a8cacd0fdd6e5.ltar
Mathlib.Analysis.Normed.Operator.Extend	8aefd5f519c26771.ltar
Mathlib.Algebra.Homology.DerivedCategory.Ext.Linear	5a7583a28236a1e4.ltar
Mathlib.CategoryTheory.Abelian.LeftDerived	5d78ae3f7b6f64b6.ltar
Mathlib.GroupTheory.Complement	7a4c0129baa24836.ltar
Mathlib.LinearAlgebra.Semisimple	82960d500e28762f.ltar
Mathlib.Tactic.Linter.ValidatePRTitle	8c0971f50aa939c9.ltar
Mathlib.Algebra.Order.Positive.Field	dcf6dc8936b6294f.ltar
Mathlib.Tactic.DuplicateDecls	f9748f05bd907229.ltar
Mathlib.RingTheory.AlgebraicIndependent.Defs	49389c3ba91db80a.ltar
Mathlib.MeasureTheory.MeasurableSpace.NCard	547046e90058c804.ltar
Mathlib.Basic.Denumerable	c62ab02a8fec1651.ltar
Mathlib.Analysis.CStarAlgebra.Unitary.Span	69618597c6904ed9.ltar
Mathlib.GroupTheory.Commensurable	427a018b4997ad93.ltar
Mathlib.FieldTheory.RatFunc.Defs	e6e523c926a812a5.ltar
Mathlib.Topology.MetricSpace.Pseudo.Constructions	ea376316806cec93.ltar
Mathlib.RingTheory.WittVector.Isocrystal	5480d22330771aa6.ltar
Mathlib.Data.ZMod.Aut	ee05c0048c19d53b.ltar
Mathlib.Analysis.Calculus.Gradient.Basic	1d820bb74b13b249.ltar
Mathlib.Computability.Partrec	0ae99c87f8d4f6cb.ltar
Mathlib.LinearAlgebra.Matrix.Charpoly.LinearMap	ae3196fb9f09c2af.ltar
Mathlib.Data.Fintype.Pigeonhole	86594d4e7be7bc54.ltar
Mathlib.Analysis.SpecialFunctions.ContinuousFunctionalCalculus.Rpow.Measurable	d93c9b5165091d6e.ltar
Mathlib.Analysis.Normed.Group.Completion	e8d3ff7248c15edb.ltar
Mathlib.Topology.NhdsWithin	e1be3b477b5a8167.ltar
Mathlib.Topology.EMetricSpace.Lipschitz	cb8d44b83c5f35b5.ltar
Mathlib.CategoryTheory.Dialectica.Monoidal	633e0085aa7a3fc8.ltar
Mathlib.Combinatorics.SimpleGraph.Extremal.TuranDensity	0492ec27fa547c45.ltar
Mathlib.RingTheory.UniqueFactorizationDomain.Finsupp	f0d16451dcbc6387.ltar
Mathlib.Combinatorics.SimpleGraph.Star	9104f70c3fc37193.ltar
Mathlib.Algebra.Ring.Int.Field	854fcdc885c50d9d.ltar
Mathlib.NumberTheory.ModularForms.DedekindEta	be8081a6c6196fe0.ltar
Mathlib.Data.List.TFAE	3f70e18969d19e54.ltar
Mathlib.CategoryTheory.IsoCat	8a43a9da4bd9592b.ltar
Mathlib.Algebra.Order.Group.Defs	e6e599e534b2ff3a.ltar
Mathlib.Combinatorics.Matroid.Rank.Cardinal	0eb191ad8a69f1be.ltar
Mathlib.Data.Fintype.Shrink	9bdb4f784a8b1be0.ltar
Mathlib.GroupTheory.FinitelyPresentedGroup	9c6b11c34f4f7285.ltar
Mathlib.AlgebraicTopology.SimplicialSet.Simplices	aee9b498a3b64e5e.ltar
Mathlib.FieldTheory.SplittingField.Construction	68de7ba1d36f2f85.ltar
Mathlib.AlgebraicGeometry.Morphisms.Etale	51053a8d865a5ca7.ltar
Mathlib.Analysis.Convex.StrictCombination	72fd78c350da1762.ltar
Mathlib.CategoryTheory.Idempotents.FunctorCategories	de0a5248e8a1cf7c.ltar
Mathlib.Analysis.LocallyConvex.BalancedCoreHull	ff7a68a64065e640.ltar
Mathlib.Data.Nat.Cast.Order.Ring	9a50145aa54852ca.ltar
Mathlib.Topology.Category.LightProfinite.Limits	a3a668a01ad5809a.ltar
Mathlib.Geometry.Euclidean.Similarity	576ac6502e1a926f.ltar
Batteries.Data.Bool	01234044a3d3ac12.ltar
Mathlib.Order.Filter.AtTopBot.Floor	599731579bbe7ea8.ltar
Mathlib.CategoryTheory.Join.Opposites	63694a55eb895882.ltar
Mathlib.Tactic.ComputeDegree	145b23463ad3a91c.ltar
Aesop.Script.OptimizeSyntax	738559f70c254cb8.ltar
Mathlib.Topology.Order.Lattice	c8bd35daa6140edf.ltar
Mathlib.Tactic.Recall	48a560e2a6999567.ltar
Mathlib.Algebra.Star.Basic	b8f4f808ad4138ff.ltar
Mathlib.Analysis.InnerProductSpace.GramMatrix	2c49a8c1c09f452b.ltar
Mathlib.Algebra.GroupWithZero.Action.Opposite	f11150da2428718b.ltar
Mathlib.Geometry.Convex.ConvexSpace.PathConnectedSpaceStdSimplex	80c4557f3d5e1052.ltar
Mathlib.Analysis.InnerProductSpace.Harmonic.Basic	bf20f37db1c3a599.ltar
Mathlib.Geometry.Convex.AffineMap.Module	5b6ae18a7d9b8408.ltar
Mathlib.Algebra.Group.End	424ef2a5e04ab74c.ltar
Mathlib.FieldTheory.Isaacs	349d03402332b4b4.ltar
Mathlib.SetTheory.Cardinal.Continuum	7f66151295d06349.ltar
Mathlib.Analysis.Convex.SimplicialComplex.Basic	4808e2e7ca06f694.ltar
Mathlib.ModelTheory.Algebra.Field.Basic	bfdb12fc5ffd2f7f.ltar
Mathlib.RingTheory.PowerSeries.GaussNorm	9988cfe7a9654b0e.ltar
Mathlib.Algebra.Category.Grp.EnoughInjectives	fe182eeb07255248.ltar
Mathlib.Analysis.Complex.Polynomial.GaussLucas	640c916ef61f04cf.ltar
Mathlib.Probability.Distributions.Gaussian.HasGaussianLaw.Basic	6618b5b21e658590.ltar
Mathlib.Data.Fintype.Option	0c596299c534d715.ltar
Mathlib.CategoryTheory.Subobject.ArtinianObject	d78e633c4f305785.ltar
Mathlib.AlgebraicTopology.SimplicialSet.Homology.HomologyZero	1e92a707fa1f63a7.ltar
Mathlib.GroupTheory.PushoutI	ed4e1d64850a55de.ltar
Mathlib.LinearAlgebra.Matrix.SesquilinearForm	3138cf5ec15d6a59.ltar
Mathlib.MeasureTheory.Measure.Module	18a78a1065822f5a.ltar
Mathlib.Algebra.Module.LocalizedModule.Submodule	eeabd69d56589c7c.ltar
Mathlib.RepresentationTheory.Basic	f711e78f4df43f46.ltar
Mathlib.RingTheory.Bialgebra.Hom	85f3e2a0e37b5223.ltar
Mathlib.Algebra.Homology.ShortComplex.HomologicalComplex	2b8ea6938587a8ae.ltar
Mathlib.Algebra.MvPolynomial.Comap	5c98116b4b70ede4.ltar
Mathlib.Topology.Sheaves.SheafCondition.Sites	5aba2d1b09163f49.ltar
Mathlib.LinearAlgebra.FreeProduct.Basic	49a771009eb48e4e.ltar
Mathlib.CategoryTheory.Adjunction.Parametrized	ee45cc63d96d9719.ltar
Mathlib.CategoryTheory.CopyDiscardCategory.Deterministic	d86ccc98f131a75a.ltar
Mathlib.Topology.Category.CompHaus.Basic	dc845d0ba1bf5f31.ltar
Mathlib.Analysis.Normed.Operator.Fredholm.Open	bbe21d0e039efaf7.ltar
Mathlib.Analysis.Calculus.Taylor	aa1f1fefcfb71b0e.ltar
Mathlib.CategoryTheory.Bicategory.LocallyGroupoid	d6ce306ddced538e.ltar
Mathlib.MeasureTheory.Integral.Average	9c5197e7641e3aa7.ltar
Mathlib.LinearAlgebra.Dual.Lemmas	6938282052f03844.ltar
Mathlib.Topology.MetricSpace.Bilipschitz	8b3adbc37f7a9bc1.ltar
Mathlib.LinearAlgebra.Multilinear.Basis	3befc6170bb5d2eb.ltar
Mathlib.Algebra.Exact	2b4e23166f96bf2a.ltar
Mathlib.RingTheory.QuotSMulTop	6fd494959a3b6f38.ltar
Mathlib.GroupTheory.OreLocalization.OreSet	0867f4e8806e9af6.ltar
Batteries.Data.MLList.Basic	efd721c1b29c04f4.ltar
Mathlib.Tactic.FastInstance	1c9ecbba956d371a.ltar
Mathlib.Geometry.Manifold.ContMDiffMFDeriv	8bd7a70a09825b44.ltar
Mathlib.RingTheory.Bialgebra.Basic	f5bc5d56bab21963.ltar
Mathlib.Probability.Kernel.Disintegration.MeasurableStieltjes	1a9644f72b4b98ae.ltar
Mathlib.Data.Real.ENatENNReal	87cc136f1e278819.ltar
Mathlib.Algebra.Order.Ring.Cone	6b717ee500e36cdc.ltar
Mathlib.Data.QPF.Multivariate.Constructions.Prj	27a5cee0dea3cd10.ltar
Mathlib.Combinatorics.SimpleGraph.Regularity.Lemma	bc5b5a19ebd07628.ltar
Mathlib.FieldTheory.NormalizedTrace	583ecb27db7b4042.ltar
Mathlib.Algebra.Ring.Units	abb8159d42bf7c05.ltar
Mathlib.SetTheory.Cardinal.Regular	5968be1977a5b051.ltar
Mathlib.LinearAlgebra.Dimension.Basic	5a1ac4e1370b8ea6.ltar
Mathlib.Algebra.Star.CentroidHom	d39a6b5e4e2234be.ltar
Mathlib.Combinatorics.Enumerative.Partition.Glaisher	e6b89a2a6f448c21.ltar
Mathlib.CategoryTheory.Limits.Constructions.WeaklyInitial	7eef73eae9c374d5.ltar
Mathlib.CategoryTheory.Monoidal.Rigid.Braided	6dfe7c30f4031e95.ltar
Mathlib.RepresentationTheory.Homological.GroupCohomology.Hilbert90	c852040f49ab4075.ltar
Mathlib.Topology.MetricSpace.HolderNorm	7809e2a64ef9b402.ltar
Mathlib.Data.ENat.SuccOrder	b3861e198740d621.ltar
Mathlib.Order.Filter.AtTopBot.CompleteLattice	984c0ac5dc8f1543.ltar
Mathlib.Data.Nat.PrimeFin	7f75ccb83b8007b2.ltar
Mathlib.SetTheory.Lists	897e65f9c9effa1e.ltar
Mathlib.Topology.ContinuousMap.T0Sierpinski	0340d8b3266072fd.ltar
Mathlib.RepresentationTheory.FiniteIndex	cdecda47ab9307dd.ltar
Mathlib.Probability.Independence.Process.HasIndepIncrements.IsGaussianProcess	00e60a4f4cab326e.ltar
Mathlib.Dynamics.OmegaLimit	cc3589c2eba5dd2d.ltar
Mathlib.CategoryTheory.Shift.Induced	108711595e82ccde.ltar
Mathlib.Combinatorics.Matroid.Dual	11c6efd97dd150f1.ltar
Mathlib.Probability.Moments.Tilted	4ebf99639ceefbf8.ltar
Mathlib.MeasureTheory.Measure.Typeclasses.SFinite	fb131c96051c45e6.ltar
Mathlib.Analysis.SpecialFunctions.ContinuousFunctionalCalculus.Abs	fd93afc3f1f8c007.ltar
Mathlib.Dynamics.FixedPoints.Support	2041c544ac6aaf63.ltar
Mathlib.GroupTheory.Perm.Fin	5da4f5f4ce9485c4.ltar
Mathlib.Order.Defs.LinearOrder	dd207889d379c60e.ltar
Mathlib.SetTheory.Cardinal.Rat	62f486668579ff18.ltar
Mathlib.Tactic.LinearCombination	4489ebafa97b5ded.ltar
Mathlib.CategoryTheory.Bicategory.Functor.Cat	4e53ab30d924ff15.ltar
Mathlib.Algebra.Group.DivInvMonoid	0374d519ac9eff94.ltar
Mathlib.Topology.UniformSpace.Closeds	46a6cf2d339a3501.ltar
Mathlib.Topology.MetricSpace.GromovHausdorff	604267daaf248fe1.ltar
Batteries	f009a1912d8579af.ltar
Mathlib.GroupTheory.GroupAction.Basic	da76c9dd7b6c0a70.ltar
Mathlib.Logic.Small.List	6f29be45e63a65c2.ltar
Mathlib.Tactic.Says	b63a8ae49d58327a.ltar
Mathlib.Logic.Equiv.Multiset	2566a636020a4682.ltar
Mathlib.Topology.Algebra.Module.ContinuousLinearMap.Quotient	041ef24df49f25ef.ltar
Mathlib.NumberTheory.ClassNumber.FunctionField	e27746ad065bfe6b.ltar
Mathlib.Algebra.Group.Ext	634cb5cdde1ac63b.ltar
Mathlib.Order.CompleteLattice.Group	d886362224af00a2.ltar
Mathlib.Tactic.Measurability.Init	5c5ff95e5a8fc349.ltar
Mathlib.AlgebraicTopology.SimplicialSet.NonDegenerateSimplices	f44b572b0e01919a.ltar
Mathlib.Algebra.GroupWithZero.Opposite	07be3316788061b5.ltar
Mathlib.CategoryTheory.ObjectProperty.Retract	46649bf93818695b.ltar
Mathlib.Tactic.SetLike	2fb627b976d3c6ff.ltar
Mathlib.Probability.Distributions.Gaussian.IsGaussianProcess.Def	3170578ab4b63f74.ltar
Mathlib.Tactic.TacticAnalysis	d8d8a94c4c8b4d19.ltar
Mathlib.Order.ConditionallyCompletePartialOrder.Defs	69d99b7983078bd4.ltar
Mathlib.Combinatorics.SimpleGraph.Extremal.Zarankiewicz	bbf92d5f59ab1e57.ltar
Mathlib.LinearAlgebra.Basis.VectorSpace	76e18cf99bc051cf.ltar
Mathlib.Lean.Expr.Basic	24e01ca7588b91b2.ltar
Mathlib.Order.Booleanisation	006e6ecb691e7db2.ltar
Mathlib.Data.TypeVec	8fecf0b2f907d5dd.ltar
Mathlib.Algebra.Group.Defs	555e02106b40d522.ltar
Mathlib.Analysis.SpecialFunctions.Complex.Arctan	b79b2bfa966117c5.ltar
Mathlib.AlgebraicGeometry.Sites.ConstantSheaf	b18ef30d5ae17b6c.ltar
Mathlib.GroupTheory.Congruence.Opposite	021fd2800f4e10fc.ltar
Mathlib.Algebra.Category.Ring.Under.Property	1d9916fa1a33a18b.ltar
Mathlib.Topology.Algebra.RestrictedProduct.TopologicalSpace	a46583c13e035aeb.ltar
Mathlib.Analysis.Normed.Group.Tannery	ee4221566add8910.ltar
Mathlib.Analysis.LocallyConvex.SeparatingDual	4ed874720a600c71.ltar
Mathlib.Algebra.GroupWithZero.NonZeroDivisors	4c9251ffceebecec.ltar
Mathlib.CategoryTheory.Monad.Kleisli	7b64c85ffab8f041.ltar
Mathlib.Order.Hom.PowersetCard	73c808830e4dcf20.ltar
Mathlib.Analysis.Complex.Poisson	545244389375b026.ltar
Mathlib.Algebra.Polynomial.Degree.Monomial	7b91544231d905c3.ltar
Mathlib.Algebra.Ring.Submonoid.Basic	dfb702d3a8c9d7bb.ltar
Mathlib.ModelTheory.ElementarySubstructures	03f1cbdd495ce58c.ltar
Mathlib.CategoryTheory.Limits.EpiMono	78c050ae360cb049.ltar
Mathlib.Algebra.Star.Pi	57c3a53064b6cb64.ltar
Mathlib.Geometry.RingedSpace.LocallyRingedSpace.HasColimits	1d33b5e151739da1.ltar
Mathlib.CategoryTheory.Groupoid.FreeGroupoidOfCategory	a6b7ec1c91ae4456.ltar
Mathlib.MeasureTheory.Function.AEEqFun.DomAct	06004351ac7f6c6b.ltar
Mathlib.Tactic.CategoryTheory.Slice	aa9f3bfb33a8c992.ltar
Mathlib.CategoryTheory.Monoidal.Action.End	6b1b94962e801240.ltar
Mathlib.Algebra.Algebra.Spectrum.Pi	71aa54e8241a7fb3.ltar
Mathlib.RepresentationTheory.Continuous.Basic	25ce6f29173db586.ltar
Mathlib.Condensed.Light.EffectiveEpi	784bdf831e4a2485.ltar
Mathlib.Combinatorics.Enumerative.Partition.YoungDiagram	b32a8e507d36e880.ltar
Mathlib.AlgebraicTopology.SimplicialSet.StrictSegal	b1f74ff78ec84b50.ltar
Aesop.Script.StructureDynamic	658b89bb0081ebd3.ltar
Mathlib.LinearAlgebra.BilinearForm.TensorProduct	46d9069c5966327b.ltar
Mathlib.Topology.Algebra.Module.Star	2270e20a5aa7e8ba.ltar
Batteries.Control.Lemmas	b9ae28a172528ffa.ltar
Mathlib.Combinatorics.SimpleGraph.Triangle.Basic	41b59c2f3e8a9c21.ltar
Mathlib.Combinatorics.SimpleGraph.Metric	08116c3ddd78bc76.ltar
Mathlib.AlgebraicTopology.SimplicialSet.AnodyneExtensions.RankNat	5503860a793ad4e0.ltar
Mathlib.Algebra.Homology.Embedding.Boundary	4f955935bc71d51f.ltar
Mathlib.Combinatorics.SimpleGraph.Extremal.Basic	30ff2a0cbb60cf29.ltar
Mathlib.Analysis.SpecialFunctions.Bernstein	390f1435f99c36a7.ltar
Mathlib.GroupTheory.GroupAction.MultiplePrimitivity	f887afdc03cc8ef7.ltar
Mathlib.RingTheory.LocalProperties.Submodule	3aab99b32313b316.ltar
Mathlib.Topology.Order.Priestley	1bba544fdf81fb50.ltar
Mathlib.Util.AtomM	28c97805a85bc83a.ltar
Mathlib.Topology.Order.ScottTopology	4e08904706304510.ltar
Mathlib.NumberTheory.BernoulliPolynomials	e437c2519081b104.ltar
Mathlib.Geometry.Manifold.IntegralCurve.Transform	e097fcf31da01d88.ltar
Mathlib.RingTheory.Extension.Presentation.Submersive	4287017f59eb500c.ltar
Mathlib.Topology.FiberBundle.Basic	141a9973625693e2.ltar
Mathlib.AlgebraicGeometry.Geometrically.Basic	dac166db39fda6f6.ltar
Mathlib.Algebra.Category.ModuleCat.Semi	4d9f517b13718ca6.ltar
Aesop.Script.UScriptToSScript	330aa183d4c1fb4f.ltar
Mathlib.Algebra.GroupWithZero.Units.Equiv	eb5580975ac580fa.ltar
Batteries.Data.List.Basic	0ed10aa2700a3cea.ltar
Mathlib.Analysis.Complex.Arg	6cc7d1263027f927.ltar
Mathlib.Algebra.Module.RingHom	7feedf94d18002bc.ltar
Mathlib.Data.Nat.Bits	66c7e50aeabf58d5.ltar
Mathlib.LinearAlgebra.GeneralLinearGroup.Basic	86347d1219547a6e.ltar
Mathlib.LinearAlgebra.Transvection.Generation	37f398852cdd3ced.ltar
Batteries.Data.Nat.Bitwise	d44dd09185fc74a3.ltar
Mathlib.AlgebraicGeometry.Morphisms.FlatDescent	25681c3c722d684e.ltar
Mathlib.MeasureTheory.Function.Holder	fe7a610abd5e1e3a.ltar
Mathlib.Topology.Compactification.OnePoint.Sphere	16993b3fc901cb27.ltar
Aesop.Search.ExpandSafePrefix	6a2b1d0bdb8e5a54.ltar
Mathlib.Algebra.Order.CauSeq.Completion	5e280f9e2d67f235.ltar
Mathlib.Tactic.Order.Graph.Tarjan	2aab335c85d12cc8.ltar
Mathlib.Tactic.Zify	6311f3302cac2472.ltar
Mathlib.NumberTheory.NumberField.InfinitePlace.Embeddings	0faef92a8a9a53fa.ltar
Mathlib.Tactic.Linter.CommandRanges	9ac059645f12fd8f.ltar
Mathlib.Algebra.GroupWithZero.Units.Basic	06e5a54a430fd568.ltar
Mathlib.Order.Filter.AtTopBot.Interval	b34cbb00cb5509a5.ltar
Mathlib.Control.Random	43bf7a99d41a9546.ltar
Mathlib.Algebra.Group.Subgroup.Even	e30ab89ee56fff4a.ltar
Mathlib.Topology.Algebra.UniformConvergence	5208be657dbe8754.ltar
Mathlib.RepresentationTheory.Coinvariants	89199021c4f568d6.ltar
Mathlib.RingTheory.Regular.ProjectiveDimension	ca6ae8d0861db374.ltar
Mathlib.Util.Superscript	82af7d30378c5ffb.ltar
Mathlib.MeasureTheory.Integral.IntervalIntegral.ContDiff	dbacef1d331e4818.ltar
Mathlib.Data.Nat.Factorization.Basic	3163df7f8663bbc3.ltar
Mathlib.CategoryTheory.Adjunction.PartialAdjoint	4d884ab27cb950db.ltar
Mathlib.Tactic.NormNum.Irrational	ad2c7bf62a9b91f2.ltar
Mathlib.CategoryTheory.Preadditive.FreydCategory.RightFreyd	96733e0647f0cb87.ltar
Mathlib.Data.Set.Functor	b5c37ed6ef9ebef7.ltar
Mathlib.RingTheory.UniqueFactorizationDomain.Kaplansky	fe8d045aaed37d72.ltar
Mathlib.CategoryTheory.Limits.Indization.Products	e40b2a1ee0d077d4.ltar
Mathlib.Algebra.Ring.Aut	a150f550bfb6e629.ltar
Mathlib.RingTheory.Polynomial.Opposites	98fb1b56297af905.ltar
Mathlib.RingTheory.LocalRing.Quotient	bf914b44d736ba43.ltar
Mathlib.RingTheory.Coalgebra.Quotient	776efb79737995f5.ltar
Mathlib.Data.Nat.Factorization.LCM	3358d6e32c9427a1.ltar
Mathlib.Analysis.Convex.Caratheodory	47de188127f36397.ltar
Mathlib.CategoryTheory.Pi.Basic	b710c383235d23e3.ltar
Batteries.Tactic.GeneralizeProofs	0b19690be16c4723.ltar
Mathlib.Util.CodeActions.BinderPlicity	201a61d14e87b7d6.ltar
Mathlib.RepresentationTheory.AlgebraRepresentation.Basic	551db1aa55624759.ltar
Mathlib.GroupTheory.SpecificGroups.Dihedral	29142e7767f1413c.ltar
Mathlib.CategoryTheory.Limits.Constructions.FiniteProductsOfBinaryProducts	bc3c92106534eaa4.ltar
Mathlib.MeasureTheory.Measure.Support	8c91d8bcc9e77b80.ltar
Mathlib.FieldTheory.Minpoly.ConjRootClass	9f6e0a41d702aa38.ltar
Mathlib.Analysis.Real.Hyperreal	dea85b85bb25c62c.ltar
Mathlib.Topology.Defs.Sequences	c9d707c072c94c19.ltar
Mathlib.Topology.Algebra.ProperAction.Torsor	be2665f194d46c83.ltar
Mathlib.Algebra.Order.Archimedean.Basic	99f7b08d10c239ad.ltar
Mathlib.RingTheory.LocalRing.LocalSubring	5abd224e4cd8e4ca.ltar
Mathlib.Topology.UniformSpace.OfCompactT2	b2ef412f81cdc84f.ltar
Mathlib.Algebra.BigOperators.Finsupp.Basic	fe9ef8abcd677ecd.ltar
Mathlib.RingTheory.Polynomial.Dickson	b8a976f533bd2ca3.ltar
Mathlib.Geometry.Convex.Cone.Basic	d3d43504d4bcd4d9.ltar
Mathlib.RingTheory.Algebraic.Defs	5d52854e02013b11.ltar
Mathlib.Combinatorics.Enumerative.DyckWord	0bff57ec511312dc.ltar
Mathlib.Analysis.LocallyConvex.PointwiseConvergence	e7474c96478376c7.ltar
Mathlib.Tactic.NormNum.ModEq	3eadb51837093e9d.ltar
Mathlib.RingTheory.Perfectoid.FontaineTheta	3c77e4d5ea1e44f1.ltar
Mathlib.CategoryTheory.Preadditive.Yoneda.Limits	9fc73f5d6bae562f.ltar
Mathlib.Order.ConditionallyCompleteLattice.Defs	76783feab18d3894.ltar
Mathlib.Geometry.Convex.Hull	ca429bc5d59e46a9.ltar
Batteries.Data.List.Lemmas	1f29307ece2f5593.ltar
Mathlib.SetTheory.Cardinal.Cofinality.Enum	3cdc55424e3094e7.ltar
Mathlib.Analysis.LocallyConvex.Basic	b0913a61994dfba0.ltar
Mathlib.RingTheory.RingHom.EssFiniteType	afb124cdbba1e3ee.ltar
Aesop.RuleTac.Apply	da2f3f39628db080.ltar
Mathlib.Algebra.Order.ZeroLEOne	7cb19dd91fbe7016.ltar
Mathlib.Analysis.Real.Spectrum	080ad07c4e56eedc.ltar
Mathlib.Analysis.BoxIntegral.Partition.Filter	5ea97f65578917b9.ltar
Mathlib.Tactic.Linarith.Oracle.SimplexAlgorithm.Gauss	8822c3d18e9d1d92.ltar
Mathlib.AlgebraicGeometry.Morphisms.SmoothFiber	309e784193d3f6e4.ltar
Mathlib.MeasureTheory.Function.LpSpace.ContinuousFunctions	51dc5c6d543582c5.ltar
ImportGraph.Tools	1205f5ef4b820e40.ltar
Mathlib.NumberTheory.ModularForms.DimensionFormulas.LevelOne	50191a65ed766915.ltar
Aesop.EMap	b0e57cf352f656bf.ltar
Mathlib.Data.Finite.Set	d0d99b693f038986.ltar
Mathlib.Condensed.Module	13bd420fd439ccb2.ltar
Mathlib.Util.Tactic	78b08ad6b27b4c19.ltar
Mathlib.Data.List.InsertIdx	291c740ead3fd47e.ltar
Mathlib.Algebra.Algebra.Defs	4dd5896d08538594.ltar
Mathlib.Logic.Embedding.Set	8ddd76e6ae0f3a1b.ltar
Mathlib.Algebra.Lie.AdjointAction.Basic	3e83814ed4144ac7.ltar
Mathlib.LinearAlgebra.Matrix.FiniteDimensional	78db5422d1d4d0ab.ltar
Mathlib.RingTheory.Localization.AtPrime.Extension	8055e2058c673722.ltar
Mathlib.Control.Monad.Writer	d26d9e9ceddc114b.ltar
Mathlib.CategoryTheory.Adjunction.Evaluation	122fb5ab1fe8b62a.ltar
Mathlib.Algebra.Ring.Subsemiring.Defs	095ef978b12af6ac.ltar
Mathlib.AlgebraicGeometry.Sites.Representability	a5dcab0346c89f0c.ltar
Mathlib.Tactic.CategoryTheory.Coherence.Datatypes	044e1ce95983b1f7.ltar
Mathlib.LinearAlgebra.Alternating.Curry	cb0731f2595db6c5.ltar
Mathlib.Combinatorics.Enumerative.Composition	9208bae7c8e5b6f5.ltar
Mathlib.Analysis.Normed.Field.Ultra	b1922fe617088ffa.ltar
Mathlib.RingTheory.Localization.NumDen	f57b2067ee23a631.ltar
Mathlib.Tactic.NormNum.Ordinal	fa88f795a00f43cf.ltar
Mathlib.LinearAlgebra.Multilinear.Pi	ed67270333c55a60.ltar
Mathlib.Order.Part	64b19cf0de682eaf.ltar
Mathlib.Combinatorics.SimpleGraph.Walks.Operations	1021aa8631d756c6.ltar
Mathlib.RingTheory.IntegralClosure.IntegrallyClosed	4c0404521047cbfa.ltar
Mathlib.RepresentationTheory.Submodule	7bb8d53610c02fd2.ltar
Mathlib.Algebra.Homology.SpectralSequence.ComplexShape	8b1e1b85bb023cbd.ltar
Mathlib.Algebra.Central.End	eebf8ef41afd298e.ltar
Batteries.Lean.TagAttribute	523ff3a24625a421.ltar
Mathlib.Algebra.Group.Action.Equidecomp	0c8737ea67293f7f.ltar
Mathlib.Algebra.Polynomial.Laurent	1664c8a78d49a170.ltar
Mathlib.Analysis.Asymptotics.LinearGrowth	16371b3c41ce2728.ltar
Mathlib.Combinatorics.Schnirelmann	d2c0837f1f20e132.ltar
Mathlib.RingTheory.WittVector.Basic	ef9910bd8d161ab0.ltar
Mathlib.Analysis.Normed.Module.Ball.Pointwise	0233e8cf46b0f915.ltar
Mathlib.Algebra.Order.Nonneg.Floor	3dcc2a5e0c1aaf7d.ltar
Mathlib.LinearAlgebra.Basis.Flag	05bb543e2830b922.ltar
Mathlib.Algebra.Category.Grp.Yoneda	7ddd099414d4d13f.ltar
Mathlib.AlgebraicGeometry.EllipticCurve.Affine.Point	c4e3f2e7aa7e7e7a.ltar
Mathlib.Analysis.Convex.Cone.Closure	83d2d97e193a156f.ltar
Mathlib.Algebra.Polynomial.Module.FiniteDimensional	3842dbf089619a3c.ltar
Mathlib.Topology.Convenient.GeneratedBy	884b9d2c5cb8b6cd.ltar
Mathlib.Util.PPOptions	783c47b38c4cc55d.ltar
Mathlib.Topology.Sheaves.EtaleSpace	bcc6e3d00a982aa0.ltar
Mathlib.RingTheory.HopfAlgebra.MonoidAlgebra	ed5a62bea8a05cb5.ltar
Mathlib.RingTheory.Unramified.Dedekind	c03610b0eb40e37f.ltar
Mathlib.Tactic.TFAE	53cd836bcf030d57.ltar
Mathlib.CategoryTheory.Presentable.Basic	7b57448816d2f6a9.ltar
Mathlib.CategoryTheory.FiberedCategory.Fiber	4efc5d6a1e6b0195.ltar
Mathlib.Algebra.GroupWithZero.Action.Center	1d6a20243b5bbd78.ltar
Mathlib.NumberTheory.SumPrimeReciprocals	d674f6912b481b30.ltar
Mathlib.Tactic.SplitIfs	625de2c2fa81cda1.ltar
Mathlib.Algebra.Order.Monovary	b121ebf1b0af8ab8.ltar
Mathlib.NumberTheory.ModularForms.EisensteinSeries.E2.Defs	d4b8b5138bc150d9.ltar
Mathlib.RingTheory.Spectrum.Prime.ConstructibleSet	755e3cdf2cf1910e.ltar
Mathlib.NumberTheory.HeckeRing.Defs	d5cf10b22210168a.ltar
Mathlib.Algebra.Module.LinearMap.Defs	7d49d6f2d130636b.ltar
Mathlib.Analysis.BoxIntegral.Partition.Additive	029c2c122524234a.ltar
Mathlib.Algebra.Order.Module.Equiv	a7aa6ff3656ba6b1.ltar
Mathlib.AlgebraicGeometry.Birational.Birational	802e6efe54680c14.ltar
Mathlib.GroupTheory.GroupAction.Embedding	3f475932c0aa3b95.ltar
Mathlib.Analysis.Normed.Group.InfiniteSum	636f6d8441d9f5a3.ltar
Mathlib.RingTheory.Algebraic.Cardinality	84d70b37ee5bfba8.ltar
Mathlib.AlgebraicGeometry.Morphisms.WeaklyEtale	b31d391d7bf2e4cd.ltar
Mathlib.GroupTheory.GroupAction.Ring	3201f903c184c789.ltar
Mathlib.Algebra.Module.NatInt	455eb6b0c558ad9b.ltar
Mathlib.Algebra.Polynomial.Roots	9b89bad6ac1a5f4e.ltar
Mathlib.CategoryTheory.Functor.TwoSquare	2901ea2b423eaeab.ltar
Mathlib.Analysis.Calculus.DSlope	773c52bb98fdf1dc.ltar
Mathlib.LinearAlgebra.ExteriorPower.BilinForm	685952ebe6783d09.ltar
Mathlib.NumberTheory.LucasPrimality	e094fbbfc0a1180e.ltar
Mathlib.Order.Filter.Ultrafilter.Cardinality	62ec8938df506502.ltar
Mathlib.Data.Multiset.Range	7b24e5339474a330.ltar
Mathlib.CategoryTheory.Abelian.GrothendieckAxioms.PresheafOfModules	180ad56830b6d42f.ltar
Mathlib.LinearAlgebra.TensorProduct.Pi	03ba96f54bb8f8e0.ltar
Mathlib.Algebra.Polynomial.DenomsClearable	1a710ac2a9d2b2fe.ltar
Mathlib.CategoryTheory.Limits.Constructions.Over.Basic	4891625c14060067.ltar
Mathlib.Order.Cover	3a19a3f5c9523771.ltar
Mathlib.Topology.OpenPartialHomeomorph.Continuity	39436c982dfa4ae5.ltar
Mathlib.CategoryTheory.Limits.Shapes.Preorder.HasIterationOfShape	9c618a04512f1e60.ltar
Mathlib.Data.Nat.Lattice	4382201a8db8d7a6.ltar
Batteries.Data.BinaryHeap.Basic	e2d7e4ecab76c1c7.ltar
Mathlib.Probability.CramerWold	283102ee0c36bd15.ltar
Batteries.Lean.Except	6af95a09743ee49e.ltar
Mathlib.Order.CompleteLattice.Lemmas	a264eb7b0721fb04.ltar
Mathlib.Topology.Separation.Basic	a56272e5678688f7.ltar
Mathlib.MeasureTheory.Function.LpSeminorm.Monotonicity	36a8f43da1e198fa.ltar
Mathlib.Probability.Martingale.OptionalSampling	01afcaa90ca7550e.ltar
Mathlib.Algebra.Order.Monoid.LocallyFiniteOrder	b1e39315c45b329f.ltar
Mathlib.GroupTheory.Perm.DomMulAct	cf24ee88d26de4ff.ltar
Mathlib.LinearAlgebra.BilinearForm.IsometryEquiv	c15afe5ccf41097f.ltar
Mathlib.RingTheory.MvPowerSeries.NoZeroDivisors	387edd2d5705ce19.ltar
Mathlib.LinearAlgebra.FreeModule.Finite.Matrix	8cb6f2406bd8443e.ltar
Mathlib.Combinatorics.Quiver.Push	0a3642c38cb5e0b6.ltar
Mathlib.Analysis.SpecialFunctions.Pow.Real	edec15b1ef7599a1.ltar
Mathlib.RingTheory.Extension.Basic	b16945479bbfdba3.ltar
Mathlib.NumberTheory.NumberField.CanonicalEmbedding.NormLeOne	94131998ca7458b8.ltar
Mathlib.Tactic.ToAdditive	6d46cf40fb1c1e42.ltar
Mathlib.Analysis.Analytic.IsolatedZeros	a7bc792467442aff.ltar
Mathlib.Combinatorics.Quiver.ReflQuiver	9b8ec88ca4e3a01b.ltar
Mathlib.Topology.Germ	708509c0da8abf2b.ltar
Mathlib.Order.Circular	08a873afd14c16b3.ltar
Mathlib.Algebra.Star.Center	1b82e57f5b5659ac.ltar
Mathlib.Topology.MetricSpace.Basic	aa18fdeb2dea8d31.ltar
Mathlib.Data.Finite.Prod	9b8bef5890f02874.ltar
Mathlib.Computability.Primrec.List	2ddcd06aab122ea5.ltar
Mathlib.Data.Int.Cast.Lemmas	6b56d738265b7c0c.ltar
Mathlib.Analysis.Fourier.RiemannLebesgueLemma	8fac3bcc40d63ba1.ltar
Mathlib.RingTheory.MvPolynomial.Tower	1d9bb6ff8af816fa.ltar
Mathlib.CategoryTheory.Enriched.FunctorCategory	175bc8fe0c62dc8c.ltar
Mathlib.Algebra.Category.ModuleCat.Ext.Finite	06655d6e717561e3.ltar
Mathlib.Algebra.Polynomial.Eval.Degree	ed5dd197df51d52f.ltar
Mathlib.CategoryTheory.Limits.Shapes.Pullback.Equifibered	294ad4c77f764145.ltar
Mathlib.NumberTheory.CarmichaelNumber	0014a5551d3eb820.ltar
Mathlib.CategoryTheory.Sites.Hypercover.Zero	dfaebd97d76890e4.ltar
Mathlib.MeasureTheory.VectorMeasure.Variation.SignedMeasure	be5219c725e1b788.ltar
Mathlib.CategoryTheory.Bicategory.Adjunction.Basic	1c0ab86777020b89.ltar
Mathlib.Algebra.Field.Equiv	d2a585b077818e4f.ltar
Mathlib.Dynamics.BirkhoffSum.QuasiMeasurePreserving	b0421327d0c7a24d.ltar
Mathlib.MeasureTheory.Function.ConditionalExpectation.Indicator	c3dca62cfc56925e.ltar
Mathlib.Control.Monad.Cont	d6af8bfdead60baa.ltar
Mathlib.CategoryTheory.Shift.Localization	73d19050970e7af2.ltar
Mathlib.Order.UpperLower.CompleteLattice	89a2fcf8e3396e9a.ltar
Mathlib.Algebra.Order.Algebra	c58efc7121ad544b.ltar
Mathlib.Algebra.MvPolynomial.CommRing	bf6959513a254425.ltar
Mathlib.MeasureTheory.Covering.LiminfLimsup	e02fe05c326733d3.ltar
Mathlib.CategoryTheory.Limits.FormalCoproducts.Basic	158e8e054bd5b0a4.ltar
Batteries.Data.Fin.Basic	3fa41fe9f11cddd1.ltar
Mathlib.RingTheory.Polynomial.GaussLemma	03b07b47875be4bc.ltar
Mathlib.Analysis.BoxIntegral.Box.Basic	552c320af319fb76.ltar
Mathlib.CategoryTheory.Sites.CoproductSheafCondition	83d918345cd0822b.ltar
Mathlib.CategoryTheory.Shift.Opposite	b95a8e83bc300272.ltar
Mathlib.Analysis.Complex.BranchLogRoot	4b4cd3533fd47d10.ltar
Mathlib.Probability.Kernel.Category.SFinKer	72a27c253f1b9bcb.ltar
Mathlib.InformationTheory.Coding.Kraft	9710ef1399284857.ltar
Mathlib.Analysis.Convex.TotallyBounded	7ac394310d7a2de6.ltar
Mathlib.Algebra.Module.LinearMap.Polynomial	a357eaa1ee0a0386.ltar
Mathlib.MeasureTheory.Function.LpSpace.Basic	c56c9da46fce601b.ltar
Mathlib.Analysis.InnerProductSpace.EuclideanDist	757a47ff14f65aaa.ltar
Mathlib.Analysis.RCLike.Sqrt	dae32e9047feb6b4.ltar
Mathlib.RingTheory.Valuation.DiscreteValuativeRel	14a82300ac390a90.ltar
Batteries.Tactic.PermuteGoals	4d1cb53abe3db99e.ltar
Mathlib.AlgebraicTopology.DoldKan.EquivalenceAdditive	91c1c49e5b1fb9c6.ltar
Mathlib.LinearAlgebra.Matrix.CharP	647f43c53291a9ee.ltar
Mathlib.CategoryTheory.FiberedCategory.Fibered	c606ce16f6745842.ltar
Mathlib.NumberTheory.Cyclotomic.Basic	56a16aff98635003.ltar
Mathlib.Analysis.Distribution.Sobolev	a146173592b2f414.ltar
Mathlib.CategoryTheory.Bicategory.FunctorBicategory.Oplax	a0897900536aad5e.ltar
Mathlib.Analysis.Calculus.LineDeriv.Measurable	2acbd764851bc9f5.ltar
Mathlib.Data.Nat.Prime.Factorial	bd43f544dcd47c9c.ltar
Mathlib.RingTheory.AdicCompletion.Noetherian	3ec882d1bd169197.ltar
Mathlib.Algebra.Module.LocalizedModule.Away	f0ab433e10438e76.ltar
Mathlib.Topology.EMetricSpace.MulOpposite	66bc14f185b26381.ltar
Mathlib.Algebra.Order.AbsoluteValue.Euclidean	18257af3e5335e45.ltar
Mathlib.LinearAlgebra.QuadraticForm.Dual	0d97ca5a74831c14.ltar
Mathlib.MeasureTheory.Constructions.SimpleGraph	75fee0501eec826b.ltar
Mathlib.Topology.UniformSpace.Equicontinuity	2d8d848b18554fcd.ltar
Mathlib.Analysis.InnerProductSpace.SingularValues	9cf3335d53a2684c.ltar
Mathlib.Probability.Kernel.Composition.Comp	1c29a593bcf9671b.ltar
Mathlib.Probability.Kernel.Composition.CompProd	7bf3a0aa41faea34.ltar
Mathlib.Data.String.Basic	cb4a919f433283b1.ltar
Mathlib.MeasureTheory.Measure.Dirac.Basic	f1646b0701a53826.ltar
Mathlib.Algebra.Homology.HomotopyCategory.Acyclic	a28c60f26e559f59.ltar
Mathlib.Order.ModularLattice	9428029652679df2.ltar
Mathlib.Tactic.NormNum.Inv	7335e09a9af7268f.ltar
Mathlib.RingTheory.PolynomialLaw.Basic	4baf325de114e684.ltar
Mathlib.Topology.Algebra.Group.SubmonoidClosure	4842314b980f4fd3.ltar
Mathlib.MeasureTheory.Measure.Lebesgue.Complex	fb7eefbb091d518e.ltar
Mathlib.Algebra.Category.ModuleCat.Sheaf.Free	63cc67dee66bd931.ltar
Mathlib.LinearAlgebra.Finsupp.Span	ff32cfb63c65ecf0.ltar
Mathlib.Topology.Category.LightProfinite.AsLimit	abc197184f58c8bd.ltar
Mathlib.Topology.FiberPartition	3ea7d7cd38ea3313.ltar
Mathlib.RingTheory.Noetherian.Defs	d0062779688f859a.ltar
Mathlib.CategoryTheory.Monoidal.Bimon_	8d4007547fb49919.ltar
Mathlib.Geometry.Manifold.WhitneyEmbedding	b32cb86994ba95a9.ltar
Mathlib.Geometry.Euclidean.Sphere.OrthRadius	64cd485d18f9b1dc.ltar
Mathlib.Analysis.Normed.Operator.LinearIsometry	76c8e35b1679e7cc.ltar
Mathlib.Algebra.Polynomial.Basis	f28a4ea18f5ef36f.ltar
Mathlib.Algebra.Category.ModuleCat.Monoidal.Adjunction	e2fb6b85a1961aad.ltar
Mathlib.RingTheory.Flat.Basic	3feb00237fccaa01.ltar
Mathlib.Topology.Algebra.Category.ProfiniteGrp.Limits	3c35c3132e5cc81c.ltar
Mathlib.AlgebraicGeometry.AffineSpace	a53d7b2a139b410f.ltar
Batteries.Lean.Meta.Inaccessible	a4cedf92cf64e08d.ltar
Mathlib.RingTheory.RingHom.Finite	fcc92a22b02aacb0.ltar
Mathlib.CategoryTheory.Idempotents.SimplicialObject	ffacbadb628ffce5.ltar
Mathlib.Topology.LocallyFinsupp	1f1eca475e610e3f.ltar
Mathlib.Data.Set.Finite.List	ec89bf9918ae0c0d.ltar
Mathlib.Algebra.Order.Monoid.Unbundled.TypeTags	848498d4d5e68ff4.ltar
Mathlib.Algebra.ContinuedFractions.Translations	611c1d26c1a14596.ltar
Mathlib.GroupTheory.ResiduallyFinite	7d2cf4432f4537c3.ltar
Mathlib.CategoryTheory.Limits.Preserves.Presheaf	06c2d060c9f4b228.ltar
Mathlib.RingTheory.Flat.CategoryTheory	edf5875759f0a857.ltar
Mathlib.LinearAlgebra.Matrix.FixedDetMatrices	f31dc5367cdbb378.ltar
Mathlib.Tactic.ClickSuggestions.FindPremises	42d1a3801486283e.ltar
Mathlib.Algebra.Homology.Embedding.TruncGE	4d3046da70498b00.ltar
Mathlib.RingTheory.LaurentSeries	017dfac5feafca73.ltar
Mathlib.Algebra.BigOperators.Fin	28ef569b2d2e3763.ltar
Mathlib.CategoryTheory.Enriched.HomCongr	1fb3fad0f4096379.ltar
Mathlib.Algebra.GroupWithZero.Action.Defs	27aed5ce908986cb.ltar
Mathlib.Combinatorics.SimpleGraph.Diam	c9450df076790e1c.ltar
Mathlib.Control.EquivFunctor.Instances	ab2e70d8f645bd28.ltar
Mathlib.CategoryTheory.Limits.Preserves.Creates.Pullbacks	c25f5b09c7aad88c.ltar
Mathlib.FieldTheory.Differential.Liouville	e63d7f8393229950.ltar
Mathlib.Algebra.FreeMonoid.Symbols	18c02418ceb7faf4.ltar
Mathlib.Tactic.Trace	418b5c4860542119.ltar
Mathlib.MeasureTheory.Function.SpecialFunctions.Basic	cbb0630e1db364b3.ltar
Mathlib.RingTheory.Regular.Free	f655cfbb88559a78.ltar
Mathlib.ModelTheory.Equivalence	8d786491b142524d.ltar
Mathlib.Algebra.Homology.LeftResolution.Reduced	90e85d88303a3d1b.ltar
Mathlib.MeasureTheory.Constructions.BorelSpace.Complex	18b4e746b7c446b2.ltar
Mathlib.Analysis.Calculus.AddTorsor.AffineMap	51d94afc9b1cea6a.ltar
Mathlib.Probability.Process.Adapted	6f7a607aa1bcf2be.ltar
Mathlib.GroupTheory.Subgroup.Simple	63907dbe8213fa84.ltar
Mathlib.NumberTheory.RamificationInertia.Ramification	bc8e04d735d634ab.ltar
Mathlib.CategoryTheory.Limits.Shapes.Pullback.IsPullback.Kernels	d3cab42810c6ce09.ltar
Mathlib.Order.Types.Arithmetic	2f9dc61a98e2436d.ltar
Mathlib.Tactic.Hint	349bb7a284d3c3c7.ltar
Mathlib.Probability.Process.HittingTime	c29c48f7f2d3f16f.ltar
Mathlib.Init	8fb33c421dfab332.ltar
Mathlib.CategoryTheory.Abelian.GrothendieckCategory.ModuleEmbedding.Opposite	0b7d05657b571d37.ltar
Mathlib.Analysis.InnerProductSpace.Trace	13b62878f940a490.ltar
Mathlib.Data.Ordering.Basic	27fabb59d8f902b6.ltar
Mathlib.Algebra.QuadraticAlgebra.AlgHom	b22b2a86501d9430.ltar
Mathlib.NumberTheory.ArithmeticFunction.Carmichael	d7d2ba7029c669c6.ltar
Mathlib.CategoryTheory.Limits.Constructions.BinaryProducts	5beb8bdb6d22a289.ltar
Mathlib.MeasureTheory.Constructions.UnitInterval	06bfab004047f949.ltar
Aesop.Script.SScript	cca7b908b02ced18.ltar
Mathlib.CategoryTheory.Localization.Monoidal.Braided	b2af95de1ace02f5.ltar
Mathlib.Data.FunLike.Equiv	a37a29fa901101b7.ltar
Mathlib.Probability.Kernel.IonescuTulcea.Maps	6469f60af0ee5596.ltar
Mathlib.Topology.Maps.Strict.Group	2a82697b27a0d06a.ltar
Mathlib.Algebra.Group.Irreducible.Defs	e7691d827134cde7.ltar
Mathlib.CategoryTheory.MorphismProperty.Representable	4a50442f9cc91b37.ltar
Mathlib.CategoryTheory.Triangulated.LocalizingSubcategory	4d439aed99f6ed37.ltar
Mathlib.Tactic.Inclusion.Extension.IntervalDyadicReal.BinarySplit	0154f6056ea11d76.ltar
Mathlib.AlgebraicGeometry.AlgClosed.Basic	ee845b003b7719d5.ltar
Mathlib.Geometry.Manifold.Sheaf.Basic	937cc913e66892cd.ltar
Mathlib.Algebra.Group.Translate	a863b64ad3839506.ltar
Mathlib.AlgebraicTopology.SimplicialSet.Finite	5e6e749d3142c95c.ltar
Mathlib.Analysis.Normed.Group.BallSphere	4cf021ce65187260.ltar
Mathlib.MeasureTheory.Integral.SetToL1.L1	02c6be3e7f229950.ltar
Mathlib.Data.SProd	19cdb335d3a6c901.ltar
Mathlib.Algebra.Order.GroupWithZero.Unbundled.OrderIso	44b82d273297931c.ltar
Mathlib.CategoryTheory.Presentable.Finite	322019dd5de31e44.ltar
Mathlib.Analysis.Calculus.FDeriv.Extend	22ef0f0c6fe58aa2.ltar
Mathlib.Geometry.Manifold.Instances.Real	41db2259d552a49c.ltar
Mathlib.Data.Ordmap.Ordset	82b874023d17fa9c.ltar
Mathlib.Algebra.MvPolynomial.Equiv	1670aa28b6ed3a19.ltar
Mathlib.Geometry.Manifold.ContMDiff.Defs	dfa7773870bfe8c8.ltar
Mathlib.CategoryTheory.Localization.Triangulated	839f66968e518973.ltar
Mathlib.Algebra.Category.ModuleCat.Ulift	c43d8448a10aa047.ltar
Mathlib.RingTheory.Coalgebra.Equiv	daaa8fcd5b3f83ad.ltar
Mathlib.Data.Bundle	4420609f83b254fc.ltar
Mathlib.Algebra.Central.Defs	083f4131c5ae18a3.ltar
Mathlib.RingTheory.Polynomial.Hermite.Basic	25a4ba3d122a55a5.ltar
Mathlib.MeasureTheory.Integral.ExpDecay	96fc294698418b5d.ltar
Mathlib.Tactic.NormRank	a277a19434067a7b.ltar
Mathlib.Analysis.InnerProductSpace.PiL2	ecfd10181e235ee4.ltar
Mathlib.CategoryTheory.CofilteredSystem	02d97c017a5fa01c.ltar
Mathlib.Combinatorics.SimpleGraph.Walk.Basic	0f0dd375d3a1c70a.ltar
Mathlib.Analysis.SpecialFunctions.Complex.Arg	05e78a0a0d1f5bd1.ltar
Mathlib.RingTheory.LocalProperties.InjectiveDimension	7ee6302961ecdda5.ltar
Mathlib.CategoryTheory.Idempotents.Basic	8b286a8438bb1900.ltar
Mathlib.CategoryTheory.Category.Cat.CartesianClosed	41fdafd884b777c7.ltar
Mathlib.Order.BourbakiWitt	d2f0d5245b78e667.ltar
Mathlib.Algebra.EuclideanDomain.Int	6d2c3f1986a40a38.ltar
Mathlib.Topology.Algebra.IsUniformGroup.Order	e904369c58964b3d.ltar
Mathlib.CategoryTheory.Limits.Shapes.FiniteLimits	8135f82235f93c89.ltar
Mathlib.Tactic.ContinuousFunctionalCalculus	884f45cbfa220224.ltar
Mathlib.Algebra.Field.Opposite	6f054671f8e7f6f1.ltar
Mathlib.Topology.MetricSpace.ProperSpace	30b75ffd1baedbbc.ltar
Mathlib.CategoryTheory.Sites.DenseSubsite.OneHypercoverDense	90c9d6c81b7eb903.ltar
Mathlib.LinearAlgebra.AffineSpace.AffineSubspace.Defs	ad814194e3852cba.ltar
Mathlib.MeasureTheory.Measure.Haar.Basic	980da7c4fa2e5370.ltar
Mathlib.FieldTheory.Fixed	c0f30bf0b5f46f1f.ltar
Mathlib.Order.Fin.Clamp	55a70dccff13799a.ltar
Mathlib.Order.PropInstances	eaa2b4fddfc734eb.ltar
Mathlib.CategoryTheory.Sites.Coherent.ExtensiveTopology	bd84dc5dbc8299db.ltar
Mathlib.Data.WSeq.Basic	502623d8af33972d.ltar
Batteries.Util.Cache	ca7952416119d5eb.ltar
Mathlib.Data.Nat.Pairing	74bfa8862b18cf05.ltar
Mathlib.NumberTheory.LSeries.PrimesInAP	3975a4ec6d59e776.ltar
Mathlib.LinearAlgebra.TensorProduct.Defs	7c2c9a454d73af50.ltar
Mathlib.LinearAlgebra.RootSystem.Finite.CanonicalBilinear	8cd7922368a92bf6.ltar
Batteries.Data.Array	4c4e2ed571b5eb13.ltar
Mathlib.Algebra.ContinuedFractions.Computation.Basic	fab9b13a60cb5654.ltar
Mathlib.Data.Set.Sups	12a100a11f3c16ae.ltar
Mathlib.Tactic.DeclarationNames	548da14859a21793.ltar
Mathlib.Order.Interval.Set.OrdConnected	d552c377171b9dad.ltar
Mathlib.Order.Monotone.Basic	ff7b8a74037a7727.ltar
ImportGraph.Tools.MinImports	bf806d56f46fdc4b.ltar
Mathlib.AlgebraicTopology.SimplicialSet.HornColimits	2e83e2d20a31fa86.ltar
Mathlib.Data.Multiset.Pairwise	fd7819eb031c62f7.ltar
Mathlib.Order.SuccPred.WithBot	edfc44b810bf804a.ltar
Mathlib.Analysis.Normed.Ring.Lemmas	c4386019ac16cf87.ltar
Mathlib.Algebra.Expr	1ca0c11d2dae685f.ltar
Mathlib.Analysis.SpecialFunctions.ContinuousFunctionalCalculus.Rpow.ConjSqrt	2fe3e598c3156472.ltar
Aesop.Builder.Apply	1a17875989eac04a.ltar
Mathlib.Topology.Algebra.Nonarchimedean.Basic	9abe40341568122e.ltar
Mathlib.Algebra.Lie.Engel	eb2a1cc5574fae21.ltar
Mathlib.CategoryTheory.Category.Cat.AsSmall	4e37f55dfd870d55.ltar
Mathlib.Algebra.Category.ModuleCat.Presheaf.Free	ef6d13ca1c4b0440.ltar
Mathlib.Data.Nat.DvdSequence	a7985567784d7e84.ltar
Mathlib.Topology.MetricSpace.Contracting	659f485d43f00982.ltar
Mathlib.CategoryTheory.LocallyCartesianClosed.Sections	afe84eb09ed18cf8.ltar
Mathlib.Data.Multiset.ZeroCons	1aaf68b87e7d0beb.ltar
Mathlib.MeasureTheory.Integral.SetToL1.DominatedConvergence	981d2b98bd7ac115.ltar
Mathlib.Data.Real.StarOrdered	ab58f701ccd418b0.ltar
Mathlib.CategoryTheory.LocallyCartesianClosed.ExponentiableMorphism	4f723adcfdc9c8d5.ltar
Mathlib.Analysis.Normed.Algebra.MatrixExponential	a9bcb7c5dbba6bdd.ltar
Mathlib.Topology.Spectral.Basic	a2d01718b66d029f.ltar
Mathlib.CategoryTheory.Monoidal.Limits.Cokernels	7cdc712895755b0c.ltar
Mathlib.Logic.Equiv.Option	02b74bee87db5495.ltar
Mathlib.Logic.Equiv.List	13cae3fb912e1224.ltar
Mathlib.Algebra.Group.Pointwise.Finset.Basic	682416f361999ee4.ltar
Mathlib.RingTheory.WittVector.Teichmuller	a142865ca7c9dd6a.ltar
Mathlib.NumberTheory.LocalField.Basic	096ba4eb06e65ef9.ltar
Mathlib.RingTheory.UniqueFactorizationDomain.Localization	30b0744c40670140.ltar
Mathlib.GroupTheory.FreeGroup.IsFreeGroup	dff420970fb59a47.ltar
Mathlib.Order.Disjoint	450f3eb8a95869d6.ltar
Mathlib.Analysis.Normed.Algebra.GelfandMazur	faa5a0ba077407d1.ltar
Mathlib.SetTheory.Cardinal.Cofinality.Basic	fe6854f5ec8e44c4.ltar
Mathlib.Algebra.NoZeroSMulDivisors.Basic	f221d1ea62d90563.ltar
Mathlib.Analysis.CStarAlgebra.lpSpace	c2dbfd4df18328d3.ltar
Mathlib.Data.Sym.Sym2.Order	179e6105e6ac609d.ltar
Mathlib.CategoryTheory.ObjectProperty.LimitsClosure	8a7bfb8a8628a652.ltar
Mathlib.Tactic.Continuity	788eea330f7a1458.ltar
Mathlib.Analysis.Calculus.ContDiff.Bounds	5518ae518741032e.ltar
Mathlib.MeasureTheory.Function.SimpleFuncDenseLp	3e913cd67b6e65ab.ltar
Mathlib.Algebra.Algebra.Tower	f59896b4dbe5d4c0.ltar
Mathlib.RepresentationTheory.Homological.GroupCohomology.FiniteCyclic	7b455d7731af628e.ltar
Mathlib.Data.PNat.Interval	2372b07570e91960.ltar
Mathlib.Analysis.Normed.Operator.Compact.FiniteDimension	bb74ec1075bd8af3.ltar
Mathlib.CategoryTheory.Limits.HasLimits	4be80d58775f2aea.ltar
Mathlib.Algebra.GroupWithZero.TransferInstance	4f66b30a99f3c2e4.ltar
Mathlib.CategoryTheory.Groupoid.VertexGroup	5e1d60c48387e7b7.ltar
Mathlib.Basic.Real.ConjExponents	ddd5138fc8f9bb9b.ltar
Mathlib.Analysis.InnerProductSpace.JointEigenspace	a356f5ab25fd9c20.ltar
Mathlib.MeasureTheory.VectorMeasure.Integral	98b42b083666ccd0.ltar
Mathlib.GroupTheory.DivisibleHull	c15f6936d2ca99d7.ltar
Mathlib.CategoryTheory.Monad.Coequalizer	aa5a75b143e37ff8.ltar
Mathlib.Analysis.Normed.Group.Real	f62898066f9b0cd9.ltar
Mathlib.Combinatorics.KatonaCircle	341217b627587f13.ltar
Mathlib.Data.Ordering.Lemmas	910f6e5a8d4efe2f.ltar
Mathlib.RingTheory.IntegralClosure.IsIntegralClosure.Defs	a2508d25ecab3479.ltar
Mathlib.Algebra.MvPolynomial.Nilpotent	589db73891493bc4.ltar
Mathlib.Algebra.BigOperators.Group.Multiset.Defs	446d17c51046594f.ltar
Mathlib.Geometry.Euclidean.Angle.Bisector	5362dd8f575a7035.ltar
Mathlib.CategoryTheory.Presentable.StrongGenerator	298530cea7ce99b4.ltar
Mathlib.Tactic.FinCases	a4651023ea9edfd3.ltar
Mathlib.Topology.UniformSpace.Defs	fba44e746dcb48e4.ltar
Mathlib.CategoryTheory.Limits.Types.Products	88e0c458009e6104.ltar
Batteries.Data.Int	30e3189b7b0a0f4e.ltar
Mathlib.Topology.Separation.LinearUpperLowerSetTopology	f97c8c506f04f1a4.ltar
Mathlib.RingTheory.HahnSeries.Lex	efae3fa59b161115.ltar
Mathlib.LinearAlgebra.TensorPower.Symmetric	fb2f4107f5194201.ltar
Mathlib.CategoryTheory.Subobject.Basic	3d7dc60fdf83d78f.ltar
Mathlib.RingTheory.Finiteness.ModuleFinitePresentation	8931940d020579e2.ltar
Mathlib.Order.Category.FinBddDistLat	f7d8b132b1380a42.ltar
Batteries.Tactic.Lint.Frontend	1ec9e78956e8aebd.ltar
Mathlib.Probability.Kernel.Composition.Prod	33570c9c05746f7c.ltar
Mathlib.CategoryTheory.Groupoid.Grpd.Basic	48be051a563cca60.ltar
Batteries.Lean.SatisfiesM	c7ad3d57539a68a7.ltar
Mathlib.CategoryTheory.Galois.FullSubcategory	9b1b1b12d0ebc2da.ltar
Mathlib.FieldTheory.IntermediateField.Adjoin.Basic	1788854ac03636c5.ltar
Mathlib.GroupTheory.FixedPointFree	2d26eaf113cdf510.ltar
Mathlib.Algebra.Order.BigOperators.Group.Multiset	b6b46006817d46a0.ltar
Mathlib.LinearAlgebra.SModEq.Pointwise	95c91c78d7558453.ltar
Mathlib.Algebra.Star.StarAlgHom	ebefb2864cca278b.ltar
Mathlib.LinearAlgebra.PiTensorProduct.Finsupp	b0a608c2f22dbb66.ltar
Mathlib.Analysis.Normed.Operator.NNNorm	3304782288c4d621.ltar
Mathlib.Algebra.TrivSqZeroExt.Basic	307db191367bb671.ltar
Mathlib.Tactic.NormNum.Eq	6aab950dfe47289c.ltar
Mathlib.CategoryTheory.Enriched.Limits.HasConicalPullbacks	2fa24b0a9bf6b641.ltar
Aesop.Rule	ae07dee028ed6f2b.ltar
Mathlib.Analysis.Calculus.FDeriv.Norm	61267596a9de07b5.ltar
Mathlib.Analysis.Polynomial.CauchyBound	fbe3e29c38f0fbb1.ltar
Mathlib.AlgebraicTopology.SimplicialSet.ProdStdSimplexOne	3e45df6fa2807f9f.ltar
Mathlib.MeasureTheory.Function.ContinuousMapDense	208a6911d65ecee5.ltar
Mathlib.Tactic.GuardHypNums	71ec290e3c135306.ltar
Mathlib.Topology.Sheaves.Module	54fd8c51bda90e5d.ltar
Mathlib.RingTheory.RamificationInertia.Ramification	0f5c31a8bfc6d2fa.ltar
Mathlib.Analysis.MeanInequalitiesPow	cf8aa9912020705c.ltar
Mathlib.Algebra.Group.Subgroup.Actions	322cefa90b264849.ltar
Mathlib.CategoryTheory.Sites.MorphismProperty	413eb6e4bd550cfc.ltar
Mathlib.CategoryTheory.Sites.EffectiveEpimorphic	ccd9a49f477ec66a.ltar
Mathlib.Lean.Meta.Basic	cd23d53ae8969c6e.ltar
Mathlib.CategoryTheory.Monoidal.Internal.Types.Grp	93da922fb9d92967.ltar
Mathlib.Topology.Category.TopCat.Sphere	8d637690614d5bcf.ltar
Mathlib.Basic.Countable.Basic	7d5c2b8d61808a26.ltar
Mathlib.CategoryTheory.Monoidal.Braided.PushoutObjObj	03a267c39d05036e.ltar
Mathlib.Data.Set.Finite.Lattice	5d89bdee76864be1.ltar
Mathlib.LinearAlgebra.UnitaryGroup	152d7ef0a85fd050.ltar
Mathlib.Probability.Decision.BayesEstimator	f3b1055f6fc6b478.ltar
Mathlib.Topology.Metrizable.Basic	b72a091ff7fa6855.ltar
Mathlib.Analysis.SpecialFunctions.Integrals.PosLogEqCircleAverage	b454b893514007b0.ltar
Mathlib.Data.Real.Hom	185896421dd6592f.ltar
Mathlib.Analysis.SpecialFunctions.Log.ENNRealLogExp	264b7d023b4ff596.ltar
Mathlib.RingTheory.Coalgebra.MonoidAlgebra	40f747543fc75058.ltar
Mathlib.RingTheory.Polynomial.ContentIdeal	0ff4d3e86edcf9ad.ltar
Mathlib.Analysis.InnerProductSpace.Projection.Reflection	5d9ba81a24209f8c.ltar
Mathlib.CategoryTheory.Sites.EqualizerSheafCondition	592b2d713306a73d.ltar
Mathlib.Algebra.Divisibility.Prod	941947ac4a20cf5f.ltar
Mathlib.RingTheory.Polynomial.Eisenstein.Criterion	43c06b4a91124fe8.ltar
Mathlib.Data.Nat.Nth	8fa8e8e9d9816231.ltar
Mathlib.CategoryTheory.Monoidal.Mod	59704f6d62a6cf5f.ltar
Mathlib.Algebra.Ring.Action.Pointwise.Set	66dfe7c282806d4a.ltar
Mathlib.Algebra.Module.Submodule.Map	db32fb692f608fbe.ltar
Mathlib.Algebra.MonoidAlgebra.Degree	07633435c47b2f42.ltar
Mathlib.Algebra.Homology.DerivedCategory.Ext.TStructure	e587cb2b425f79bb.ltar
Mathlib.Tactic.Inclusion.Core.Elab	439756caff69373d.ltar
Mathlib.Algebra.Ring.Pointwise.Finset	933d41329779472e.ltar
Mathlib.MeasureTheory.Function.EssSup	c9b0a6105ac6fc82.ltar
Mathlib.CategoryTheory.Localization.CalculusOfFractions	44c78ec8d50fb75b.ltar
Mathlib.AlgebraicTopology.SimplicialObject.Basic	9e6a1d8074dedda2.ltar
Mathlib.Topology.Algebra.MvPolynomial	0d1619a499a82a44.ltar
Mathlib.CategoryTheory.Monoidal.Braided.Opposite	fdebc8bf23333ba2.ltar
Mathlib.CategoryTheory.ObjectProperty.Basic	b957a4d74a4a3790.ltar
Mathlib.Topology.Category.CompHaus.Frm	6077ba7d58eb7006.ltar
Mathlib.Tactic.Translate.GuessName	b5d9ad91e1e62077.ltar
Mathlib.LinearAlgebra.AffineSpace.Combination	6fe5aafd7042dcdc.ltar
Mathlib.CategoryTheory.Limits.Types.Multicoequalizer	2ea391d5eb49ca13.ltar
Mathlib.Analysis.CStarAlgebra.ContinuousFunctionalCalculus.Projection	5bc36b3cb726c40e.ltar
Mathlib.Data.Set.NAry	c221f553cad005b2.ltar
Mathlib.AlgebraicTopology.SimplicialNerve	c57c2c099d754956.ltar
Mathlib.MeasureTheory.Integral.Bochner.FundThmCalculus	3cb200f93bca4e8b.ltar
Mathlib.RingTheory.Polynomial.Chebyshev	414b93e66dc347ee.ltar
Mathlib.Topology.Separation.Regular	537d7dfaf5f583f9.ltar
Mathlib.MeasureTheory.Measure.Haar.DistribChar	d2d0f7d1307a62e9.ltar
Mathlib.AlgebraicTopology.DoldKan.PInfty	b7561cea6a0ef9a3.ltar
Mathlib.LinearAlgebra.AffineSpace.Ceva	9aa84001461a4bc0.ltar
Mathlib.RingTheory.AdicCompletion.RingHom	4a0097649d7affa8.ltar
Mathlib.Algebra.PEmptyInstances	f9066b87763e2623.ltar
Mathlib.Tactic.Generalize	c17e5ec03a2f231e.ltar
Mathlib.Analysis.SpecialFunctions.Integrability.Basic	da3f3e669112f57d.ltar
Mathlib.Analysis.InnerProductSpace.Positive	f89ebb7e8a67c7a0.ltar
Mathlib.CategoryTheory.Subobject.HasCardinalLT	810ddd97115ec23b.ltar
Mathlib.Order.Filter.AtTopBot.Ring	8317ae8e3c4a32ff.ltar
Mathlib.CategoryTheory.GradedObject.Trifunctor	9b942bf3e87774a1.ltar
Mathlib.CategoryTheory.Endomorphism	0c547689f0f9e979.ltar
Mathlib.RingTheory.Adjoin.Dimension	fcbcbea134b1ab74.ltar
Mathlib.Analysis.Calculus.LagrangeMultipliers	e1164cf0d3b5145b.ltar
Mathlib.Topology.Separation.Profinite	2bfa916037e04473.ltar
Mathlib.AlgebraicGeometry.LimitsOver	639da0954d412a9c.ltar
Mathlib.NumberTheory.LSeries.HurwitzZetaOdd	b794012d6148bafc.ltar
Mathlib.Data.Seq.Basic	f00111fff5dcda02.ltar
Mathlib.Analysis.Real.OfDigits	0324d0e7ed11bdfa.ltar
Mathlib.Combinatorics.SimpleGraph.Regularity.Chunk	4d4ddf746a1b2871.ltar
Mathlib.Data.List.SplitLengths	9ae140fb27033891.ltar
Mathlib.Data.EReal.Operations	62683b3bbc4fb339.ltar
Mathlib.Control.Traversable.Equiv	d46666935f8af943.ltar
Mathlib.Algebra.Homology.HomotopyCategory.Pretriangulated	e1e5df5ab9700f98.ltar
Mathlib.AlgebraicTopology.DoldKan.Homotopies	c216ca6d8434a433.ltar
Mathlib.AlgebraicTopology.SimplicialSet.Homology.Nondegenerate	84b7bdb20c238fec.ltar
Mathlib.Algebra.Homology.HomotopyCategory.HomComplex	345c146683928664.ltar
Mathlib.Topology.Algebra.Group.DiscontinuousSubgroup	f019f5a04baaef98.ltar
Mathlib.CategoryTheory.SmallObject.Basic	f537397921518845.ltar
Mathlib.Probability.Distributions.Gaussian.Real	3919fd0fd26776d2.ltar
Mathlib.Algebra.Algebra.RestrictScalars	7442e741c39371b7.ltar
Mathlib.MeasureTheory.Constructions.Polish.Basic	d4d52f9d9f5d57de.ltar
Mathlib.MeasureTheory.Measure.Real	aaf1d91c793741e1.ltar
Mathlib.Topology.Separation.Lemmas	f44a422fe53e3bbd.ltar
Mathlib.CategoryTheory.Limits.EssentiallySmall	b4a885638002b9c0.ltar
Mathlib.LinearAlgebra.TensorProduct.Tower	c1a17caf444affa7.ltar
Mathlib.CategoryTheory.Square	818f0440d414b9ef.ltar
Mathlib.Algebra.Order.Disjointed	3b6bce34cefa7d20.ltar
Mathlib.Analysis.SpecialFunctions.ArithmeticGeometricMean	b9f583c09e3f0bb2.ltar
Mathlib.Data.Multiset.Defs	cf6a1f9ba41c81bd.ltar
Mathlib.Data.Nat.Multiplicity	8a0cb248c7f0fc19.ltar
Mathlib.Data.Finset.CastCard	8630af932bc7bd35.ltar
Mathlib.Analysis.CStarAlgebra.ContinuousFunctionalCalculus.Unital	580ab3e60f38168d.ltar
Mathlib.Util.SynthesizeUsing	917611a559f527f4.ltar
Mathlib.Algebra.Colimit.Ring	17fc7c01e74379d2.ltar
Batteries.Logic	367868fc964ecf14.ltar
Mathlib.RingTheory.IntegralClosure.IsIntegralClosure.Basic	bf846f811363a874.ltar
Mathlib.Probability.Distributions.Gamma	27a6e9b8b1bb523b.ltar
Mathlib.CategoryTheory.Limits.Preserves.Creates.Finite	5ff1380fc3e1e1af.ltar
Batteries.Classes.Order	7065fb1a31525af6.ltar
Mathlib.Algebra.Category.ModuleCat.Injective	89020d9610b95d83.ltar
Mathlib.Algebra.Module.GradedModule	7ebd3c08d630fe15.ltar
Mathlib.GroupTheory.HNNExtension	182339dc8c23b363.ltar
Batteries.Data.AssocList.Lemmas	d24aedca70ef860f.ltar
Mathlib.Probability.Distributions.Poisson.PoissonLimitThm	95014caa2f01277e.ltar
Mathlib.NumberTheory.NumberField.Completion.LiesOverInstances	e8018ee138dc1b6a.ltar
Mathlib.CategoryTheory.Limits.Types.Equalizers	57c55b220efd250c.ltar
Mathlib.CategoryTheory.Localization.CalculusOfFractions.Fractions	08360e955b706d33.ltar
Mathlib.Algebra.Lie.SkewAdjoint	e4dccb052103f138.ltar
Mathlib.Order.Notation	94d5c4632993d1bf.ltar
Mathlib.Topology.Algebra.IsUniformGroup.Defs	6f136529337678a5.ltar
Mathlib.CategoryTheory.Abelian.Ext	6a0818011ce5e183.ltar
Batteries.Tactic.Instances	7a8ca4ad239b1e43.ltar
Mathlib.Order.Monotone.Odd	39b820c0bcef5f54.ltar
Aesop.Script.Main	2535f12bcc1f45ae.ltar
Mathlib.CategoryTheory.ShrinkYoneda	a5e50bf3e728d130.ltar
Mathlib.AlgebraicTopology.SimplicialSet.CategoryWithFibrations	709656a8d248d881.ltar
Mathlib.Order.Category.Lat	0f621d0b0ad1def9.ltar
Mathlib.Probability.Kernel.CondDistrib	6b7c8890c96266b4.ltar
Mathlib.LinearAlgebra.Finsupp.VectorSpace	2e62c0354d02afe5.ltar
Mathlib.Algebra.Category.ModuleCat.AB	1e43661caedaf069.ltar
Mathlib.Data.Finset.Sum	53896f9bc94c7ca8.ltar
Mathlib.GroupTheory.GroupAction.FixingSubgroup	f84b941000dad6de.ltar
Mathlib.Data.FunLike.Module	2c549014289f15a7.ltar
Mathlib.Order.Filter.CountablyGenerated	cc9bf28796337bbe.ltar
Mathlib.Order.RelClasses	da62b94f5302ea47.ltar
Mathlib.Order.Filter.AtTopBot.Disjoint	5d4ffbfdcc0ae766.ltar
Mathlib.LinearAlgebra.Matrix.GeneralLinearGroup.MvPolynomial	de275078a4d1040a.ltar
Mathlib.CategoryTheory.Limits.WeakLimits.WeakEqualizers	f0682d6e56722675.ltar
Mathlib.GroupTheory.Perm.Option	5dc7019803c20cbf.ltar
Mathlib.Algebra.Star.CHSH	ed5e5af8daca691f.ltar
Mathlib.Algebra.Group.SelfInv	8acfa7a1d3101fe6.ltar
Mathlib.Algebra.Category.FGModuleCat.Basic	e2ef650de32d1b1b.ltar
Aesop.Tree.Data	f92dfab7dd211a24.ltar
Mathlib.Topology.Algebra.Module.Spaces.ContinuousLinearMap	22c295ff60a29c19.ltar
Mathlib.Tactic.DeriveEncodable	b3681cc612f69b44.ltar
Mathlib.AlgebraicGeometry.Morphisms.Immersion	5119ab503ebf153b.ltar
Mathlib.Data.List.TakeWhile	358736da22941482.ltar
Mathlib.Algebra.Category.ModuleCat.Sheaf.Limits	e81e30dc8f778961.ltar
Mathlib.Data.Finsupp.SMulWithZero	d262355560d8084f.ltar
Mathlib.CategoryTheory.Category.Quiv	d1760b86731efb81.ltar
Mathlib.RingTheory.Valuation.ValuationRing	a2a0719b38c2190d.ltar
Mathlib.Analysis.SpecialFunctions.ContinuousFunctionalCalculus.PosPart.Isometric	486a1402afe002a4.ltar
Mathlib.Tactic.Linarith.Verification	3ec58edde9db07bf.ltar
Mathlib.Data.Set.MemPartition	07290895ab79c6a9.ltar
Mathlib.Algebra.BigOperators.WithTop	31905fe0eb1e6b59.ltar
Mathlib.GroupTheory.Coprod.Basic	10477af3de77fcf3.ltar
Mathlib.Geometry.Euclidean.Angle.Oriented.Projection	56e23731f963f7f3.ltar
Mathlib.Data.List.Basic	50561986940d50ff.ltar
Batteries.Data.BinomialHeap.Basic	e98f671a38ac9a57.ltar
Mathlib.Data.Setoid.Partition	96bedfa59abb4c8b.ltar
Mathlib.Topology.Algebra.InfiniteSum.Real	eff2a94e5b1ba58b.ltar
Mathlib.RingTheory.Grassmannian	9475a6b905b54780.ltar
Mathlib.Analysis.Matrix.Order	3849a0999878a239.ltar
Mathlib.Algebra.Order.GroupWithZero.Action.Synonym	25a1ff537b7262ae.ltar
Mathlib.Algebra.Group.Semiconj.Basic	98f56032db155aa6.ltar
Mathlib.NumberTheory.ModularForms.LevelOne.Basic	8ef3bc9f2c36ee32.ltar
Mathlib.Topology.Algebra.Module.Simple	5e59da7249a20458.ltar
Mathlib.NumberTheory.DirichletCharacter.Orthogonality	045adba95d4283f3.ltar
Mathlib.Control.ULiftable	5d4968d93bef90d0.ltar
Mathlib.Data.NNRat.Lemmas	4dcae6736a21e85d.ltar
Mathlib.CategoryTheory.Limits.Types.Colimits	d0613fd60833e14e.ltar
Mathlib.RingTheory.Artinian.Ring	686c3e581ba4e540.ltar
Mathlib.LinearAlgebra.Matrix.HadamardMatrix	6d120a21bddc1537.ltar
Mathlib.Analysis.Calculus.FDeriv.WithLp	f0378a4d78c1eeff.ltar
Mathlib.RingTheory.KrullDimension.Basic	7fbde93884d2f9c7.ltar
Mathlib.Algebra.HierarchyDesign	7eb016758e7573c7.ltar
Mathlib.Analysis.Convex.Slope	2100892c4cd8c1d5.ltar
Mathlib.LinearAlgebra.Matrix.Charpoly.Minpoly	dfdc3517cf1ec2cb.ltar
Mathlib.Algebra.Order.BigOperators.GroupWithZero.Multiset	4c7021698dc40aee.ltar
Mathlib.Algebra.CharP.Pi	688a50a9b152dff3.ltar
Mathlib.Analysis.Convex.Intrinsic	d86b6cdf10c5235b.ltar
Mathlib.CategoryTheory.Bicategory.Functor.StrictlyUnitary	ca639d5134f45dfb.ltar
Mathlib.Combinatorics.SimpleGraph.Triangle.Tripartite	ba00efe9e8913164.ltar
Mathlib.Algebra.NoZeroSMulDivisors.Defs	84285fdc89c89a44.ltar
Mathlib.Algebra.Order.GroupWithZero.Range	71fe2c8a8dbf2c97.ltar
Mathlib.Data.Nat.Basic	773e977e29b3c231.ltar
Mathlib.Analysis.Complex.HalfPlane	a2f70702ac340a55.ltar
Mathlib.Geometry.Manifold.VectorBundle.MDifferentiable	9b3efb4724c5e287.ltar
Mathlib.RingTheory.Polynomial.Eisenstein.Basic	f0e82f98487f732e.ltar
Mathlib.Order.Filter.Lift	cc7dc1ad044b34ef.ltar
Mathlib.Algebra.BigOperators.Ring.Multiset	efbefd3e4af8f230.ltar
Mathlib.Algebra.Group.Nat.TypeTags	4dfbb261e8a271d0.ltar
Mathlib.Tactic.Order	ab04966a5b131cf8.ltar
Mathlib.Order.TeichmullerTukey	544a5b3f4eb4d7de.ltar
Mathlib.RingTheory.Coalgebra.GroupLike	d8de867816c724c0.ltar
Mathlib.Algebra.DirectSum.Ring	79900aabcd7a58ce.ltar
Mathlib.RingTheory.Adjoin.Polynomial.Basic	b15cccc113d874ec.ltar
Aesop.Forward.PremiseIndex	9e864120b3e4a85b.ltar
Mathlib.Algebra.Star.NonUnitalSubalgebra	0ab6a64ed34c8edc.ltar
Mathlib.Algebra.Algebra.NonUnitalSubalgebra	988ecadb8163ef2b.ltar
Mathlib.RingTheory.LinearDisjoint	47f75e462a4a7701.ltar
Mathlib.RingTheory.HahnSeries.HahnEmbedding	94bcbab5fb6d5dd5.ltar
Mathlib.GroupTheory.GroupAction.SubMulAction.Closure	c0bc0891c3e308e8.ltar
Mathlib.CategoryTheory.Join.Final	58b27a21d46bd9de.ltar
Mathlib.Data.ENNReal.Basic	3a38827ed41a80df.ltar
Mathlib.Tactic.Change	717aa13630f785c0.ltar
Mathlib.Algebra.Regular.Prod	92dad5445b9794fc.ltar
Mathlib.Order.SetAccumulate	2ef9591df4fb78ea.ltar
Mathlib.Algebra.Order.Monoid.TypeTags	7304ff427eea3983.ltar
Mathlib.MeasureTheory.Group.LIntegral	c8c4017e0e1b7d3e.ltar
Mathlib.CategoryTheory.Preadditive.Yoneda.Injective	ddf69adf562490d6.ltar
Mathlib.Algebra.Category.Grp.Shrink	d3831156564ef048.ltar
Mathlib.Algebra.Group.Commute.Hom	ed047c29c5a3e023.ltar
Mathlib.LinearAlgebra.AffineSpace.Simplex.Basic	c22cd06c9317c2ca.ltar
Mathlib.Topology.Algebra.UniformMulAction	3a51d1810e8228fd.ltar
Mathlib.Order.Hom.Order	98fe848fbd80b8f4.ltar
Mathlib.Order.Filter.AtTopBot.Finset	16a6b04df69fec1e.ltar
Mathlib.CategoryTheory.Monoidal.Cartesian.Mon_	9f1497f932534363.ltar
Mathlib.Algebra.Ring.Equiv	6f4250da4a0ae0c6.ltar
Mathlib.CategoryTheory.Limits.Shapes.Preorder.PrincipalSeg	72ad8d6e541a6175.ltar
Aesop.Stats.File	f05e85fb012d593a.ltar
Mathlib.Topology.Order.Category.FrameAdjunction	1f7e7dcfc2da2862.ltar
Mathlib.Algebra.Lie.Cochain	caa00120937c7ae7.ltar
Mathlib.Analysis.RCLike.Lemmas	3ae7bd7c4f93d6be.ltar
Mathlib.RingTheory.FractionalIdeal.Inverse	cfd304e9eb9ae3f7.ltar
Mathlib.Analysis.Convex.Continuous	2c0fd38231cf463b.ltar
Mathlib.RingTheory.AdicCompletion.Algebra	a6ba2a29009fcf5d.ltar
Mathlib.LinearAlgebra.Dimension.Torsion.Basic	6be64df60504f206.ltar
Mathlib.MeasureTheory.Function.StronglyMeasurable.ENNReal	0e6e28fa1daa30b4.ltar
Mathlib.RingTheory.Valuation.Minpoly	00cf64ac3517cf12.ltar
Mathlib.Analysis.Convex.Basic	97cc08e4c36afccb.ltar
Mathlib.Algebra.Category.CommAlgCat.Basic	528df214bcc26e56.ltar
Mathlib.CategoryTheory.Monoidal.Skeleton	fd46f4a09d973f7c.ltar
Mathlib.RingTheory.Valuation.Discrete.RankOne	af66e0a99a3f63e9.ltar
Mathlib.Tactic.ClearExcept	a65bc0358413f980.ltar
Mathlib.Topology.Algebra.StarSubalgebra	f7593d70f72ff88b.ltar
Mathlib.Analysis.SpecialFunctions.Gamma.Deligne	3241044e19b09638.ltar
Mathlib.Algebra.Polynomial.RuleOfSigns	621e7e2c545a1034.ltar
Mathlib.Tactic.Simps	7ce7bff333112a84.ltar
Mathlib.CategoryTheory.Localization.Trifunctor	dfb6e796b9307c31.ltar
Mathlib.Tactic.ClickSuggestions.TryPremises	594f6dd06703e800.ltar
Mathlib.Tactic.Rename	6682d9e5ac724c28.ltar
Mathlib.Util.ElabWithoutMVars	213dd62d1e9d5d59.ltar
Mathlib.Algebra.Algebra.TransferInstance	4f4ce324a634344a.ltar
Mathlib.RingTheory.PowerSeries.Binomial	ec44679682321271.ltar
Mathlib.LinearAlgebra.Multilinear.Basic	439c6e3aaee530bc.ltar
Mathlib.NumberTheory.Padics.LocalField	e8aa3a5948d490ee.ltar
Mathlib.RingTheory.Polynomial.Morse	ee7cb02739650243.ltar
Mathlib.FieldTheory.SeparableDegree	acc143134a54ec17.ltar
Mathlib.Topology.Category.Compactum	56c8a5a9aa479a80.ltar
Mathlib.RingTheory.MatrixAlgebra	a1105a3eda90ec08.ltar
Mathlib.CategoryTheory.Monoidal.Cartesian.Mon	334366493ee1fcf7.ltar
Mathlib.RingTheory.Valuation.RamificationGroup	fa5caf94f91d6155.ltar
Mathlib.Topology.Sheaves.Presheaf	c40af62926b4843b.ltar
Mathlib.Geometry.Convex.Cone.TensorProduct	68776c5dbf7f4672.ltar
Mathlib.Tactic.FindSyntax	5d4db97021e1df85.ltar
Mathlib.Lean.GoalsLocation	7a6e632b01a16819.ltar
Mathlib.Algebra.Category.Ring.Limits	40998d932a7f967d.ltar
Mathlib.Algebra.Order.IsBotOne	96a44a50fbd4c336.ltar
Mathlib.Analysis.InnerProductSpace.Laplacian	733b082dda17fa5e.ltar
Mathlib.Order.BoundedOrder.Basic	d35c565f04cccd96.ltar
Mathlib.Analysis.Normed.Module.Bases	b722657e265a364d.ltar
Mathlib.Algebra.GroupWithZero.Pointwise.Set.Card	16cc0f19060cbdd5.ltar
Mathlib.CategoryTheory.MorphismProperty.LiftingProperty	b33b7c763b18536b.ltar
Mathlib.RingTheory.LocalRing.ResidueField.Separable	f7943ad7db11de84.ltar
Mathlib.Data.List.Sigma	9bc11a2c42234e2a.ltar
Mathlib.Order.Interval.Set.UnorderedInterval	fe6e062e41f71d83.ltar
Mathlib.Probability.Kernel.Condexp	d4d5753c62361200.ltar
Mathlib.Analysis.Convex.Contractible	c60035082ed0e236.ltar
Mathlib.RingTheory.HahnSeries.Multiplication	8c1306e0367d2dc3.ltar
Mathlib.CategoryTheory.Limits.FunctorCategory.Filtered	9ce58b997d594f60.ltar
Mathlib.AlgebraicTopology.DoldKan.Normalized	ed6b97372da93b22.ltar
Mathlib.Combinatorics.SimpleGraph.LapMatrix	0ebcd80279e1eb81.ltar
Mathlib.RingTheory.RootsOfUnity.AlgebraicallyClosed	0ffa121f531c9360.ltar
Mathlib.CategoryTheory.Center.Preadditive	676be9a3f556c631.ltar
Mathlib.Algebra.Polynomial.FieldDivision	cbb18acc36c5731c.ltar
Mathlib.CategoryTheory.Abelian.GrothendieckCategory.Basic	4db7e81460189591.ltar
Mathlib.Analysis.Analytic.Constructions	38fb907033fdf7aa.ltar
Mathlib.Topology.MetricSpace.Ultra.Basic	7c95da53c93a18b3.ltar
Aesop.Util.Tactic.Ext	ab0587671c5d6688.ltar
Mathlib.FieldTheory.Galois.IsGaloisGroup	9d3f950dae6ce2be.ltar
Mathlib.CategoryTheory.Abelian.GrothendieckAxioms.Colim	6c85d08cc90be8ee.ltar
Mathlib.CategoryTheory.Sites.CompatibleSheafification	770d8b25e830acee.ltar
Mathlib.Topology.Order.Hom.Basic	ac0e37b57a399f07.ltar
Mathlib.Algebra.BigOperators.Group.Multiset.Basic	009ca40509584c85.ltar
Mathlib.Order.Filter.Basic	46182bd49c9fe6d1.ltar
Mathlib.NumberTheory.NumberField.Units.DirichletTheorem	301b6aca4f49d228.ltar
Mathlib.Algebra.GroupWithZero.Units.Fintype	8103db3371a05023.ltar
Mathlib.CategoryTheory.MarkovCategory.Positive	03a1a8b74d8a6776.ltar
Mathlib.Probability.Independence.Basic	e70d60603342a615.ltar
Mathlib.Analysis.Analytic.Polynomial	c6fc63bac54a4408.ltar
Mathlib.Algebra.Order.Group.Synonym	fbe2a3dc9d142110.ltar
Batteries.Data.Float.Lemmas	5cdc4b2212ac32a1.ltar
Mathlib.Algebra.Group.UniqueProds.VectorSpace	fa6fde80ee3dc73f.ltar
Mathlib.LinearAlgebra.Multilinear.TensorProduct	26b1606f94538de0.ltar
Qq.ForLean.Do	d797814982af6dff.ltar
Qq.SortLocalDecls	86beeb5c4c9d3f97.ltar
Mathlib.RepresentationTheory.Character	1f819496038acac5.ltar
Mathlib.Algebra.Field.IsField	19ac660111261b8a.ltar
Mathlib.Algebra.Order.SuccPred.PartialSups	9404f4b386d9a112.ltar
Mathlib.CategoryTheory.Limits.Preserves.SigmaConst	fc58c7b417c05140.ltar
Aesop.Util.Tactic	87cc9b25c194706c.ltar
Mathlib.RingTheory.Derivation.Basic	c1249a3ee877d874.ltar
Mathlib.Order.Interval.Lex	cfb7149b7738d538.ltar
Mathlib.Algebra.FreeMonoid.UniqueProds	b0f441f41164e09d.ltar
Mathlib.Probability.Distributions.Beta	c3b90eeb3c38af05.ltar
Mathlib.AlgebraicTopology.SimplicialSet.AnodyneExtensions.Inner.Basic	6686bc8b335bf125.ltar
Mathlib.CategoryTheory.SmallObject.Construction	0084392d65b71f6c.ltar
Mathlib.CategoryTheory.Preadditive.Projective.Resolution	49c0804f65bfbba3.ltar
Mathlib.Analysis.SpecialFunctions.Pow.Asymptotics	ad3dab52c338978e.ltar
ProofWidgets.Component.OfRpcMethod	16a15b5b38a233ef.ltar
Mathlib.Algebra.BigOperators.Group.Finset.Indicator	e38e4916980e1775.ltar
Mathlib.Combinatorics.Matroid.Sum	60020a32f54fb014.ltar
Mathlib.RingTheory.Valuation.FiniteField	6485c50f44509fd3.ltar
Mathlib.NumberTheory.ModularForms.EisensteinSeries.MDifferentiable	27ea070391d7626e.ltar
Mathlib.RingTheory.Polynomial.Cyclotomic.Factorization	8e0e588a8a31c5bb.ltar
Mathlib.Algebra.Homology.SpectralObject.Basic	d6693cc88a7fc1d9.ltar
Mathlib.AlgebraicGeometry.Scheme	61323ba085c1ce3b.ltar
Mathlib.SetTheory.Ordinal.Principal	ffb4dcb9528d1c68.ltar
Mathlib.CategoryTheory.Limits.Shapes.Pullback.Iso	7aabf8105e6af875.ltar
Mathlib.Data.Finsupp.NeLocus	62e341df17d4d487.ltar
Mathlib.Algebra.Module.Equiv.Opposite	955663f1acacc7d1.ltar
Mathlib.Algebra.Group.Pointwise.Set.Small	1fb20031d74b5cbb.ltar
Mathlib.Order.Interval.Set.SuccOrder	e1ac64bcfaba5613.ltar
Mathlib.LinearAlgebra.Matrix.Block	dc89f78221867bbf.ltar
Mathlib.CategoryTheory.Comma.StructuredArrow.Basic	908bad2f6cc43ab1.ltar
Mathlib.Topology.Compactness.CountablyCompact	bab66d14e0640144.ltar
Mathlib.Data.Finite.Sum	8279134301186a46.ltar
Mathlib.Analysis.CStarAlgebra.ContinuousFunctionalCalculus.Commute	abbd4c4f12a4a937.ltar
Mathlib.Data.Multiset.Pi	1b857b3cfc897573.ltar
Mathlib.Tactic.ClickSuggestions.Apply	352d9901dea21bb1.ltar
Mathlib.Algebra.Ring.Invertible	b67f6236dec7970c.ltar
Mathlib.CategoryTheory.Limits.Preserves.Shapes.Multiequalizer	e3449cc412fe0247.ltar
Mathlib.Analysis.LocallyConvex.WeakOperatorTopology	96b22cceb5cf973a.ltar
Mathlib.Order.Interval.Set.InitialSeg	2cd861018dec7bdb.ltar
Mathlib.RingTheory.MvPolynomial.Homogeneous	2665f7224e8b93d3.ltar
Mathlib.RingTheory.Localization.Free	55c83c2b3366d5f6.ltar
Mathlib.AlgebraicTopology.SimplicialSet.RelativeMorphism	9085882ca3a90dd8.ltar
Mathlib.RingTheory.Valuation.Integers	e6a69506280dcb8e.ltar
Mathlib.RingTheory.LocalRing.ResidueField.Ideal	96aba6e2c2d18978.ltar
Mathlib.Order.Filter.AtTopBot.Prod	957991b86b629fe5.ltar
Mathlib.Algebra.BigOperators.ModEq	6ab31d025447de62.ltar
Mathlib.LinearAlgebra.RootSystem.Basic	d1aeca84a4868b75.ltar
Mathlib.Tactic.ByCases	d98e3590d1046a77.ltar
Mathlib.MeasureTheory.MeasurableSpace.EventuallyMeasurable	1803e284156fa62c.ltar
Mathlib.RingTheory.IsGaloisGroup.Basic	4eec3c8fc9fad5f6.ltar
Batteries.Data.DList.Lemmas	62b6e65bc3205a8f.ltar
Mathlib.CategoryTheory.MorphismProperty.LocalEpi	9ccc7a6cd22e228b.ltar
Mathlib.Algebra.Module.TransferInstance	a8924bd77260fcb3.ltar
Mathlib.FieldTheory.Minpoly.Field	634794dc16abc7af.ltar
Mathlib.Analysis.InnerProductSpace.Orthogonal	b23c2d37f3c08e0d.ltar
Mathlib.AlgebraicTopology.SimplexCategory.Defs	49999eb3e7716491.ltar
Mathlib.Topology.Algebra.Nonarchimedean.AdicTopology	1ff96d465698a8a9.ltar
Mathlib.Data.Set.SymmDiff	cfb9e750440ce1c9.ltar
Mathlib.CategoryTheory.Abelian.Preradical.Basic	bf169dc77524bfc5.ltar
Mathlib.Algebra.Polynomial.Degree.Defs	cc86ae35f008159d.ltar
Mathlib.Order.Synonym	af2542696fb4b228.ltar
Mathlib.Util.FormatTable	b63a94f0532adca6.ltar
Mathlib.RingTheory.PowerSeries.WeierstrassPreparation	551d4f8f0dab40b2.ltar
Mathlib.Geometry.Manifold.HasGroupoid	e4b7f7bf9bf26633.ltar
Mathlib.CategoryTheory.Triangulated.TStructure.TruncLEGT	371c8b7ee9ac569f.ltar
Mathlib.Data.Stream.Init	b9af3576d9ed777b.ltar
Mathlib.Algebra.Quandle	6c7c09792ae1798c.ltar
Mathlib.Data.Rat.Cast.Lemmas	1229e4a0ba4ff2e4.ltar
Mathlib.CategoryTheory.Sites.PreservesSheafification	30fe1c074ebd440d.ltar
Mathlib.Algebra.Homology.Precylinder	44b021777f2c28c6.ltar
Mathlib.Topology.ContinuousMap.Compact	03a07fd668c2ae21.ltar
Mathlib.Order.Filter.ENNReal	d1dfb69425a1e920.ltar
Mathlib.Data.Fintype.Parity	42eb4d9c7a52b7f2.ltar
Mathlib.Data.ENNReal.Action	8f9ebef6a1997497.ltar
Batteries.Tactic.Lemma	67ceb28967368ef5.ltar
Mathlib.CategoryTheory.Action.Basic	cb1ca8383f7f384d.ltar
Mathlib.Algebra.Order.Group.Action.Flag	978f536d004dd460.ltar
Mathlib.CategoryTheory.Presentable.LocallyPresentable	e8c3e789675278b5.ltar
Mathlib.Analysis.Calculus.Conformal.InnerProduct	c6b132030df54e2e.ltar
Batteries.Data.DList.Basic	b6ff4856b4854ab0.ltar
Mathlib.Topology.Specialization	7fbaebb8551c0eec.ltar
Mathlib.Computability.TuringMachine.StackTuringMachine	35f102d879cb232d.ltar
Mathlib.CategoryTheory.ObjectProperty.HasCardinalLT	7d9c9472d1142850.ltar
Mathlib.Tactic.Inclusion.Extension.IntervalDyadicReal.Hypotheses	cee2321061e2e71d.ltar
Mathlib.Analysis.Normed.Algebra.GelfandFormula	0071485bdc431a51.ltar
Mathlib.Geometry.Manifold.ContMDiff.Basic	6aceca0a008e4a5c.ltar
Mathlib.Analysis.Convex.SimplicialComplex.AffineIndependentUnion	481d91625ee9d9eb.ltar
Mathlib.CategoryTheory.Monoidal.Cartesian.Normal	8dde4679eede3786.ltar
Mathlib.CategoryTheory.Groupoid.Discrete	920e0f4d45010628.ltar
Mathlib.Tactic.Linter.MinImports	c81fdeec1bb2cd2b.ltar
Batteries.Data.List.ArrayMap	6412abd73427e46c.ltar
Mathlib.Algebra.Order.Monoid.Defs	001dc167ef0001d6.ltar
Mathlib.Algebra.BigOperators.GroupWithZero.Finset	8be781bb9f577859.ltar
Mathlib.Logic.Equiv.Nat	976a8f278c37f781.ltar
Mathlib.Topology.CWComplex.Classical.Graph	ebcf5adc193cc61a.ltar
Mathlib.Algebra.Category.ModuleCat.Ext.Baer	8c36b9b7742e19be.ltar
Mathlib.Topology.Algebra.InfiniteSum.UniformOn	b06405998d499197.ltar
Mathlib.CategoryTheory.Limits.Shapes.FunctorToTypes	77caf598a6d180bf.ltar
Mathlib.Algebra.Category.ModuleCat.Presheaf.Abelian	7d8a52c48a323796.ltar
Mathlib.RingTheory.Spectrum.Prime.Defs	b8d3553583fe7ba4.ltar
Mathlib.Topology.ClusterPt	42b1e82e99f196df.ltar
Mathlib.Dynamics.Ergodic.Action.Regular	e55f1ed19a57174c.ltar
Mathlib.Algebra.Homology.Embedding.ExtendHomology	aa9c539867fd8e61.ltar
Aesop.Search.RuleSelection	89cf8d57ede15e64.ltar
Mathlib.CategoryTheory.Triangulated.TStructure.ETrunc	11a5edf3f1df8eca.ltar
Mathlib.RingTheory.Finiteness.Lattice	638c3e33e22f6870.ltar
Mathlib.MeasureTheory.MeasurableSpace.Card	e62267cce1dd3b7e.ltar
Mathlib.Data.Finset.Sups	d10cab646fcc53be.ltar
Mathlib.RingTheory.FreeRing	090940e5c506f6ab.ltar
Mathlib.Topology.Algebra.Module.Determinant	fc55ed422c5b7b18.ltar
Mathlib.Analysis.Normed.Operator.Compact.Basic	a30b40621466d0b6.ltar
Mathlib.Control.Fold	2c757a07f1362fb4.ltar
Mathlib.RingTheory.MvPolynomial.Groebner	bfa4ed846d19a5c2.ltar
Mathlib.Topology.Sheaves.Alexandrov	257591f7324bbaad.ltar
Mathlib.RingTheory.LocalProperties.FinitePresentation	352efab76b417e37.ltar
Mathlib.FieldTheory.Finite.Extension	be85afb498b3eb8c.ltar
Mathlib.Algebra.Homology.DerivedCategory.ShortExact	5ad3a420e4e4c87b.ltar
Mathlib.LinearAlgebra.Matrix.BilinearForm	c4dd46f7dd1fb684.ltar
Mathlib.CategoryTheory.Sites.Spaces	32ef1cdfcd200efd.ltar
Mathlib.CategoryTheory.ObjectProperty.InheritedFromHom	53afc065511e626f.ltar
Mathlib.MeasureTheory.Measure.GiryMonad	927172bc9b20561e.ltar
Mathlib.Topology.Category.Profinite.CofilteredLimit	934c827da0ee036f.ltar
Mathlib.RingTheory.UniqueFactorizationDomain.Basic	36ac240a6755da13.ltar
Mathlib.Topology.Sheaves.Functors	f598cd7c85c9fc4f.ltar
Mathlib.Algebra.Category.ModuleCat.Sheaf.LocallyFree	6444ff7b0336e4a6.ltar
Mathlib.Util.CountHeartbeats	940704336c3b2a0a.ltar
Mathlib.Tactic.Algebraize	fe51f99acb8baa79.ltar
Mathlib.Algebra.Polynomial.Div	5c20a6ccc7faa5d8.ltar
Mathlib.Combinatorics.Enumerative.Pentagonal.EulerFunction	aa5fad3a687bbc29.ltar
Mathlib.NumberTheory.Cyclotomic.PrimitiveRoots	af26443a875b43f8.ltar
Mathlib.Tactic.CategoryTheory.Coherence.PureCoherence	d4c81df0a7a1bd6a.ltar
Mathlib.CategoryTheory.Triangulated.Adjunction	a1a01659cf9ca120.ltar
Aesop.Forward.State	4cb0b310b50c8a4e.ltar
Mathlib.RingTheory.RootsOfUnity.Basic	11be1fa19285ca01.ltar
Mathlib.CategoryTheory.Abelian.Injective.Ext	406ba526c940807d.ltar
Mathlib.MeasureTheory.Integral.MeanValue	6f70cd6e8ec4cdce.ltar
Mathlib.Analysis.Calculus.LocalExtr.Polynomial	4d9b13063d755961.ltar
Mathlib.SetTheory.Cardinal.NatCount	fbad06622223e199.ltar
Mathlib.Data.Real.Sign	e062c890787a3143.ltar
Mathlib.LinearAlgebra.TensorAlgebra.Basis	43b7ba3b97ad8f72.ltar
Mathlib.LinearAlgebra.RootSystem.Chain	210d9a7b7e9b071f.ltar
Mathlib.CategoryTheory.MorphismProperty.Local	4413e0ecb7526754.ltar
Mathlib.RingTheory.Ideal.Quotient.HasFiniteQuotients.Basic	b92479e91e089e25.ltar
Mathlib.Combinatorics.SimpleGraph.Walks.Maps	dc7e6b950dc8213f.ltar
Mathlib.CategoryTheory.Monoidal.Internal.Module	5b706dc84a4edeca.ltar
Mathlib.Algebra.Category.CommBialgCat	5d70880cf6301e72.ltar
Mathlib.Analysis.Fourier.LpSpace	267c82000457d472.ltar
Mathlib.Algebra.Homology.CochainComplexOpposite	7b0f4acd72739467.ltar
Mathlib.Lean.Meta.DiscrTree	400a836c67007c16.ltar
Mathlib.Data.Set.SMulAntidiagonal	92e8fc93e9a88088.ltar
Mathlib.CategoryTheory.Sites.Sheafification	b674534df9e73e0a.ltar
Mathlib.Analysis.Normed.Affine.Isometry	10496642f99a028f.ltar
Mathlib.RingTheory.Regular.Depth	54bac0a6ef889fb5.ltar
Mathlib.Algebra.Group.Indicator	7ceb8d20fe28de68.ltar
Mathlib.GroupTheory.Congruence.Basic	a3b62d5df8b34346.ltar
Mathlib.NumberTheory.Harmonic.ZetaAsymp	6dac56d301371839.ltar
Mathlib.Data.Nat.Prime.Defs	ac5bd57c2e0f4a61.ltar
Mathlib.Algebra.Prime.Defs	aa3cff9e1d0dc446.ltar
Mathlib.Algebra.Category.ModuleCat.Abelian	26b4ab2a0cc142c1.ltar
Mathlib.Data.PSigma.Order	5c560e709571866d.ltar
Mathlib.AlgebraicTopology.SingularHomology.Basic	09878f4ca394e7b7.ltar
Mathlib.Algebra.Algebra.StrictPositivity	1792714631a955f1.ltar
Mathlib.CategoryTheory.Shift.CommShiftTwo	a597889e23baa15e.ltar
Mathlib.Combinatorics.Matroid.Minor.Delete	92a5e7b7c3d98207.ltar
Mathlib.Util.WhatsNew	d68e3ff7321371b9.ltar
Mathlib.CategoryTheory.CopyDiscardCategory.Widesubcategory	5d7e7db21849c53a.ltar
Mathlib.RingTheory.Prime	0cf3023b840ae610.ltar
Mathlib.Data.Finset.NatDivisors	db7efb28b4790c4b.ltar
Mathlib.Topology.UniformSpace.Path	ddf7b2ae33557b32.ltar
Mathlib.Algebra.Colimit.Finiteness	819d76a3f19eeab5.ltar
Mathlib.Algebra.Group.NatPowAssoc	ad88643aae39320e.ltar
Mathlib.MeasureTheory.Function.SpecialFunctions.RCLike	38ddec5921ac624b.ltar
Mathlib.RingTheory.RootsOfUnity.EnoughRootsOfUnity	5ffc6a1fd94bc1fb.ltar
Mathlib.Condensed.AB	53cf4542447d7aa1.ltar
Mathlib.CategoryTheory.Shift.SingleFunctors	a91d008735ea52c5.ltar
Mathlib.CategoryTheory.Limits.FunctorCategory.Shapes.Images	c469438321b12c1f.ltar
Mathlib.Algebra.Homology.HomotopyCategory.SpectralObject	240a59088ee7c245.ltar
Mathlib.AlgebraicGeometry.Morphisms.Finite	9b003059a9217e59.ltar
Mathlib.Algebra.Group.Pointwise.Set.Basic	b3655f4a5e618432.ltar
Mathlib.Topology.Instances.TrivSqZeroExt	9d4218524c0b797b.ltar
Mathlib.Data.Fin.Parity	99b94a79c7f5e88b.ltar
Mathlib.Algebra.Category.Grp.Biproducts	29bac6dd24de5fd2.ltar
Mathlib.MeasureTheory.Integral.CircleTransform	f7f9ed661d695c7e.ltar
Mathlib.Data.Int.Bitwise	3a7b1e0f2d7ae106.ltar
Mathlib.Topology.ContinuousMap.BoundedCompactlySupported	1802a5a74ac81688.ltar
Mathlib.Logic.Function.Const	d150b75eae89c147.ltar
Mathlib.Analysis.LocallyConvex.WeakSpace	db69528db00112eb.ltar
Mathlib.Algebra.Order.GroupWithZero.WithZero	f9afc8d5a7cbdfbc.ltar
Mathlib.Tactic.Polynomial.Basic	f307ae8921a44c56.ltar
Mathlib.MeasureTheory.Integral.IntervalIntegral.FundThmCalculus	82654b81ed8c80e0.ltar
Mathlib.CategoryTheory.Filtered.CostructuredArrow	9dc8355985e59d92.ltar
Mathlib.Algebra.Ring.Nat	21e8a3506b425ccc.ltar
Mathlib.Algebra.Lie.Free	988638bd8b73dcaf.ltar
Mathlib.Algebra.Category.Ring.Colimits	41ce34deb7cd9baf.ltar
Mathlib.Analysis.CStarAlgebra.Commutative.PosPart	f34820a5e4feba4e.ltar
Mathlib.RingTheory.HopfAlgebra.Primitive	627f897ebc36dbf2.ltar
Mathlib.Combinatorics.SimpleGraph.Triangle.Counting	32234a26f7236599.ltar
Mathlib.Algebra.Order.Hom.Lattice	89c3c84a4b15000e.ltar
Mathlib.Data.Finite.Card	c4d5ae8262803d7e.ltar
Aesop.Script.Step	f5f34fb534b9c62e.ltar
Mathlib.Algebra.LieRinehartAlgebra.Defs	9c7fffe617c92e10.ltar
Mathlib.Algebra.Group.Subgroup.Map	52e348191258b437.ltar
Mathlib.LinearAlgebra.CliffordAlgebra.BaseChange	b052563f17c5edc7.ltar
Mathlib.Geometry.Manifold.BumpFunction	f9cdec224c0ffcf7.ltar
Mathlib.MeasureTheory.Function.LpSeminorm.LpNorm	11af3bc5b0b1aae5.ltar
Mathlib.Topology.Algebra.Group.OpenMapping	660f24f30737c0e3.ltar
Mathlib.Algebra.CharP.Invertible	362ba8da94e13524.ltar
Mathlib.RingTheory.Ideal.Lattice	11b0e524de11da28.ltar
Mathlib.LinearAlgebra.Quotient.Pi	707ac8b79c364094.ltar
Mathlib.Geometry.Manifold.Bordism	069236b66f82580f.ltar
Mathlib.RingTheory.Bialgebra.MonoidAlgebra	46e17d4155fb8132.ltar
Mathlib.CategoryTheory.Functor.ReflectsIso.Exact	2a0b465d29af7f9a.ltar
Mathlib.CategoryTheory.Triangulated.Opposite.Basic	388e049a7dd17b43.ltar
Mathlib.AlgebraicTopology.SimplicialObject.Op	c4c6576a97706205.ltar
Mathlib.FieldTheory.Minpoly.IsIntegrallyClosed	0bcc291d845d50d6.ltar
Mathlib.Algebra.Lie.Extension	bae716efd859756e.ltar
Mathlib.RingTheory.Morita.Matrix	1ca206ed21361d5d.ltar
Mathlib.Probability.Distributions.Gaussian.HasGaussianLaw.Independence	2e5ea05414956004.ltar
Mathlib.CategoryTheory.Monoidal.Limits.Shapes.Pullback	1691ed0bea1b90b6.ltar
Mathlib.Geometry.Manifold.Algebra.SMul	209922f30497ddbc.ltar
Mathlib.Data.Nat.Log	aa8203f829c23282.ltar
Mathlib.Combinatorics.Quiver.Prefunctor	6b489e0db7cbf840.ltar
Mathlib.CategoryTheory.Presentable.SharplyLT.Basic	de47893c2596b155.ltar
Mathlib.LinearAlgebra.TensorProduct.DirectLimit	cad4f5a903532b7c.ltar
Mathlib.Geometry.Euclidean.Angle.Oriented.Affine	6c17ca646b9c514e.ltar
Mathlib.RingTheory.PowerSeries.Restricted	d2cebbaa0256ea99.ltar
Mathlib.Topology.NhdsKer	8c429392ee00e311.ltar
Mathlib.Algebra.Order.Chebyshev	6fc56710de074afd.ltar
Mathlib.Analysis.Fourier.FourierTransformDeriv	090d16590caa64b9.ltar
Mathlib.CategoryTheory.Enriched.EnrichedCat	2ad0c0d4842f7832.ltar
Mathlib.GroupTheory.SpecificGroups.Cyclic.Basic	4500d96a31c80f46.ltar
Mathlib.Topology.Algebra.Module.LinearMap	1d141dd620760315.ltar
Mathlib.CategoryTheory.Triangulated.TStructure.TruncLTGE	dcf9329fd2f922ea.ltar
Mathlib.Topology.Algebra.ContinuousAffineMap.Topology	f291119bd6ee76be.ltar
Mathlib.Control.Bitraversable.Lemmas	6309a8405ba87aa3.ltar
Mathlib.Tactic.Ring	6b943b047e4caf6a.ltar
Mathlib.LinearAlgebra.Projectivization.Cardinality	099b799a090239cc.ltar
Mathlib.CategoryTheory.MorphismProperty.Concrete	fff2d399e4e520f2.ltar
Mathlib.Algebra.Category.ModuleCat.ChangeOfRings	39fa5dc3cb093288.ltar
Mathlib.GroupTheory.GroupAction.SubMulAction.OfStabilizer	23d4fc6a3f94cd63.ltar
Mathlib.Topology.Algebra.Module.ModuleTopology	038ebcf385f26e6b.ltar
Mathlib.Algebra.Group.Irreducible.Indecomposable	231e6efeba92664a.ltar
Batteries.Data.BitVec.Lemmas	bdf2be24c9e2c3b9.ltar
Mathlib.Analysis.SpecialFunctions.Log.ERealExp	4141bffd441a5940.ltar
Mathlib.CategoryTheory.Triangulated.Triangulated	f87312045c6ab7e0.ltar
Mathlib.Analysis.Normed.Affine.AddTorsorBases	bdb5c6e3b781bc87.ltar
Mathlib.Data.Set.Subsingleton	390790f241ab8dcc.ltar
Mathlib.NumberTheory.RamificationInertia.HilbertTheory	364d3e8c889c5592.ltar
Mathlib.GroupTheory.SpecificGroups.KleinFour	6eae16c9bd0a4df9.ltar
Mathlib.NumberTheory.Zsqrtd.GaussianInt	811d7a03c36af1e0.ltar
Mathlib.MeasureTheory.Order.Lattice	b03cc599223bc99e.ltar
Mathlib.Algebra.Group.Pi.Lemmas	618b340a5c9979b8.ltar
Mathlib.Topology.UniformSpace.Ascoli	7b534a2fe39d6a5b.ltar
Mathlib.Algebra.Field.Rat	f5729d426fa28e9d.ltar
Mathlib.Combinatorics.Matroid.Rank.ENat	29717ac07b136404.ltar
Mathlib.Analysis.Complex.SqrtDeriv	3820a560f439d8c4.ltar
Mathlib.MeasureTheory.Integral.RieszMarkovKakutani.Real	eb82ba717f13b579.ltar
Mathlib.AlgebraicGeometry.Sites.Proetale	327fcb3c069a0357.ltar
Mathlib.CategoryTheory.Limits.FunctorCategory.BinaryBiproducts	1c236a91e0ba8700.ltar
Mathlib.AlgebraicGeometry.Birational.Dominant	df73feeee0839396.ltar
Mathlib.RingTheory.LocalProperties.Exactness	8b13ac422084bc67.ltar
Mathlib.FieldTheory.IntermediateField.Basic	cd6a6d0c560ff183.ltar
Mathlib.Geometry.Euclidean.Angle.Unoriented.Basic	a69fc3bce0ca5448.ltar
Mathlib.RingTheory.AdicCompletion.Topology	4c3041bddd1c5120.ltar
Mathlib.Geometry.Convex.Cone.Face.Lattice	4bfa931f55368de1.ltar
Mathlib.CategoryTheory.Join.Sum	041263d2e373669b.ltar
Mathlib.Algebra.Order.Archimedean.Class	78adcfedf45f662c.ltar
Mathlib.CategoryTheory.Monoidal.Types.Coyoneda	4b1a35671857117a.ltar
Mathlib.Tactic.FunProp.ToBatteries	666b2c2479b5871d.ltar
Mathlib.CategoryTheory.Limits.Preserves.Shapes.Over	03b121cdf807c35e.ltar
Mathlib.Tactic.NormNum.Core	5dbf26e9eec146a3.ltar
Mathlib.RingTheory.Noetherian.OfPrime	1126e88895d2b28a.ltar
Mathlib.LinearAlgebra.Matrix.GeneralLinearGroup.Defs	f79999bfa4d5b186.ltar
Mathlib.Order.ConditionallyCompletePartialOrder.Indexed	541a954b8d7b8baf.ltar
Mathlib.LinearAlgebra.Quotient.Bilinear	fd3c354d5c13ac48.ltar
Mathlib.Analysis.InnerProductSpace.Coalgebra	75ff1b633b54dd6c.ltar
Mathlib.Tactic.Linter.FlexibleLinter	749addc04ae914f9.ltar
Mathlib.Combinatorics.Graph.Delete	3adbe87c2b480c6d.ltar
Mathlib.CategoryTheory.Galois.Full	a1f3118819aade87.ltar
Mathlib.Algebra.Ring.SumsOfSquares	2af79f5ef54e92b0.ltar
Mathlib.CategoryTheory.Limits.ConstructLimitMap	5fb88d4750db90a4.ltar
Mathlib.LinearAlgebra.Matrix.Circulant	a2b3f4cfe062b4db.ltar
Mathlib.Util.AliasIn	f6baa0cbf9128b5e.ltar
Mathlib.Order.Filter.CountableInter	402a1e3c13e0fd4d.ltar
Mathlib.Algebra.BigOperators.Group.Finset.Sigma	007c0012d0b0aba4.ltar
Mathlib.RingTheory.LocalRing.ResidueField.Instances	ec74282c645b0f16.ltar
Mathlib.Algebra.Group.Subsemigroup.Operations	7161102804eaccba.ltar
Mathlib.Algebra.Order.Group.Pointwise.Interval	12f15c0cd433c687.ltar
Mathlib.CategoryTheory.SingleObj	6bbaf8ed29c6c878.ltar
Mathlib.RingTheory.Flat.Equalizer	fe0e44b7148a2f8c.ltar
Mathlib.Topology.UniformSpace.Ultra.Completion	78bc18c0e359f1b2.ltar
Mathlib.CategoryTheory.Category.Cat	c47a3a2f5d60983b.ltar
Mathlib.AlgebraicTopology.FundamentalGroupoid.PUnit	bdfb3a165115fabd.ltar
Mathlib.Data.ULift	591cfe2e6ba57a56.ltar
Mathlib.CategoryTheory.Join.Pseudofunctor	e6ad0792c574f967.ltar
Mathlib.Topology.Path	7cdb58288c8a6e8b.ltar
Mathlib.NumberTheory.Fermat	64b75e6207d885fd.ltar
Mathlib.LinearAlgebra.CrossProduct	4c427277765bcc17.ltar
Mathlib.Topology.UniformSpace.CompareReals	c35df9a0e945e53b.ltar
Mathlib.CategoryTheory.CommSq	9fb467f3853082a8.ltar
Mathlib.Topology.Algebra.IsUniformGroup.DiscreteSubgroup	4431364f109b210d.ltar
Mathlib.GroupTheory.Submonoid.Inverses	b55b04d77cf5efff.ltar
Mathlib.CategoryTheory.Abelian.GrothendieckAxioms.Connected	a5406a58f31796ee.ltar
Mathlib.MeasureTheory.Function.SpecialFunctions.Sinc	4ae9cc6e10ddf4f3.ltar
Mathlib.Order.Category.LinOrd	98463f25ace41f97.ltar
Mathlib.Algebra.Lie.InvariantForm	8c94575cd5b19ee4.ltar
Batteries.Tactic.OpenPrivate	024afbd38ffd3ed0.ltar
Mathlib.AlgebraicGeometry.Sites.ElladicCohomology	0f5ece89552339c5.ltar
Mathlib.Algebra.Group.Opposite	202290ea18a8da9b.ltar
Mathlib.Analysis.Calculus.SmoothSeries	dc3abba1eaa6fd86.ltar
Mathlib.CategoryTheory.SmallObject.TransfiniteCompositionLifting	fa69b51beb103544.ltar
Aesop.BuiltinRules.Split	f30e513e1d7f59a4.ltar
Mathlib.Algebra.Order.Archimedean.Real.Hom	42f2720084be448a.ltar
Mathlib.Algebra.Category.ModuleCat.Presheaf.OfCommRing	ae6ced974fe82de2.ltar
Mathlib.Combinatorics.Matroid.Rank.Finite	7413c25d8626b0b8.ltar
Mathlib.LinearAlgebra.Charpoly.BaseChange	3d7eddc54ca3eb8e.ltar
Mathlib.Topology.Algebra.Category.ProfiniteGrp.Basic	7fba29a93a32e3b2.ltar
Mathlib.Algebra.CharP.Two	264c012250116139.ltar
Aesop.Stats.Basic	563fab674fa7c0fa.ltar
Mathlib.Algebra.GroupWithZero.Pointwise.Set.Basic	90237c0054cdfce2.ltar
Mathlib.Data.Sym.Basic	fc69e62ba6524a67.ltar
Mathlib.Algebra.MvPolynomial.Derivation	b37d430c93cbdcdf.ltar
Mathlib.CategoryTheory.ObjectProperty.Shift	0dd96256c48c7ad1.ltar
Mathlib.MeasureTheory.Constructions.SubmoduleQuotient	381e351b254f48ff.ltar
Mathlib.Probability.Distributions.Geometric	b5458e4f552a2002.ltar
Mathlib.RingTheory.Spectrum.Prime.Noetherian	0de32cc95444e969.ltar
Mathlib.RingTheory.UniqueFactorizationDomain.Multiplicative	fff05fe5609495e4.ltar
Mathlib.ModelTheory.Algebra.Ring.FreeCommRing	4a5194b166a32a8e.ltar
Mathlib.ModelTheory.Skolem	a0d5ebebcf1ee94d.ltar
Mathlib.AlgebraicTopology.SimplicialSet.FiniteColimits	fc5de4059f12d4d7.ltar
Mathlib.AlgebraicGeometry.EllipticCurve.Projective.Formula	d1e7632de7da024e.ltar
Mathlib.Data.Complex.Basic	85fb8adc9be24dc0.ltar
Mathlib.CategoryTheory.Abelian.Injective.Extend	84814b2b1d5c9242.ltar
Mathlib.Topology.UniformSpace.Uniformizable	3e1f9573735f41dd.ltar
Mathlib.Analysis.Distribution.Distribution	ef07341b315ce378.ltar
Mathlib.NumberTheory.NumberField.Ideal.Basic	71da1626adb50dd6.ltar
Mathlib.Dynamics.Minimal	054770e350883ce7.ltar
Mathlib.Analysis.Convex.DoublyStochasticMatrix	ffc9f0dbf0b3746a.ltar
Mathlib.RingTheory.Valuation.ValuationSubring	4fa8f08adfe85ca2.ltar
Mathlib.MeasureTheory.VectorMeasure.Relations	c1cf43079eedd4fc.ltar
Mathlib.CategoryTheory.Sites.Whiskering	26e7c45b4a161efd.ltar
Mathlib.RingTheory.GradedAlgebra.RingHom	68bb60dadd4981cd.ltar
Mathlib.CategoryTheory.Limits.Shapes.BinaryProducts.WalkingPair	a47bb593904e570a.ltar
Mathlib.CategoryTheory.Limits.Shapes.Preorder.TransfiniteCompositionOfShape	b4849caa04eedf34.ltar
Mathlib.Algebra.Order.Monoid.Prod	7c46df2d9ffa6ad2.ltar
Mathlib.CategoryTheory.Quotient.Preadditive	b56781bde9822679.ltar
Mathlib.Topology.Algebra.Nonarchimedean.Bases	6209a60845826af0.ltar
Mathlib.Topology.Separation.DisjointCover	fc4fbf9e60437ecb.ltar
Mathlib.Analysis.Distribution.FourierMultiplier	3d7c541c4614c2b8.ltar
Mathlib.Algebra.Group.Action.Faithful	741a85e07c5ef8e8.ltar
Qq.Typ	45b32590f2df0465.ltar
Mathlib.Analysis.PSeriesComplex	8337c11f6fed3e27.ltar
Mathlib.Algebra.Lie.Matrix	bac0048bb2b65662.ltar
Mathlib.Probability.CondVar	c3edaf1835e04e3f.ltar
Mathlib.AlgebraicGeometry.EffectiveEpi	4ff082016ac7565e.ltar
Mathlib.Topology.Order.LiminfLimsup	9778abfa2e0d12db.ltar
Mathlib.MeasureTheory.Integral.BoundedContinuousFunction	8b7d7d74efb366f2.ltar
Mathlib.Analysis.Normed.Module.Shrink	77ece17837645a26.ltar
Mathlib.Algebra.Homology.Augment	80a8e5068d59ca18.ltar
Mathlib.CategoryTheory.Limits.Shapes.Pullback.Connected	19946784a3d2040f.ltar
Mathlib.RingTheory.Polynomial.Selmer	a123fdd6c22ec380.ltar
Mathlib.LinearAlgebra.Eigenspace.ContinuousLinearMap	ac36139445c65584.ltar
Mathlib.Topology.LocallyFinsupp.Pushforward	874befca23ce6467.ltar
Mathlib.AlgebraicGeometry.SpreadingOut	b65d4890b6d471ae.ltar
Mathlib.Analysis.SpecialFunctions.Complex.LogDeriv	792dcef4781bedea.ltar
Mathlib.Algebra.BigOperators.Group.Finset.Basic	8a2f4b4fbad743c1.ltar
Mathlib.Algebra.Polynomial.PartialFractions	a39ce6d160f97955.ltar
Mathlib.RingTheory.QuasiFinite.Basic	c1ed4d92c7e0cb36.ltar
Mathlib.Algebra.Polynomial.OfFn	84e3a5ce9c4404c9.ltar
Mathlib.CategoryTheory.Adjunction.Comma	a102513241d1535d.ltar
Mathlib.CategoryTheory.Bicategory.EqToHom	d894429336547fcd.ltar
Mathlib.LinearAlgebra.RootSystem.Hom	9600e7e990188c2b.ltar
Mathlib.Combinatorics.SimpleGraph.Ends.Properties	de5c51ec27de1f6b.ltar
Mathlib.Topology.AlexandrovDiscrete	7c578e594fc87dc0.ltar
Mathlib.CategoryTheory.Sites.Coherent.Basic	5b6ab34fddee215c.ltar
Mathlib.RepresentationTheory.Homological.GroupCohomology.Functoriality	0e5ddf67822ead61.ltar
Mathlib.Analysis.Normed.Operator.Fredholm.Basic	fbac8be2163824f9.ltar
Mathlib.Analysis.Complex.ValueDistribution.FirstMainTheorem	2f9e5e1cadd67025.ltar
Batteries.Data.Rat	062e853715f5a10c.ltar
Mathlib.Geometry.Polygon.Basic	90838405807b3e6d.ltar
Mathlib.Analysis.Complex.Convex	0a2520fd294ce9ff.ltar
Mathlib.Algebra.Category.ModuleCat.Descent	27ed2d602d91d4b2.ltar
Mathlib.Order.Interval.Finset.Defs	fae6908fce22371f.ltar
Mathlib.Topology.Connected.TotallyDisconnected	b36ee85bb39b34a1.ltar
Mathlib.LinearAlgebra.AffineSpace.Defs	2dcccd26861b99cb.ltar
Mathlib.Analysis.Complex.UpperHalfPlane.ProperAction	17159bda4bb26379.ltar
Mathlib.SetTheory.ZFC.VonNeumann	6e999cd7b192a9dd.ltar
Mathlib.LinearAlgebra.GeneralLinearGroup.AlgEquiv	e7d4ded4ad7743ed.ltar
Mathlib.Data.Set.Pairwise.Lattice	8ecd1688b64fa947.ltar
Mathlib.MeasureTheory.Measure.AEMeasurable	73755836fea1f906.ltar
Mathlib.Algebra.Star.TransferInstance	f7dcf05b80ad4dc8.ltar
Mathlib.CategoryTheory.GuitartExact.Opposite	e3ff9c032d2d85d2.ltar
Mathlib.Analysis.Normed.Ring.Finite	8d6d476dec23fded.ltar
Mathlib.CategoryTheory.Comma.StructuredArrow.CommaMap	436763bbd5820989.ltar
Mathlib.Analysis.Normed.Module.DoubleDual	9b5037b4f05d8a0d.ltar
Mathlib.CategoryTheory.GradedObject.Braiding	3b47db5f6b78885f.ltar
Mathlib.Algebra.Pointwise.Stabilizer	4e3bcbb19602c56d.ltar
Mathlib.Topology.Category.LightProfinite.Basic	b7e7dddd63448a4c.ltar
Mathlib.NumberTheory.ModularForms.JacobiTheta.OneVariable	55b86b33dbe57ac3.ltar
Mathlib.Algebra.MonoidAlgebra.Ideal	b0cd10ce36d54b66.ltar
Mathlib.CategoryTheory.Localization.FiniteProducts	2b088efbbf441d05.ltar
Mathlib.Algebra.Group.Submonoid.Saturation	9f20bc8e9be4f832.ltar
Mathlib.Tactic.CategoryTheory.Coherence	bda880dd13a29ad2.ltar
Mathlib.CategoryTheory.Shift.SingleFunctorsLift	281e50b1db0fb404.ltar
Mathlib.Analysis.CStarAlgebra.ContinuousFunctionalCalculus.Transfer	82f1b640871a3d48.ltar
Mathlib.NumberTheory.NumberField.InfinitePlace.Basic	ee7809418fa66d30.ltar
Mathlib.Topology.Category.TopCat.Yoneda	f45e9d7fffaca7df.ltar
Mathlib.Algebra.Homology.HasNoLoop	6d1bb50621e566d5.ltar
Mathlib.Algebra.Homology.HomologicalComplexKernels	0ad719ee195131f9.ltar
Mathlib.Analysis.Calculus.ContDiff.RestrictScalars	fe2641eb0f92efac.ltar
Mathlib.Order.Lattice.Congruence	00dc4cc7031f845e.ltar
Mathlib.CategoryTheory.Limits.Shapes.ZeroMorphisms	46aabd5a3c3b7cda.ltar
Aesop.Script.Util	576e411d82484d47.ltar
Mathlib.Tactic.ReduceModChar.Ext	84fee563afb34d2b.ltar
Mathlib.RingTheory.EssentialFiniteness	2c80d181cba619bc.ltar
Mathlib.Lean.Expr.ExtraRecognizers	efa4764fb33125f0.ltar
Mathlib.RingTheory.PowerSeries.Ideal	de8bccfc51fc25ce.ltar
Mathlib.Algebra.Colimit.DirectLimit	4eef92d9b77021d0.ltar
Mathlib.Analysis.Calculus.AddTorsor.Coord	81a1c13bf9c62407.ltar
Mathlib.CategoryTheory.CopyDiscardCategory.Cartesian	53cdbda017c5370c.ltar
Mathlib.GroupTheory.SpecificGroups.Alternating.MaximalSubgroups	221a659452c67488.ltar
Mathlib.Control.Monad.Basic	03840fbcc6625a50.ltar
Mathlib.RingTheory.LocalRing.MaximalIdeal.Square	a82bd3854c259d7b.ltar
Mathlib.Topology.Instances.NNReal.Lemmas	cc05ecd98dec238b.ltar
Mathlib.Order.Closure	3f6f3f7b6d35decf.ltar
Mathlib.Algebra.Homology.SpectralObject.SpectralSequence	a11dff63f313d3c0.ltar
Mathlib.LinearAlgebra.Basis.SMul	8e18b1c7aee762f9.ltar
Mathlib.RingTheory.Ideal.IsPrincipalPowQuotient	ea4ff55f661ebc7b.ltar
Mathlib.RingTheory.Discriminant	790b0f54b905b7f8.ltar
Mathlib.Algebra.Group.Invertible.Basic	c638c52026b2d9fa.ltar
Mathlib.Algebra.Group.Nat.Range	7b16020d2cdd8986.ltar
Mathlib.Tactic.FieldSimp.Attr	fc9a49a7c7b34ff4.ltar
Mathlib.SetTheory.ZFC.Ordinal	a7fed27e26a2c2ea.ltar
Mathlib.Algebra.Field.Basic	cd6cd077d017a0a6.ltar
Mathlib.GroupTheory.SpecificGroups.VirtuallyCyclic	c113e13953d57a2d.ltar
Mathlib.Order.Atoms	240fcbec7bb74d30.ltar
Mathlib.Geometry.Convex.ConvexSpace.Defs	70b907e5c2dcce65.ltar
Mathlib.Data.NNReal.Star	0e1ca93c165cbc0c.ltar
Mathlib.Algebra.Order.Ring.Archimedean	1196dadaf65cf8ae.ltar
Mathlib.NumberTheory.NumberField.Discriminant.Different	2bc5473ab701cf5a.ltar
Mathlib.CategoryTheory.Limits.Shapes.Images	eb11516f9cb01751.ltar
Aesop.Util.Tactic.Unfold	c733cf700ba7f12c.ltar
Mathlib.Lean.Meta.Tactic.Rewrite	55dd656eb05b16f0.ltar
Mathlib.LinearAlgebra.DirectSum.TensorProduct	ecbd5689ed57b256.ltar
Mathlib.Lean.Elab.Term	a1211aa570f95601.ltar
Mathlib.Algebra.Notation.Defs	141b837751dddbf0.ltar
Mathlib.Algebra.Group.Support	fe1b3396d334976a.ltar
Mathlib.NumberTheory.LegendreSymbol.Complex	20741a8492f78998.ltar
Mathlib.NumberTheory.SumFourSquares	ace01276715f5bff.ltar
Mathlib.RingTheory.Kaehler.JacobiZariski	32e0ecbbd809d80e.ltar
Mathlib.Tactic.CongrExclamation	50cbb0f55620da5e.ltar
Mathlib.Algebra.Homology.DerivedCategory.SmallShiftedHom	cbfa39ee55f62225.ltar
Mathlib.Probability.Distributions.Exponential	2ec775104fb27211.ltar
Mathlib.Lean.Exception	d79bcf0349b76fdf.ltar
Mathlib.Data.Nat.Size	690a26beba1e579f.ltar
Mathlib.Algebra.Category.FGModuleCat.EssentiallySmall	652ccdc27be25e2f.ltar
Mathlib.Data.List.Destutter	a0f27ac34e5ea47d.ltar
Mathlib.AlgebraicTopology.SimplicialSet.Homology.Relative	e7571eba57ae035e.ltar
Mathlib.Algebra.GroupWithZero.Action.ConjAct	308d39058c7230ef.ltar
Mathlib.Topology.ContinuousMap.SecondCountableSpace	5cb91bc0033ba4f9.ltar
Mathlib.RingTheory.Coalgebra.CoassocSimps	62eb7921da88917d.ltar
Plausible.Attr	1085425f0b4329d5.ltar
Mathlib.Algebra.Order.CompleteField	ad171dd0174fb218.ltar
Mathlib.AlgebraicTopology.SingularHomology.HomologyZero	3f67eb458b56557b.ltar
Mathlib.RingTheory.IdealFilter.Topology	8d0bf52c0989330e.ltar
Mathlib.LinearAlgebra.Matrix.AbsoluteValue	678787f507c14a73.ltar
Mathlib.Tactic.Translate.Attributes	ea45a8d85008516f.ltar
Mathlib.Tactic.NormNum.GCD	e08465fb1ce837f0.ltar
Mathlib.MeasureTheory.Measure.Sum	2b58e0d232322565.ltar
Mathlib.InformationTheory.Coding.UniquelyDecodable	1e09b7dc2cf774c8.ltar
Mathlib.LinearAlgebra.Complex.Module	fbedf4be7601d2d1.ltar
Mathlib.CategoryTheory.Bicategory.Functor.Lax	14ede2ae1c4000ab.ltar
Mathlib.CategoryTheory.Abelian.Refinements	3b9db6d2da3b39a5.ltar
Mathlib.Algebra.Group.Int.TypeTags	5e4e517f529acb82.ltar
Mathlib.NumberTheory.NumberField.InfinitePlace.TotallyRealComplex	caaa99d0dd15b016.ltar
Mathlib.Topology.MetricSpace.Equicontinuity	ba1f0337a692132a.ltar
Mathlib.MeasureTheory.Integral.Bochner.Set	300322cd10216c2f.ltar
Mathlib.Analysis.Calculus.Implicit	6ca05fce105b0e7b.ltar
Mathlib.CategoryTheory.Limits.FunctorCategory.Shapes.Terminal	6f0b6f44992f9a2d.ltar
Mathlib.Probability.Kernel.MeasurableLIntegral	e623b2ad578179d0.ltar
Mathlib.Order.Northcott	6770361e180c3b52.ltar
Mathlib.GroupTheory.GroupAction.Period	0f3ca75ee4e4ab00.ltar
Mathlib.CategoryTheory.Monoidal.Action.LinearFunctor	394a32b18e08eac5.ltar
Mathlib.Data.List.Range	cf173ccaf689465e.ltar
Mathlib.Topology.Algebra.Module.EmbeddingOfLocal	3321e6cacf61c432.ltar
Mathlib.RingTheory.WittVector.Compare	6209a78f2f6a4fd2.ltar
Mathlib.LinearAlgebra.Matrix.Charpoly.Univ	f958c0490995bf58.ltar
Mathlib.Data.List.Chain	ddba258a763561e8.ltar
Mathlib.Analysis.Normed.Group.Basic	ab8e5c481a172a49.ltar
Mathlib.Probability.Distributions.Cauchy	297a6c8544bca544.ltar
Mathlib.Analysis.Analytic.Within	787727546ca4c415.ltar
Mathlib.Algebra.Order.Ring.Defs	51cf0e728df88aae.ltar
Mathlib.Data.Nat.Notation	cc1084b28c661758.ltar
Mathlib.Algebra.Polynomial.Derivation	b654841f5368ae33.ltar
Mathlib.Algebra.Star.Module	ca63de26986fc24a.ltar
Mathlib.Analysis.LocallyConvex.WeakDual	656dea873719d2b0.ltar
Batteries.Data.RBMap.Lemmas	69b3c268fd393957.ltar
Mathlib.Algebra.Category.Ring.Epi	6d26d639f85facfd.ltar
Mathlib.LinearAlgebra.Orientation	de0c514b2ca0fe06.ltar
Mathlib.Algebra.Lie.Normalizer	487f205a79e8ad15.ltar
Mathlib.AlgebraicTopology.SimplicialObject.Coskeletal	ef2ebdce657328a8.ltar
Mathlib.ModelTheory.Ultraproducts	a62ad1be7886c200.ltar
Mathlib.Analysis.Complex.Spectrum	4a2845d1475a2920.ltar
Mathlib.Topology.Algebra.Group.Torsor	9842087a434c9540.ltar
Mathlib.Order.Fin.InsertNth	3fc9efb4abadf205.ltar
Mathlib.LinearAlgebra.TensorPower.Basic	6c807659377ce033.ltar
Mathlib.Analysis.Asymptotics.Defs	980863d6582de8d4.ltar
Mathlib.RingTheory.Localization.Pi	59f2783b245fe65d.ltar
Mathlib.CategoryTheory.Idempotents.HomologicalComplex	748ec93f0873fc21.ltar
Mathlib.GroupTheory.Perm.Cycle.Basic	92089fbb6e87d388.ltar
Mathlib.NumberTheory.Primorial	41f7e6b8455f7fab.ltar
Mathlib.Analysis.Calculus.ContDiff.Defs	fc309009ba735cd2.ltar
Mathlib.CategoryTheory.Iso	66d59e16e742c08f.ltar
Mathlib.RingTheory.PowerSeries.Order	84d7020ff36aa7f4.ltar
Mathlib.MeasureTheory.Integral.CircleAverage	0e864b2139cbc65a.ltar
Mathlib.AlgebraicTopology.ModelCategory.Instances	baf03f404033c212.ltar
Mathlib.Geometry.Euclidean.Angle.Sphere	421418387d3493cd.ltar
Mathlib.Analysis.Meromorphic.Complex	b45736e9d7af7fe6.ltar
Mathlib.AlgebraicTopology.SimplicialSet.AnodyneExtensions.Op	6041f545d213262b.ltar
Aesop.Forward.State.ApplyGoalDiff	55fb78d2d5c816ec.ltar
Mathlib.CategoryTheory.EpiMono	5cfa721762ecdb9d.ltar
Mathlib.Algebra.BigOperators.Group.Finset.Lemmas	1c6efc8c3a09e412.ltar
Mathlib.MeasureTheory.Function.AEEqOfLIntegral	3efb23fdd344222c.ltar
Mathlib.CategoryTheory.Monoidal.Cartesian.FunctorCategory	94d21c3938d15404.ltar
Mathlib.Tactic.Linter.FindDeprecations	4f614b775e353f79.ltar
Mathlib.Algebra.Module.Bimodule	8143c5ccd1242a41.ltar
Mathlib.Algebra.Colimit.TensorProduct	c67e75c12a01ff73.ltar
Batteries.Data.Fin.Fold	9828e19f88a070d8.ltar
Mathlib.Tactic.Linter.DirectoryDependency	7f06ca438e3ed896.ltar
Mathlib.CategoryTheory.Sites.CoversTop.Basic	e436a7aaa31a25e6.ltar
Mathlib.RepresentationTheory.Homological.GroupHomology.LongExactSequence	b06db9d55d1b38dc.ltar
Mathlib.RingTheory.Algebraic.LinearIndependent	d5bf7c85cf8881cf.ltar
Mathlib.Analysis.Asymptotics.Basic	d64678da9adce937.ltar
Mathlib.Order.Quotient	2167e76e7b65f0dd.ltar
Mathlib.Algebra.Ring.InjSurj	cad0615e3d839f45.ltar
Mathlib.CategoryTheory.Monoidal.Rigid.Functor	37596c71e3b7f85c.ltar
Mathlib.Data.SetLike.Fintype	436ebfeaa59d9590.ltar
Mathlib.Combinatorics.Quiver.Path.Weight	8fb14fd20bd1a5e7.ltar
Mathlib.Data.Finsupp.BigOperators	290b96ff24505cc3.ltar
Mathlib.Geometry.Euclidean.Circumcenter	43982f237e19a527.ltar
Mathlib.Algebra.Azumaya.Matrix	9f1c47976526de18.ltar
Mathlib.Basic.Real.ENatENNReal	573d7cc8dcc74f34.ltar
Aesop.Main	e36d603002b00a2f.ltar
Mathlib.CategoryTheory.Bicategory.Adjunction.Cat	bef010ecda1da6dd.ltar
Mathlib.Algebra.Category.ModuleCat.Subobject	daf72cd738bdf7d9.ltar
Mathlib.RingTheory.RingHom.PurelyInseparable	a88cb4c0b1d5ac21.ltar
Mathlib.Order.Sublattice	f5cf10a74ef76034.ltar
Mathlib.Dynamics.FixedPoints.Defs	e5260a2cfef0acbc.ltar
Mathlib.RingTheory.DedekindDomain.AdicValuation	f5932beeec5a7035.ltar
Mathlib.Topology.Algebra.Group.Compact	21187646b5219236.ltar
Mathlib.LinearAlgebra.Charpoly.Basic	12cc55711cc44ad3.ltar
Mathlib.Analysis.Normed.Group.Defs	be3cbfb90743aa88.ltar
Mathlib.AlgebraicTopology.SimplicialSet.AnodyneExtensions.IsUniquelyCodimOneFace	189e326e134d6f7d.ltar
Mathlib.Topology.Compactification.OnePoint.Basic	afde28412f38977b.ltar
Mathlib.AlgebraicGeometry.Spec	12709e41187476d5.ltar
Mathlib.Tactic.Inclusion.Core.Types	35f576430912672b.ltar
Mathlib.Order.Atoms.Finite	b3f8185fc63259be.ltar
Mathlib.Topology.ContinuousMap.CocompactMap	f5916288c823a957.ltar
Mathlib.Algebra.Order.Group.Units	9b93157e3fdb2507.ltar
Mathlib.LinearAlgebra.Ray	b64e60e587a6ab3d.ltar
Mathlib.Geometry.Group.WordProd	e2349958be9fab59.ltar
Mathlib.Algebra.Category.ModuleCat.Presheaf.Sheafify	f44f7c4013ee4438.ltar
Mathlib.CategoryTheory.Sites.DenseSubsite.Basic	cbe91688fa2847fe.ltar
Mathlib.RingTheory.LocalProperties.ProjectiveDimension	92e0785fa3a03897.ltar
Mathlib.RingTheory.Ideal.IsAugmentation	0dd330b67d799f2f.ltar
Mathlib.Probability.Kernel.IonescuTulcea.PartialTraj	9b474f73f07c4aab.ltar
Mathlib.Data.PNat.Defs	df02bc2dd2bd0459.ltar
Mathlib.MeasureTheory.Group.Action	06741db2b5a58f3e.ltar
Mathlib.CategoryTheory.Monoidal.OfHasFiniteProducts	789bfec8e90c4f9f.ltar
Mathlib.Tactic.PPWithUniv	b364d30b0160f7ad.ltar
Mathlib.CategoryTheory.Generator.StrongGenerator	9b1d38c100cf7158.ltar
Mathlib.CategoryTheory.Preadditive.EndoFunctor	c64651ad5e750b69.ltar
Mathlib.ModelTheory.Substructures	1e010b6e1f2f2cc9.ltar
Mathlib.CategoryTheory.GuitartExact.Over	eb4229bf28ca4dbc.ltar
Mathlib.Analysis.Calculus.TangentCone.Pi	7432381a4b39c0f0.ltar
Mathlib.AlgebraicGeometry.Morphisms.Separated	ce86f8a8b1992145.ltar
Mathlib.AlgebraicGeometry.Group.Abelian	8bdb5a6f3e02ab46.ltar
Mathlib.Algebra.Group.Units.Defs	39e05fce8d12b870.ltar
Mathlib.LinearAlgebra.Charpoly.ToMatrix	ffa0f5f947a18b82.ltar
Mathlib.Algebra.QuadraticAlgebra.Defs	d8393d69aabd23a1.ltar
Mathlib.Data.Finset.Union	bafd5c8eb6b9810b.ltar
Mathlib.Analysis.SpecialFunctions.Elliptic.Weierstrass	fd2ba9ff89c1dc16.ltar
Mathlib.Data.Finset.Sym	c7b93a0f813a6b63.ltar
Mathlib.Analysis.Normed.Group.Quotient	768a835a0fd9c969.ltar
Mathlib.Analysis.Complex.ValueDistribution.CharacteristicFunction	9497351fe1875fc0.ltar
Mathlib.Data.Multiset.Find	65c9750be8f0566d.ltar
Mathlib.RingTheory.Spectrum.Prime.Chevalley	5e4258503b41ec0a.ltar
Mathlib.RingTheory.IntegralDomain	2025234ea475dbb9.ltar
Mathlib.NumberTheory.NumberField.InfinitePlace.Completion	574f77d2c0392444.ltar
Mathlib.MeasureTheory.Measure.Prod	1bfb3cd5ef96996b.ltar
Mathlib.Tactic.Linter.UnusedInstancesInType	73af711bd6877f05.ltar
Mathlib.Algebra.Lie.CartanExists	d5f6e505783c421a.ltar
Mathlib.RingTheory.Smooth.IntegralClosure	881de9795ed13496.ltar
Mathlib.Analysis.Distribution.SchwartzSpace.Fourier	a6f01fdfc75852a7.ltar
Mathlib.RingTheory.WittVector.TeichmullerSeries	1a67dfef5f582efd.ltar
Mathlib.Combinatorics.SimpleGraph.Basic	0d4356fa01966d48.ltar
Mathlib.Algebra.Order.GroupWithZero.Unbundled.Defs	7df3a086ae2e4606.ltar
Mathlib.AlgebraicTopology.SimplexCategory.MorphismProperty	33e696735f2db63d.ltar
Mathlib.RingTheory.Henselian	29a9865d77ae09c0.ltar
Mathlib.MeasureTheory.Integral.RieszMarkovKakutani.Basic	e723c22a5ddb3b8e.ltar
Mathlib.CategoryTheory.Monoidal.Grp	7be170051df1acdc.ltar
Mathlib.Analysis.SpecialFunctions.Log.ENNRealLog	76b7f91a0e7c031e.ltar
Mathlib.RingTheory.Finiteness.Bilinear	317488d41ed9d071.ltar
Aesop.Builder.Default	5f0b03daeff2d6a5.ltar
Mathlib.Tactic.ArithMult.Init	01f87d9b4b7865e3.ltar
Mathlib.Algebra.Homology.Embedding.StupidTrunc	a8b79b8c53f2803b.ltar
Mathlib.Algebra.Order.Group.PosPart	d70c588218a53cd6.ltar
Mathlib.Combinatorics.Quiver.Covering	03f3671c10441d5b.ltar
Mathlib.Analysis.Calculus.TangentCone.Prod	602d6228774ae8ac.ltar
Mathlib.Algebra.GroupWithZero.Pi	33774c415eb1c522.ltar
Mathlib.Data.Int.Log	bb356a051f32c8e9.ltar
Mathlib.AlgebraicGeometry.Birational.RationalMap	417ac1e1428bbf05.ltar
Mathlib.AlgebraicTopology.AlternatingFaceMapComplex	982b781e08b622ad.ltar
Mathlib.MeasureTheory.Measure.CharacteristicFunction	82f7e8fab418768b.ltar
Mathlib.CategoryTheory.Abelian.GrothendieckAxioms.Types	7470b61fd0cd0322.ltar
Mathlib.AlgebraicTopology.SimplicialSet.Splitting	d3d826e97435854e.ltar
Mathlib.Probability.Decision.Risk.Countable	42a709b07b25f21b.ltar
Mathlib.Analysis.Distribution.TemperateGrowth	7ba069c3a4e0ab94.ltar
Mathlib.Algebra.Order.Ring.Unbundled.Basic	89c5f03acdfb5a02.ltar
Mathlib.Algebra.Category.ModuleCat.Simple	d80c20c7dbbcb44c.ltar
Mathlib.RingTheory.Algebraic.Integral	8ac9eea022a38814.ltar
Mathlib.CategoryTheory.Functor.Derived.LeftDerived	15812c43993f5c03.ltar
Batteries.Lean.NameMapAttribute	6eb9c9496f3ad48b.ltar
Mathlib.Testing.Plausible.Testable	f465c8c6933ac0d8.ltar
Mathlib.LinearAlgebra.RootSystem.BaseChange	376046a541b9d5ff.ltar
Batteries.Data.BitVec	fc035a508b94c566.ltar
Mathlib.RingTheory.Polynomial.Nilpotent	f961778a6df21a4b.ltar
Mathlib.RingTheory.Ideal.Quotient.HasFiniteQuotients	71c92b1f3fc444c4.ltar
Mathlib.CategoryTheory.FinCategory.AsType	d09233fda23c7a67.ltar
Mathlib.Data.List.Induction	c2fa7fa5d9b5773c.ltar
Mathlib.Algebra.Homology.Additive	7605168bf2366c64.ltar
Mathlib.GroupTheory.Finiteness	8e8a36e5de75e1a4.ltar
Mathlib.Data.List.Prime	1f435267bdd46d10.ltar
Mathlib.Algebra.Order.Antidiag.Prod	e0de0bb857d2510a.ltar
Mathlib.Data.QPF.Multivariate.Basic	ff45ea2c607b0c2f.ltar
Mathlib.Topology.VectorBundle.Hom	63e44c7d54c8e773.ltar
Mathlib.Probability.Kernel.Defs	41d66c085ab0674a.ltar
Mathlib.Topology.ContinuousMap.Bounded.Basic	c6a8fbc17e0cb195.ltar
Mathlib.LinearAlgebra.Finsupp.SumProd	b846f4cd86f057ba.ltar
Mathlib.AlgebraicGeometry.Morphisms.UniversallyInjective	7c0fafe499fddc24.ltar
Mathlib.RingTheory.Trace.Basic	f52c39ef9d8188ca.ltar
Mathlib.MeasureTheory.Group.Arithmetic	e7382dbf0309b1c0.ltar
Mathlib.Analysis.Calculus.ContDiff.CPolynomial	d966b1f4c7c63836.ltar
Mathlib.Tactic.Linarith.Oracle.SimplexAlgorithm.PositiveVector	79cf9449b50bf277.ltar
Mathlib.MeasureTheory.Function.StronglyMeasurable.Basic	d3d80e73bd1662ba.ltar
Mathlib.Tactic.Assume	3244945e732fa92c.ltar
Mathlib.CategoryTheory.Sites.Sieves.Functoriality	1a197f3af28c2e47.ltar
Mathlib.Condensed.Basic	cb7d3167fbe4227c.ltar
Mathlib.MeasureTheory.Group.Convolution	6fb8358ce5b8b22e.ltar
Mathlib.Tactic.Check	b9e6a0257c504168.ltar
Mathlib.RingTheory.Depth.Rees	a4054f00c63100ca.ltar
Mathlib.CategoryTheory.Bicategory.NaturalTransformation.Lax	836c5e6721440c65.ltar
Aesop.RuleSet	e4cd8008ee661516.ltar
Mathlib.Tactic.Echelon.Cert	58e5cbefc1a5d95e.ltar
Mathlib.Data.Rat.NatSqrt.Real	b82777e9c8623d2e.ltar
Mathlib.RingTheory.Etale.Field	2b9ebef87c26371e.ltar
Mathlib.NumberTheory.NumberField.CanonicalEmbedding.Basic	5435692e034010d1.ltar
Mathlib.MeasureTheory.Measure.HasOuterApproxClosed	54dc091d92445fa3.ltar
Mathlib.Computability.DFA	c4299e625d4b8d0e.ltar
Mathlib.RingTheory.GradedAlgebra.Homogeneous.Submodule	f6db2d62ad888c68.ltar
Mathlib.CategoryTheory.Triangulated.Functor	afb2d2adfb10b31b.ltar
Aesop.Check	8e12d991678f2907.ltar
Mathlib.Analysis.Meromorphic.Basic	f7a8f2ce8fdec1c2.ltar
Mathlib.Probability.Kernel.Composition.RadonNikodym	7185b89dae555347.ltar
Mathlib.Data.Nat.EvenOddRec	e807b083a5cb0972.ltar
Mathlib.AlgebraicGeometry.IdealSheaf.Functorial	42db03c73f33ea4a.ltar
Mathlib.Data.EReal.Inv	c114761eed1bb6b5.ltar
Mathlib.CategoryTheory.Limits.Shapes.BinaryBiproducts	af8e24396c6acb18.ltar
Mathlib.Order.Hom.CompleteLattice	5e307950b30c3f9e.ltar
Mathlib.GroupTheory.GroupAction.Support	c1756e8d8972a3dd.ltar
Mathlib.Tactic.Widget.CongrM	c05b4280b3e65861.ltar
Mathlib.MeasureTheory.Constructions.HaarToSphere	4bfbc5b2ff465a19.ltar
Mathlib.RingTheory.Smooth.Basic	656b7dc210a4c0a9.ltar
Mathlib.Topology.Category.CompHausLike.EffectiveEpi	66dbb1ea532919d1.ltar
Mathlib.Tactic.Coe	e7d4626096ed8d74.ltar
Mathlib.GroupTheory.SpecificGroups.Alternating.Simple	e1e777b3f279462b.ltar
Mathlib.AlgebraicTopology.ModelCategory.Bifibrant	dff54e7bb5c2173e.ltar
Mathlib.Analysis.CStarAlgebra.ContinuousFunctionalCalculus.Restrict	539b805f9db417b0.ltar
Mathlib.RingTheory.TwoSidedIdeal.Instances	07a6bd0354d7f58d.ltar
Mathlib.Basic.Countable.Defs	dbfe63d782ef2210.ltar
Mathlib.Basic.Logic.Lemmas	9191b3f8e2eb9ed0.ltar
Mathlib.Data.List.Perm.Basic	4e846fcaf8cd7b6b.ltar
Mathlib.Geometry.Manifold.ImmersionDiff	9c787a0e2d2b50f0.ltar
Mathlib.Data.String.Defs	a8f23f3e1c15666a.ltar
Mathlib.Tactic.GCongr.CoreAttrs	97617f772c739e15.ltar
Mathlib.AlgebraicGeometry.EllipticCurve.ModelsWithJ	c3859d283d6edef3.ltar
Mathlib.Data.Bool.Basic	7e544731c2009036.ltar
Mathlib.CategoryTheory.Preadditive.Yoneda.Projective	7fe215458bb4de5f.ltar
Mathlib.ModelTheory.Arithmetic.Presburger.Semilinear.Basic	fe7e64038ba74276.ltar
Mathlib.CategoryTheory.FiberedCategory.Grothendieck	ad6fabd8a05509c6.ltar
Mathlib.Analysis.Calculus.Deriv.Pi	36fa08f079cdb987.ltar
Mathlib.Topology.Algebra.Module.Alternating.Topology	feedf167eb78ff15.ltar
Mathlib.CategoryTheory.Limits.Shapes.Pullback.IsPullback.BicartesianSq	edd2417eeaf20960.ltar
Mathlib.RingTheory.LocalProperties.Semilocal	61d60d5681d810bf.ltar
Mathlib.Algebra.ContinuedFractions.Computation.ApproximationCorollaries	a6a2b2372757b03d.ltar
Mathlib.AlgebraicTopology.SimplicialSet.CompStructTruncated	edca80658df7c2ca.ltar
Mathlib.NumberTheory.ClassNumber.AdmissibleAbsoluteValue	c8c5f16649c08bc8.ltar
Mathlib.Analysis.Normed.Group.Int	277f13bdcdacefeb.ltar
Mathlib.Data.Multiset.Bind	2355fabe81edc0ce.ltar
Mathlib.Data.Rat.Cast.CharZero	4e452f7c6fc8786b.ltar
Mathlib.Data.Multiset.UnionInter	c91a57f3afc24530.ltar
Mathlib.Algebra.Group.PUnit	a6c463575aef9384.ltar
Mathlib.MeasureTheory.Group.FundamentalDomain	c4aab92e000d31ae.ltar
Mathlib.Analysis.Normed.Ring.WithAbs	59f3c24fdd2da33e.ltar
Mathlib.Topology.Metrizable.ContinuousMap	6948b5b7b920d9e9.ltar
Mathlib.Algebra.Polynomial.Taylor	2ce4e39b071dbab2.ltar
Mathlib.Algebra.Order.Positive.Ring	a689e9abf9b3edfe.ltar
Mathlib.AlgebraicGeometry.EllipticCurve.Projective.Basic	5073d13f319d31d7.ltar
Mathlib.Analysis.PSeries	a146f5f3901b48e0.ltar
Mathlib.Tactic.CategoryTheory.ToApp	4006004b969a29e7.ltar
Mathlib.Algebra.Tropical.Lattice	6433a658c07f3391.ltar
Mathlib.Algebra.Group.Units.Opposite	089c94e452d1bb8b.ltar
Mathlib.Algebra.Lie.Basis.Prod	da354e7552ea78ba.ltar
Mathlib.AlgebraicTopology.SimplicialSet.Homology.Basic	e8582d0785e3615d.ltar
Aesop.Builder.Cases	e7b8629235e61c0a.ltar
Mathlib.Algebra.Module.Injective	69f55ae028d239dc.ltar
Mathlib.RepresentationTheory.Tannaka	98aff3fa67e10626.ltar
Mathlib.FieldTheory.PurelyInseparable.PerfectClosure	b1318e78da4f419c.ltar
Mathlib.AlgebraicGeometry.Over	737846ba1bbe6128.ltar
Mathlib.CategoryTheory.ObjectProperty.Ind	7ab8f11d7f0ff68f.ltar
Mathlib.LinearAlgebra.TensorProduct.Basic	5d52d55fbe606f27.ltar
Mathlib.Algebra.Ring.Rat	e5c9b8dd92cf2d5d.ltar
Mathlib.Algebra.Star.StarRingHom	3c60712f89dd5147.ltar
Mathlib.Data.Finset.Fin	bb58541d096a7939.ltar
Mathlib.Algebra.Order.Field.Basic	0c21902ac3f61e0b.ltar
Mathlib.Order.Interval.Multiset	e1bc7a6988771281.ltar
Mathlib.MeasureTheory.Function.L1Space.AEEqFun	f16f8822653cb819.ltar
Mathlib.GroupTheory.Perm.Cycle.PossibleTypes	d7252330f6209c51.ltar
Mathlib.Algebra.Order.WithTop.Untop0	6dfc53de19138310.ltar
Mathlib.Tactic.Translate.UnfoldBoundary	29e4efffb571fe9b.ltar
Mathlib.Order.SuccPred.InitialSeg	b3186d67bc94bbb8.ltar
Mathlib.Analysis.InnerProductSpace.LinearMap	9a06e0d2e57c99be.ltar
Mathlib.Probability.ProductMeasure	d251a296f1ef38c1.ltar
Mathlib.CategoryTheory.Monoidal.CommComon_	f15f3daeb2ec68ab.ltar
Mathlib.Algebra.Group.Pi.Basic	830acde788d4f608.ltar
Mathlib.Topology.Algebra.Module.Multilinear.Topology	f6fd782bf558cbf2.ltar
Mathlib.Topology.Homotopy.TopCat.Basic	9bae04a4daafae0b.ltar
Mathlib.NumberTheory.ModularForms.CongruenceSubgroups	6ef436ecc1bec3f8.ltar
Mathlib.Algebra.AlgebraicCard	b01952da3c18f16c.ltar
Mathlib.Algebra.Group.Equiv.Defs	a0f38f23a215bd4d.ltar
Mathlib.LinearAlgebra.SymmetricAlgebra.Basis	8422155c927029b5.ltar
Mathlib.CategoryTheory.Monoidal.DayConvolution	d946b7623fdfe32c.ltar
Mathlib.Tactic.Linarith.Preprocessing	cec05927c6bdda2e.ltar
Mathlib.Tactic.Explode.Datatypes	0dc2a897cb4d42e1.ltar
Mathlib.Combinatorics.SimpleGraph.Extremal.ErdosStoneSimonovits	c9197c14a96cf7a8.ltar
Mathlib.Lean.Meta.RefinedDiscrTree	fac5bd9af9f35ab5.ltar
Mathlib.Tactic.DefEqTransformations	6d3cd7454a4f1e6e.ltar
Mathlib.Algebra.Ring.Submonoid.Pointwise	0ab5b0bbb4c2d207.ltar
Mathlib.Topology.Order.LocalExtr	259e80911cdd60fc.ltar
Mathlib.NumberTheory.ArithmeticFunction.Liouville	abe6493559f047e7.ltar
Mathlib.Topology.Filter	c08d066e2e54a748.ltar
Mathlib.Algebra.GroupWithZero.InjSurj	49d91fedd03ef87d.ltar
Mathlib.Combinatorics.SimpleGraph.Triangle.Removal	a61961f8c3ead70f.ltar
Mathlib.RingTheory.Extension.Cotangent.BaseChange	f66578be1b440ded.ltar
Mathlib.Algebra.DirectSum.AddChar	c9833dd7c2b82f03.ltar
Mathlib.Tactic.Eval	37b61f58a1fe08de.ltar
Mathlib.LinearAlgebra.TensorProduct.Finiteness	72737ebb3dcbdf48.ltar
Mathlib.Data.Finset.Card	727a041e46b5ee6b.ltar
Mathlib.CategoryTheory.Sites.Coherent.SheafComparison	48a0036752e8eb00.ltar
Mathlib.Topology.Algebra.Group.AddTorsor	1e944c45ade2ee80.ltar
Mathlib.MeasureTheory.Function.JacobianOneDim	2f3063865d1f51fb.ltar
Mathlib.Tactic.CategoryTheory.Monoidal.PureCoherence	444e8cef1c5abce7.ltar
Aesop.Frontend.Basic	585a47c5d39506aa.ltar
Mathlib.Topology.Semicontinuity.Defs	ddec3f9cb58d483a.ltar
Mathlib.CategoryTheory.Localization.HomEquiv	52d4b2badeef4191.ltar
Mathlib.LinearAlgebra.Matrix.Vec	da5f8d0c7c97ee14.ltar
Mathlib.Data.Nat.Factorial.NatCast	93ee7828b5a20623.ltar
Mathlib.Analysis.SpecialFunctions.Trigonometric.Meromorphic	ff8b305166204140.ltar
Mathlib.CategoryTheory.Monoidal.Limits.Preserves	92e828ee8103f582.ltar
Mathlib.RingTheory.Trace.Defs	863a82c4b8655609.ltar
Mathlib.Probability.Distributions.Uniform	80db7990979235cd.ltar
Mathlib.Algebra.MonoidAlgebra.Cardinal	e5223867ca141568.ltar
Mathlib.CategoryTheory.LiftingProperties.ParametrizedAdjunction	71f7ad7eb994d1ab.ltar
Mathlib.Tactic.Inclusion.Extension.IntervalDyadicReal.Basic	e4926419f1329c70.ltar
Mathlib.Analysis.Normed.Module.Span	36e2a5be94c8a3f0.ltar
Mathlib.Condensed.EffectiveEpi	7d940da8c344ea25.ltar
Mathlib.CategoryTheory.Shift.ShiftSequence	b0614c3cec337710.ltar
Mathlib.LinearAlgebra.Matrix.SemiringInverse	fbdc9fa5b23cd608.ltar
Mathlib.Analysis.Normed.Module.Completion	53b23b480742da18.ltar
Mathlib.RingTheory.Adjoin.Singleton	92b8bb944a9a495e.ltar
Mathlib.CategoryTheory.Monoidal.Linear	d7dac9a14111b3d2.ltar
Mathlib.CategoryTheory.Monoidal.Cartesian.Mod	7f260fd609f65930.ltar
Mathlib.Algebra.GroupWithZero.WithZero	b74f736a8d99e1e0.ltar
Mathlib.MeasureTheory.Function.LpOrder	deebc97cd5e4167c.ltar
Batteries.Data.UnionFind.Basic	d4771b481ed1717c.ltar
Mathlib.AlgebraicTopology.SimplicialSet.Monomorphisms	b3f1f33be35dfb49.ltar
Mathlib.MeasureTheory.Function.StronglyMeasurable.Inner	b2f8cb7205b3016b.ltar
Mathlib.Tactic.Push	75f556e931e32a1d.ltar
Mathlib.CategoryTheory.Adjunction.Opposites	72bbe1e42cca34f3.ltar
Mathlib.Topology.Sets.Closeds	b27dab18422ad1b2.ltar
Mathlib.Analysis.Calculus.Deriv.Pow	4b3ae565e0f5a460.ltar
Mathlib.ModelTheory.Syntax	ea52c69e3d11f6ea.ltar
Mathlib.CategoryTheory.Elements	ecc1f15f3106da4e.ltar
Mathlib.Algebra.Module.Torsion.PrimaryComponent	01497c7fada6d66d.ltar
Mathlib.Topology.MetricSpace.Holder	349feadb967323d0.ltar
Mathlib.NumberTheory.RatFunc.Ostrowski	02ebf8793b3d9334.ltar
Mathlib.Topology.Separation.Hausdorff	7b2f39fd5468f7cc.ltar
Mathlib.Order.WellQuasiOrder	4a1b6ab5e7146b3c.ltar
Batteries.Recycling.RBTree.Depth	fdfaafcc1cac7e6b.ltar
Mathlib.MeasureTheory.Measure.Lebesgue.Basic	8269c6df81da86ae.ltar
Mathlib.CategoryTheory.Preadditive.AdditiveFunctor	058d356b3c932ff9.ltar
Mathlib.Data.PFunctor.Multivariate.Basic	062d16c3a8cff370.ltar
Mathlib.Algebra.Order.Group.Unbundled.Abs	467913012bc8b964.ltar
Mathlib.MeasureTheory.Measure.Haar.Unique	ff0e2afc515605b3.ltar
Mathlib.GroupTheory.Rank	9dde6508ae748015.ltar
Mathlib.CategoryTheory.Types.Basic	b3a433e74f80804e.ltar
Mathlib.Probability.Notation	74cefb7fa23ab990.ltar
Mathlib.RingTheory.TwoSidedIdeal.Kernel	b980f261e0c36bd9.ltar
Mathlib.CategoryTheory.Sites.Equivalence	305ccfcfe3570193.ltar
Mathlib.Analysis.SpecialFunctions.Gaussian.GaussianIntegral	468feaaef181486b.ltar
Mathlib.CategoryTheory.Monad.Equalizer	69a6d026e35bf8e0.ltar
Mathlib.Topology.MetricSpace.Pseudo.Defs	a4b3a2fa63254b52.ltar
Mathlib.Algebra.GroupWithZero.Action.Hom	bf3194b36d8a674b.ltar
Mathlib.RingTheory.OrzechProperty	5baa4bbd56e1e0b5.ltar
Mathlib.RingTheory.Extension.Cotangent.LocalizationAway	5ecd9cdb16325627.ltar
Mathlib.CategoryTheory.EffectiveEpi.Extensive	4241776095f747d3.ltar
Mathlib.Topology.Algebra.InfiniteSum.ContinuousEval	749ba2371d6728c4.ltar
Mathlib.MeasureTheory.Measure.Haar.MulEquivHaarChar	ae41e80bbbbcacb7.ltar
Mathlib.RingTheory.Int.Basic	4e7feb8ce8f9808d.ltar
Mathlib.Topology.GDelta.MetrizableSpace	6c0c90042f13a1b7.ltar
Mathlib.Tactic.Linter.Whitespace	cbd4528d20650da7.ltar
Mathlib.Algebra.Lie.Semisimple.Lemmas	1a30714c7d412953.ltar
Mathlib.Tactic.Linter.UnusedTacticExtension	f1754cac2f7ef43b.ltar
Mathlib.Analysis.Complex.Order	6998e5002db10843.ltar
Mathlib.Topology.Sets.BaseChangeNhds	84dc69884abbff9c.ltar
Mathlib.Data.Vector.Zip	e2f5e095e7053043.ltar
Mathlib.Data.Finsupp.Antidiagonal	351cc02ca220ac85.ltar
Mathlib.CategoryTheory.Idempotents.KaroubiKaroubi	e6bdbb26ffd173f0.ltar
Mathlib.CategoryTheory.Abelian.FunctorCategory	797c4bd41b912ccd.ltar
Mathlib.ModelTheory.Algebra.Field.IsAlgClosed	a15bd346607da6e7.ltar
Mathlib.NumberTheory.MaricaSchoenheim	7f2b70fc2c05c870.ltar
Mathlib.Order.Filter.Pointwise	6a2b39ee5b256388.ltar
Mathlib.MeasureTheory.Integral.LebesgueNormedSpace	b43b6a97bccf9b4a.ltar
Mathlib.Analysis.Calculus.ContDiff.FaaDiBruno	9fe9168ab8f5cba9.ltar
Mathlib.Analysis.Asymptotics.Lemmas	ff9502b81ae35663.ltar
Mathlib.CategoryTheory.Adjunction.CompositionIso	6c70cdc0a894951a.ltar
Mathlib.Data.Fintype.Vector	9c4d636d56ac3544.ltar
Mathlib.Algebra.Order.UpperLower	fc7ee519cb6b5b3c.ltar
Batteries.Data.Array.Scan	ec24d89928de58e5.ltar
Mathlib.NumberTheory.ModularForms.Bounds	c167dc93d8d8aece.ltar
Mathlib.Combinatorics.SetFamily.Compression.UV	72f06a4fee078351.ltar
Mathlib.Data.FinEnum.Option	4843806347ffea68.ltar
Mathlib.CategoryTheory.Limits.Final	6744291d6c0d07ff.ltar
Mathlib.Topology.Algebra.Module.ContinuousLinearMap.Restrict	eae9b7fb030b940e.ltar
Mathlib.RingTheory.Invariant.Galois	f24f0e92f12e522c.ltar
Mathlib.Algebra.Lie.TraceForm	2d721a75192044f6.ltar
Mathlib.Algebra.Lie.Rank	489b25380f6126fe.ltar
Mathlib.Data.Fintype.Units	0800064fb89a99a2.ltar
Mathlib.Algebra.Homology.HomologySequence	4a2dc5ced668ccbc.ltar
Mathlib.GroupTheory.DedekindFinite	3108dd965f4c317b.ltar
Mathlib.RingTheory.UniqueFactorizationDomain.GCDMonoid	0e6854d1db1e7f17.ltar
Mathlib.CategoryTheory.Functor.Basic	35a6b43d653cafd5.ltar
Aesop.RuleTac.Tactic	4404bf18823d74ac.ltar
Mathlib.Analysis.Complex.ValueDistribution.SecondMainTheorem	53620a85a212463a.ltar
Mathlib.Analysis.CStarAlgebra.Module.Synonym	9e0b89fcb0430e2c.ltar
Mathlib.Data.Setoid.Partition.Card	2d3a3f0d6d5b6983.ltar
Mathlib.FieldTheory.AlgebraicClosure	d7c772e5a61d7601.ltar
Mathlib.Topology.MetricSpace.Infsep	2e6a73c3f69e1358.ltar
Mathlib.Basic.IsEmpty.Defs	02b3fd74968cc8ab.ltar
Mathlib.Topology.Instances.Nat	cfcb3a70c08b9968.ltar
Mathlib.AlgebraicGeometry.AffineTransitionLimit	24b726fb010b8ae3.ltar
Mathlib.Algebra.Notation.Lemmas	bbb2eb4b2b9b56fd.ltar
Mathlib.Geometry.Manifold.Sheaf.Smooth	8e8a3622ee9844ba.ltar
Mathlib.Topology.Algebra.Module.Multilinear.Bounded	6651f5e23f6b6c3c.ltar
Mathlib.CategoryTheory.Limits.FunctorCategory.Basic	48f56d8ea71d77dc.ltar
Mathlib.Order.Irreducible	16ee1c3a3ccfde01.ltar
Mathlib.Topology.ContinuousMap.Ordered	c5aac015b5e7e5df.ltar
Mathlib.CategoryTheory.Bicategory.Functor.Cat.ObjectProperty	2a9280b156f071a8.ltar
Mathlib.CategoryTheory.Limits.FunctorCategory.Finite	abc7f614b5466351.ltar
Mathlib.GroupTheory.SpecificGroups.Alternating	77a9d20762c883c5.ltar
Mathlib.Order.Interval.Set.Infinite	39853d6208205fc0.ltar
Mathlib.GroupTheory.GroupAction.SubMulAction.Pointwise	b0703c8416730d8b.ltar
Mathlib.NumberTheory.NumberField.Cyclotomic.Embeddings	9a8dde2b4ff9576b.ltar
Mathlib.RingTheory.Artinian.Module	eeb355d50e4386df.ltar
Mathlib.Tactic.Lift	8f264601f0c175df.ltar
Mathlib.Probability.Kernel.Integral	44ee5d4ee7df18e8.ltar
Mathlib.CategoryTheory.Adjunction.Unique	74c39ce083ca6208.ltar
Mathlib.LinearAlgebra.BilinearForm.Hom	60813d7b1f8ba12a.ltar
Mathlib.Algebra.MvPolynomial.Funext	d1431b87f8dcc314.ltar
Mathlib.CategoryTheory.Comma.Presheaf.Colimit	eee8b04a03d63775.ltar
Mathlib.ModelTheory.ElementaryMaps	2e49f82373230567.ltar
Mathlib.CategoryTheory.Galois.GaloisObjects	64f7c525b8c3bc52.ltar
Mathlib.Topology.Order.Monotone	5460d951665642d3.ltar
Mathlib.CategoryTheory.Limits.Shapes.PiProd	c53b18f8f7141056.ltar
Mathlib.Analysis.SpecificLimits.Basic	f53ecf0ff7a7ca2e.ltar
Mathlib.Algebra.Field.Subfield.Basic	b310719988564770.ltar
Mathlib.Data.Rat.Encodable	835176b83bb88bae.ltar
Mathlib.Algebra.Order.Ring.Star	180895804bc06fdf.ltar
Mathlib.Tactic.ClickSuggestions.Rewrite	1b0ee4ee4f140b60.ltar
Mathlib.Analysis.Complex.Hadamard	9ce205d22bf6814e.ltar
Mathlib.FieldTheory.Galois.Basic	48e268f51b9da28b.ltar
Mathlib.CategoryTheory.Sites.CompatiblePlus	84c41db36671bb5b.ltar
Mathlib.RingTheory.Unramified.LocalRing	c1d6ee25a0ed65e8.ltar
Mathlib.LinearAlgebra.Coevaluation	1a1d921e74cb6f93.ltar
Mathlib.Geometry.Manifold.Complex	0d48949975f5da29.ltar
Mathlib.Geometry.Group.Growth.LinearLowerBound	874d176bda6dd0dc.ltar
Mathlib.Analysis.Fourier.FiniteAbelian.PontryaginDuality	4b52eea5a0889419.ltar
Mathlib.Data.Real.Sqrt	b68667fd21511cc5.ltar
Mathlib.Analysis.Complex.ReImTopology	7261cea80df6d3a9.ltar
Mathlib.RepresentationTheory.Coinduced	6777ff309486c731.ltar
Mathlib.LinearAlgebra.LinearIndependent.Defs	f07f05587dc85ef2.ltar
Mathlib.GroupTheory.Descent	51f3b715e35dc6c0.ltar
Mathlib.Algebra.Homology.SpectralObject.Cycles	1c5fec7c8c1116be.ltar
Mathlib.CategoryTheory.Monoidal.Closed.Zero	12add482b82d377e.ltar
Mathlib.Analysis.Normed.Algebra.QuaternionExponential	fdfbfd0a338c6ff6.ltar
Mathlib.CategoryTheory.Localization.Predicate	5b41cba6198c41dc.ltar
Mathlib.RingTheory.UniqueFactorizationDomain.Ideal	78bc452a34f4645f.ltar
Mathlib.CategoryTheory.Monoidal.Closed.FunctorCategory.Groupoid	0dc68f492a50e5ff.ltar
Mathlib.Algebra.Field.MinimalAxioms	fea08ca7cd7080ef.ltar
Mathlib.Data.Finsupp.Ext	09bf73c14a489e86.ltar
Mathlib.Basic.Rel	b218e34e44a71f52.ltar
Mathlib.Analysis.Rat.NatSqrt.Real	d3e62b204a022af5.ltar
Mathlib.CategoryTheory.Limits.Preserves.Shapes.Pullbacks	c89851c32ad935b9.ltar
Mathlib.FieldTheory.KrullTopology	e552bf5ecc1c1523.ltar
Mathlib.RepresentationTheory.Subrepresentation	796ac74716d00395.ltar
Mathlib.Geometry.RingedSpace.PresheafedSpace.HasColimits	27864a418c506f3d.ltar
Mathlib.Data.Vector.Mem	f6b43ac608bd7511.ltar
Mathlib.LinearAlgebra.FreeModule.Norm	e1520d822be21dfa.ltar
Mathlib.Geometry.RingedSpace.LocallyRingedSpace	a9bab8ecd23fe281.ltar
Mathlib.Algebra.Algebra.Hom.Rat	db3a5c502cd768b9.ltar
Mathlib.RingTheory.Nilpotent.Defs	7cd6f9f970195fef.ltar
Mathlib.CategoryTheory.ObjectProperty.FiniteProducts	9ade6ab7a43e45ab.ltar
Mathlib.NumberTheory.Padics.ProperSpace	a64dddf820beef63.ltar
Mathlib.RingTheory.Extension.Cotangent.Basis	a33ef321cc33e31d.ltar
Mathlib.Algebra.Group.Nat.Hom	a49450eab255b41c.ltar
Mathlib.RingTheory.Regular.LinearMap	508b5deb2b264596.ltar
Mathlib.CategoryTheory.Sites.EpiMono	35f98727e75f1af4.ltar
Mathlib.Algebra.Homology.DerivedCategory.KProjective	e203d14cff41663d.ltar
Mathlib.Order.SupIndep	4b1b0f5575c88460.ltar
Mathlib.Analysis.Normed.Unbundled.IsPowMulFaithful	1cd94192967d5169.ltar
Mathlib.Topology.Sheaves.PUnit	4ff3f1869e5904fe.ltar
Mathlib.CategoryTheory.Functor.ReflectsIso.Jointly	8d2061703727f5f8.ltar
Mathlib.CategoryTheory.Monoidal.Opposite.Mon_	5069e5f70105b197.ltar
Mathlib.RingTheory.Noetherian.Basic	313e82a0836cb85c.ltar
Mathlib.Tactic.Monotonicity.Basic	4c0e352189fd8d0a.ltar
Mathlib.Analysis.Convolution	a07f5ee075b8b72c.ltar
Mathlib.Topology.Order.Cadlag	5a1e60c2da02ff50.ltar
Mathlib.Algebra.Homology.Linear	0e43b2ec34d7f515.ltar
Mathlib.Tactic.GuardGoalNums	fae4d21c65b5c1a3.ltar
Mathlib.RingTheory.PowerSeries.Basic	4eb4643ecd148fba.ltar
Mathlib.GroupTheory.IndexNSmul	1a352881ec6df73d.ltar
Mathlib.Basic.Sign.Basic	34f1ce25006a1ac9.ltar
Mathlib.RingTheory.GradedAlgebra.TensorProduct	e38654a8262f5fae.ltar
Mathlib.GroupTheory.Perm.Cycle.Type	c796f765182f721d.ltar
Mathlib.NumberTheory.LSeries.DirichletContinuation	8d260f1f898c44c4.ltar
Mathlib.Data.Ordmap.Ordnode	0dca732b33934e16.ltar
Mathlib.Topology.MetricSpace.ProperSpace.Real	68dc895db93ad151.ltar
Mathlib.CategoryTheory.Subobject.Presheaf	b1677e99c1a76b18.ltar
Mathlib.Analysis.Normed.Module.Extr	4a54a7ccaf9ea867.ltar
Mathlib.RingTheory.LocalRing.Subring	942dfa9b37aaffac.ltar
Aesop.Forward.SlotIndex	d2fdcfeeb3358c7a.ltar
Mathlib.Algebra.Group.Submonoid.MulOpposite	0a8041c2ec0083b4.ltar
Mathlib.Algebra.Module.Submodule.Pointwise	2e4e1873c8c4cf2c.ltar
Mathlib.Geometry.Euclidean.Incenter	6fbaeb2dd679ecd7.ltar
Mathlib.Algebra.Module.Prod	3c82576f43b146b5.ltar
Mathlib.Basic.Complex.Basic	a84eec3e6dad52a1.ltar
Mathlib.AlgebraicGeometry.Morphisms.AffineAnd	5bcd568429e41598.ltar
Mathlib.Analysis.Calculus.LocalExtr.LineDeriv	90f5db0203e97913.ltar
Batteries.Lean.Util.EnvSearch	7a56547661008ee3.ltar
Mathlib.Topology.Order.HullKernel	4a5c957f83dfb865.ltar
Mathlib.AlgebraicGeometry.Sites.SheafQuasiCompact	a035d909849f49e7.ltar
ProofWidgets.Util	3ada427baef356fc.ltar
Mathlib.Data.Real.Basic	a9e800caf6556f64.ltar
Mathlib.CategoryTheory.Abelian.GrothendieckCategory.Coseparator	36887135cf698344.ltar
Mathlib.Logic.OpClass	07f3a1734fa54419.ltar
Mathlib.Analysis.SpecialFunctions.Log.Summable	97f627f8fc8181ca.ltar
Mathlib.AlgebraicTopology.ModelCategory.LeftHomotopy	fb90db8f88488d26.ltar
Mathlib.Data.Nat.Factorial.BigOperators	2446021655d13fb2.ltar
Mathlib.Data.Set.Lattice.Order	f0423d419cc2ffe2.ltar
Mathlib.Computability.PartrecBasis	704098221961a480.ltar
Mathlib.RingTheory.HahnSeries.Addition	30baa62c06d8dff9.ltar
Mathlib.MeasureTheory.Measure.Doubling	d77bad4aea1884df.ltar
Mathlib.NumberTheory.NumberField.FinitePlaces	0146047b3cf576c0.ltar
Mathlib.LinearAlgebra.Complex.Orientation	497bb23cf9549c3f.ltar
Mathlib.CategoryTheory.Triangulated.HomologicalFunctor	d3d1e28bef26ebdf.ltar
Mathlib.RingTheory.Polynomial.DegreeLT	6ca0357bb76e7412.ltar
Mathlib.CategoryTheory.Limits.Shapes.ZeroObjects	ffb5889ada6d8a2b.ltar
Mathlib.LinearAlgebra.Matrix.Notation	3445b135327987c3.ltar
Mathlib.NumberTheory.NumberField.Ideal.Asymptotics	1863c0592faa6187.ltar
Mathlib.Algebra.Order.CauSeq.Basic	c923cfbf357e00c9.ltar
Mathlib.Topology.Category.CompHausLike.SigmaComparison	e80e4ab76218e2e7.ltar
Mathlib.Algebra.Homology.GrothendieckAbelian	fcaa70dede2e6b20.ltar
Mathlib.Tactic.Attr.Register	fc821e92e5ef7f47.ltar
Mathlib.Data.List.Lex	4ee679de42755a15.ltar
Mathlib.Data.Finset.MulAntidiagonal	5108e673361f21be.ltar
Mathlib.Topology.MetricSpace.HausdorffDimension	906f2d26b8224653.ltar
Mathlib.RingTheory.SimpleRing.DivisionRing	dc0b4e995126fac7.ltar
Mathlib.Data.Nat.SuccPred	d6276c06e96b6e54.ltar
Mathlib.Algebra.Group.Action.Option	3342a421609d8181.ltar
Mathlib.CategoryTheory.Functor.KanExtension.Pointwise	6f5de764de848a1f.ltar
Mathlib.Data.Finsupp.Fin	f960b857ab17d6da.ltar
Mathlib.Algebra.MonoidAlgebra.Opposite	b965c06b6999bc61.ltar
Mathlib.CategoryTheory.Triangulated.TStructure.Heart	e7f87fcfa8379661.ltar
Mathlib.LinearAlgebra.Trace	d97bca9db70407dd.ltar
Mathlib.Algebra.BigOperators.Intervals	ac589f4198e34229.ltar
Mathlib.Analysis.InnerProductSpace.ConformalLinearMap	367924fa73048dd0.ltar
Mathlib.RingTheory.ZMod.UnitsCyclic	80df35fa6c46fff4.ltar
Mathlib.Algebra.MvPolynomial.PDeriv	944fbcb514658887.ltar
Mathlib.Topology.Category.TopCat.ULift	8e3401730867cecc.ltar
Mathlib.Logic.Function.Basic	78be3522d0240dcc.ltar
Mathlib.Tactic.LinearCombination.Lemmas	ecfa43512fdaabbc.ltar
Batteries.Lean.Meta.Basic	65346820e27eb60e.ltar
Mathlib.CategoryTheory.Pi.Monoidal	fd4236b5356d66e3.ltar
Mathlib.CategoryTheory.Limits.Shapes.Opposites.Pullbacks	27f9c94fda64613f.ltar
Mathlib.CategoryTheory.Limits.Types.Coproducts	dbacb25c3b3fdf3d.ltar
Mathlib.Algebra.DirectSum.Finsupp	6917a79e887e8eb9.ltar
Mathlib.Combinatorics.Matroid.IndepAxioms	3a7637c341eb86dc.ltar
Mathlib.AlgebraicTopology.SimplicialSet.AnodyneExtensions.PushoutProduct	31c2d682c993efdf.ltar
Mathlib.LinearAlgebra.Matrix.Hadamard	3cf11ff15183db14.ltar
Mathlib.LinearAlgebra.AffineSpace.Slope	5598f751c9080078.ltar
Mathlib.Algebra.Category.MonCat.Yoneda	71c256f74b5ead42.ltar
Mathlib.RingTheory.Ideal.Quotient.Operations	340498538a61a879.ltar
Mathlib.Data.Nat.Periodic	f5c1e977ef931e6a.ltar
Mathlib.Condensed.Equivalence	2037623f612d7019.ltar
Mathlib.MeasureTheory.Measure.Decomposition.Hahn	e9d65ee5ec38d4ed.ltar
Mathlib.CategoryTheory.Sites.CartesianMonoidal	5d0d6cbba5389f66.ltar
Mathlib.Data.Rat.Cast.Defs	793db2ee314e94ce.ltar
Mathlib.CategoryTheory.Localization.DerivabilityStructure.Basic	6e07a977dbbc15bf.ltar
Mathlib.Analysis.Complex.RealDeriv	dc922bfe5f186e85.ltar
Mathlib.Topology.Algebra.PontryaginDual	10e40d78d2529b2c.ltar
Mathlib.Topology.Algebra.OpenSubgroup	8b235cb28bb84c08.ltar
Mathlib.Analysis.Normed.Group.Ultra	eb95f9dd8d3af3b5.ltar
Mathlib.CategoryTheory.Adjunction.Quadruple	fa3b6d432d9d6b05.ltar
Mathlib.Topology.MetricSpace.Antilipschitz	d9d9e2bffa0c48f3.ltar
Mathlib.LinearAlgebra.Dimension.Free	54c02313fe6b1a64.ltar
Mathlib.Topology.Algebra.Module.ContinuousLinearMap.Basic	ac38006735218665.ltar
Mathlib.Tactic.HaveI	5999293cec491c4a.ltar
Mathlib.CategoryTheory.Filtration.Basic	b558f766238d8ed9.ltar
Mathlib.ModelTheory.Order	22456e01b6259ac9.ltar
Mathlib.Algebra.Field.Action.ConjAct	488efa6348104777.ltar
Mathlib.Topology.Metrizable.Uniformity	2f5d754ebfef9dd5.ltar
Mathlib.AlgebraicTopology.SimplexCategory.Basic	604e976d4609efa9.ltar
Mathlib.CategoryTheory.LocallyDirected	f3a0a40139f61616.ltar
Mathlib.Algebra.Order.Quantale	bdc3c23e6f627467.ltar
Mathlib.MeasureTheory.Constructions.BorelSpace.WithTop	c42a47c0a6e356c4.ltar
Mathlib.Tactic.Simps.Basic	fa07591c7a14b860.ltar
Mathlib.CategoryTheory.Limits.Preserves.Over	387faa7bdb5cbf97.ltar
Mathlib.MeasureTheory.Measure.ContinuousPreimage	58f55793ac15d467.ltar
Mathlib.CategoryTheory.Sites.Grothendieck	39cbe811e7221ec0.ltar
Aesop.RuleTac.Forward	7521e4ecfa3c002a.ltar
Aesop.Options.Public	9a1c57616411e900.ltar
Mathlib.Analysis.Normed.Lp.PiLp	f667933e0aa87acc.ltar
Mathlib.MeasureTheory.Measure.TightNormed	b9267118a8dc4d52.ltar
Mathlib.CategoryTheory.Balanced	7d06865f723c6d2f.ltar
Mathlib.Analysis.ConstantSpeed	ff453b5fce79d74a.ltar
Mathlib.LinearAlgebra.SesquilinearForm.Star	ee21836be76abd77.ltar
Mathlib.RingTheory.TensorProduct.IsBaseChangeHom	7c9bbab2e23af1ab.ltar
Mathlib.Algebra.Star.Subalgebra	cc65c4054b5bf91e.ltar
Mathlib.LinearAlgebra.Alternating.Uncurry.Fin	d9f22a0a4d769a56.ltar
Mathlib.Probability.Process.FiniteDimensionalLaws	6a2006238e10e085.ltar
Mathlib.MeasureTheory.MeasurableSpace.Prod	c0cd8586dc0a177f.ltar
Mathlib.NumberTheory.ModularForms.ArithmeticSubgroups	91b0eed2e985cc0e.ltar
Mathlib.Analysis.LocallyConvex.HahnBanach	78dc9b0c7d7129ae.ltar
Mathlib.Topology.MetricSpace.PartitionOfUnity	7a09311772f52429.ltar
Mathlib.Probability.Kernel.Composition.CompMap	969dd6633ee50472.ltar
Mathlib.CategoryTheory.WithTerminal.Cone	22c3ee0c111947a8.ltar
Mathlib.Topology.LocallyConstant.Algebra	c056ad993620c2a0.ltar
Mathlib.Analysis.ODE.PicardLindelof	33045dd2fe6e89f1.ltar
Batteries.Data.RBMap.Depth	9140f616498066bc.ltar
Mathlib.RingTheory.Polynomial.Basic	887d8da48604d519.ltar
Mathlib.GroupTheory.GroupAction.OfQuotient	2aee119b81eea20d.ltar
Mathlib.Analysis.Normed.Operator.BoundedLinearMaps	a67074b956efc0b6.ltar
Mathlib.NumberTheory.ModularForms.EisensteinSeries.E2.MDifferentiable	4b31e8d6aaeec8c4.ltar
Mathlib.Topology.EMetricSpace.PairReduction	c2e6374bd58fd7b0.ltar
Mathlib.MeasureTheory.Constructions.ProjectiveFamilyContent	ac96ee5bf296cff8.ltar
Mathlib.MeasureTheory.Integral.Lebesgue.Markov	0dca3f8ae0498ba0.ltar
Mathlib.Tactic.NormNum.NatLog	7ef53769e47f557a.ltar
Mathlib.RingTheory.Congruence.Defs	8146de94c8831c18.ltar
Mathlib.CategoryTheory.Limits.Shapes.ConcreteCategory	3f9439a24cea4c8a.ltar
Mathlib.Algebra.Module.LinearMap.Rat	1e0a05ff256859ef.ltar
Mathlib.Tactic.CategoryTheory.Coherence.Normalize	a7f43cc880480f30.ltar
Mathlib.Tactic.ToFun	5f1b58395d7b7b66.ltar
Mathlib.RingTheory.Ideal.Prod	0be34d735cfdc8e2.ltar
Mathlib.Analysis.Polynomial.Norm	89dd08122d348af8.ltar
Mathlib.Order.Lex	5d9616624b949ed8.ltar
Mathlib.Analysis.InnerProductSpace.Projection.Basic	0266f4e51bcfa526.ltar
Mathlib.Lean.PrettyPrinter.Delaborator	97eda0425053f9db.ltar
Mathlib.Data.Fintype.Lattice	78bc2cd2f6812512.ltar
Mathlib.Data.Finset.Insert	82e39dac0abf7023.ltar
Mathlib.Data.Set.Finite.Range	6c49aa0b7973a713.ltar
Batteries.CodeAction	b3fba5dc3f997896.ltar
Mathlib.Tactic.Push.Attr	84bf72f5c4470298.ltar
Mathlib.Data.Multiset.Fintype	0a8e51488ea69059.ltar
Mathlib.CategoryTheory.Profunctor.Basic	3d5e6b65e1e9625b.ltar
Mathlib.Algebra.Order.Group.Equiv	539d35f93539bc9a.ltar
Mathlib.Analysis.SpecialFunctions.Gaussian.FourierTransform	977841a85ede8a1c.ltar
Mathlib.RingTheory.AlgebraicIndependent.Basic	6de96ad52e29801f.ltar
Mathlib.Analysis.RCLike.TangentCone	cfd0baf3aef0aeb3.ltar
Mathlib.Analysis.Hofer	375e89cb6879f1a7.ltar
Aesop.Tree.State	23e91c0849fc610c.ltar
Mathlib.Analysis.Complex.UpperHalfPlane.Exp	84963a5f59b7d619.ltar
Mathlib.RingTheory.DividedPowers.Basic	55a0632144e2f903.ltar
Mathlib.Computability.AkraBazzi.GrowsPolynomially	a14462f90610cae4.ltar
Mathlib.GroupTheory.Perm.Basic	20ac6fe0733b415c.ltar
Mathlib.MeasureTheory.Measure.Count	40ff4b979e113bc7.ltar
Mathlib.MeasureTheory.Integral.Marginal	4663ff8963144010.ltar
Batteries.Data.NameSet	bd0c13aefc24bab1.ltar
Mathlib.Probability.Independence.BoundedContinuousFunction	a3e538a2448417ee.ltar
Mathlib.Topology.Category.CompHausLike.Basic	11bcd2b1b92438f6.ltar
Mathlib.CategoryTheory.Localization.Construction	424ec6b9ea948627.ltar
Mathlib.Algebra.Homology.ShortComplex.ConcreteCategory	8766b2083169acf7.ltar
Mathlib.Data.Set.Accumulate	097767cbdd29fc4d.ltar
Mathlib.Analysis.Meromorphic.RCLike	1a2cdacffae575fb.ltar
Mathlib.RingTheory.Ideal.Span	8dc6096f0b5a28fc.ltar
Mathlib.Order.NonemptyFiniteChains	c564a3be4cd48b0e.ltar
Mathlib.NumberTheory.TsumDivisorsAntidiagonal	7b0abaf0758ab75c.ltar
Mathlib.Algebra.Ring.Hom.Defs	b8c921e0229df490.ltar
Mathlib.Geometry.Manifold.ChartedSpace	394c3e34557fad16.ltar
Mathlib.Algebra.Algebra.Subalgebra.Pi	42087854aeacd4c2.ltar
Mathlib.LinearAlgebra.Matrix.Diagonal	4e7d9517dd42737b.ltar
Mathlib.Topology.Algebra.SeparationQuotient.Section	a247834365076406.ltar
Mathlib.NumberTheory.RamificationInertia.Basic	1bde7f0bc300289c.ltar
Mathlib.CategoryTheory.Comma.CatCommSq	30197c50251f4fcc.ltar
Mathlib.Topology.SmallInductiveDimension	2cc311de26a87f44.ltar
Mathlib.Data.Nat.Count	3f81b801f5aa4203.ltar
Mathlib.Algebra.Order.Ring.GeomSum	63b1df36b0453bef.ltar
Mathlib.Data.Set.Constructions	9ec8cfb904b67d2e.ltar
Mathlib.RingTheory.Smooth.StandardSmoothCotangent	00072a2501675fe7.ltar
Mathlib.Computability.Primrec.Basic	5d48b90afda65632.ltar
Mathlib.LinearAlgebra.Lagrange	710a7dcb959f8278.ltar
Mathlib.CategoryTheory.Products.Basic	36968446a79c0890.ltar
Mathlib.Analysis.CStarAlgebra.Exponential	91d35e4111a8c23d.ltar
Mathlib.Logic.Function.Coequalizer	9cf6cc3ea60e4988.ltar
Mathlib.Order.Filter.NAry	bd78be69469b6a45.ltar
Mathlib.Probability.UniformOn	4efa5070256f9b2e.ltar
Mathlib.CategoryTheory.Preadditive.Biproducts	d5c3f4c99cc349b9.ltar
Mathlib.Algebra.Group.Nat.Defs	9000fb7348d2af35.ltar
Mathlib.MeasureTheory.Measure.Portmanteau	16eb225b8d8e536e.ltar
Mathlib.Combinatorics.Additive.Convolution	e37b1a8ba11ead69.ltar
Mathlib.Order.Copy	ad8c3b7e2d37d212.ltar
Mathlib.Data.Multiset.Sort	354fd61209fd3e8d.ltar
Mathlib.Algebra.EuclideanDomain.Defs	db9b0cd5971e3fcc.ltar
Mathlib.Data.Set.UnionLift	2f3e26ba8a1d1ef9.ltar
Mathlib.CategoryTheory.Enriched.Basic	5697d7f86a5ffa50.ltar
Mathlib.Lean.Meta.RefinedDiscrTree.Basic	f2002d32492f8420.ltar
Mathlib.Control.ULift	05a4cbda26c5c262.ltar
Mathlib.Algebra.Lie.Semisimple.Basic	96f85ee8d3e6cc11.ltar
Aesop.Tree.Free	c904ef5e0c36059b.ltar
Mathlib.Analysis.Normed.Ring.TransferInstance	82084280f3c24bd7.ltar
Mathlib.Algebra.AffineMonoid.Irreducible	fc5e700745920eab.ltar
Aesop.Frontend.Extension	604db1ef21558b17.ltar
Mathlib.RingTheory.Ideal.Prime	d5d757e6cd52a617.ltar
Mathlib.NumberTheory.Harmonic.GammaDeriv	035654a0befe97a3.ltar
Mathlib.Algebra.Algebra.Bilinear	f87a536dc20a9b2b.ltar
Mathlib.GroupTheory.Perm.Centralizer	01b59e0e32865ce3.ltar
Mathlib.RingTheory.Coprime.Lemmas	e1b6d85bc3e65b5f.ltar
Mathlib.Analysis.Distribution.DerivNotation	af346897aa7156a8.ltar
Mathlib.Algebra.GradedMonoid	904a39d9608cccc7.ltar
Mathlib.CategoryTheory.Triangulated.Opposite.Subcategory	acd0b03e3ed6348e.ltar
Mathlib.CategoryTheory.Monoidal.Rigid.FunctorCategory	903aca84db56a7c8.ltar
Mathlib.GroupTheory.MonoidLocalization.Lemmas	63313d57fb90f5bf.ltar
Mathlib.Basic.ENNReal.BigOperators	ecbcb80b15cfdc06.ltar
Mathlib.Geometry.Manifold.MFDeriv.NormedSpace	8bd53f760715eaaa.ltar
Mathlib.Geometry.Manifold.ContMDiffMap	a0e21a4be08e2010.ltar
Mathlib.NumberTheory.Niven	a71f3afa4cf480bb.ltar
Mathlib.Data.Nat.PSub	188aa75ad5016102.ltar
Mathlib.Data.Sym.Sym2.Init	57d4ce26a7e0592f.ltar
Mathlib.Tactic.Linter.Header	8721b8fa348cf008.ltar
Mathlib.NumberTheory.LegendreSymbol.ZModChar	7cc16535349b3a1d.ltar
Mathlib.LinearAlgebra.Projectivization.Basic	f9ab4e47e8b8836d.ltar
Mathlib.RingTheory.MvPolynomial.IrreducibleQuadratic	e1383b8318a4a7dd.ltar
Mathlib.Tactic.Cases	517769a8a2207d16.ltar
Mathlib.Algebra.Group.Pointwise.Set.Card	04699a31c1f7573c.ltar
Mathlib.Topology.Separation.CountableSeparatingOn	03e12ab5a5c789ce.ltar
Aesop.Frontend.Extension.Init	e923d0aeb56da0e5.ltar
Mathlib.Algebra.Homology.Functor	9df854b15c2eec88.ltar
Mathlib.Order.OmegaCompletePartialOrder	f29ce70f3f8c7149.ltar
Mathlib.CategoryTheory.FintypeCat	dcda840d79283016.ltar
Mathlib.Algebra.Polynomial.Degree.Units	84c0e8535dd36569.ltar
Mathlib.CategoryTheory.Localization.LocalizerMorphism	7bcf41fc4de2d722.ltar
Mathlib.CategoryTheory.Generator.Basic	6cc5a6814591d344.ltar
Mathlib.RingTheory.Ideal.UFD	9de8354d6877ee56.ltar
Mathlib.NumberTheory.ModularForms.EisensteinSeries.IsBoundedAtImInfty	74fdc41eb10d4c29.ltar
Mathlib.Combinatorics.SimpleGraph.Trails	21d093ce83babea7.ltar
Mathlib.Order.Interval.Set.Defs	997a4d81c70c794b.ltar
Mathlib.CategoryTheory.ComposableArrows.Two	032accc1ea602956.ltar
Mathlib.Algebra.LieRinehartAlgebra.Subalgebra	59f119f9f09ec003.ltar
Mathlib.Topology.ContinuousMap.Star	1385ae0e5f41389c.ltar
Mathlib.Topology.CWComplex.Abstract.Basic	5d6a7a1487e349c9.ltar
Mathlib.Data.PNat.Find	94a97e5f35c17218.ltar
Mathlib.CategoryTheory.Limits.FunctorCategory.Shapes.Pullbacks	6143c36c4b5d799c.ltar
Mathlib.Analysis.MellinInversion	07a3d46dfc45d059.ltar
Mathlib.NumberTheory.Harmonic.Defs	5241b277bc5309d0.ltar
Mathlib.CategoryTheory.Monoidal.Multifunctor	c840129886daf827.ltar
Aesop.Tree.RunMetaM	61c9ffd03fad4c0b.ltar
Mathlib.Order.Filter.AtTopBot.Group	2ae6c4fb94414789.ltar
Mathlib.Analysis.CStarAlgebra.ContinuousFunctionalCalculus.Isometric	db7816ca65c969eb.ltar
Mathlib.RingTheory.WittVector.WittPolynomial	99dbbae70ef5cad5.ltar
Mathlib.Algebra.Module.LinearMap.Prod	c2e89a2825699625.ltar
Mathlib.Algebra.Order.Hom.Monoid	673f0f7b5836317a.ltar
Mathlib.Data.Fin.Tuple.Finset	e1eb98755dcbd9cc.ltar
Mathlib.LinearAlgebra.TensorProduct.Opposite	971c234455d5a27e.ltar
Mathlib.Tactic.FunProp.Types	ee55f6889c4ba229.ltar
Mathlib.Algebra.Ring.Action.Field	d05279ea4902d19a.ltar
Mathlib.Analysis.Calculus.ImplicitFunction.Bivariate	c2287fd654821bbf.ltar
Batteries.Control.AlternativeMonad	7e6759669e2b1385.ltar
Mathlib.Data.List.Fold	a5172f44849c2169.ltar
Mathlib.CategoryTheory.Limits.Types.Pushouts	e07bfa91edea3020.ltar
Mathlib.Analysis.Normed.Affine.ContinuousAffineMap	9c29999697d6df2e.ltar
Mathlib.Algebra.Category.ModuleCat.Ext.DimensionShifting	4ca93b92fee78ef8.ltar
Mathlib.CategoryTheory.ObjectProperty.EpiMono	1781bf3add8f88a1.ltar
Mathlib.Algebra.Group.Equiv.TypeTags	ecbf74be8a4d8f8f.ltar
Mathlib.Logic.Relation	671cdea2b74694f8.ltar
Mathlib.Topology.Algebra.Module.LinearPMap	e998e2b35d064a1d.ltar
Mathlib.Algebra.Order.Antidiag.Tendsto	7cd3ed828475c332.ltar
Mathlib.NumberTheory.ModularForms.Derivative	6c05b0c39b00bbf9.ltar
Mathlib.LinearAlgebra.AffineSpace.FiniteDimensional	f6fe1ea69b4f388f.ltar
Mathlib.Order.CompleteLattice.Finset	90835b2a80a920f5.ltar
Mathlib.Data.Nat.Choose.Sum	604f7b9bf2477182.ltar
Mathlib.Tactic.Linarith.Datatypes	81ceae61356e571b.ltar
Mathlib.Order.Interval.Set.IsoIoo	2c0793bf2136bb72.ltar
Mathlib.Tactic.ComputeAsymptotics.Multiseries.Basic	e4d5d83f393dc209.ltar
Mathlib.GroupTheory.Congruence.Hom	0c7794af49a36c37.ltar
Mathlib.Analysis.Complex.Cardinality	bd4e807ed0b4d782.ltar
Mathlib.Geometry.Manifold.Algebra.LieGroup	e01f1aa7d6b3c65e.ltar
Mathlib.Geometry.Manifold.VectorBundle.Basic	a95c07b516f6e7b4.ltar
Mathlib.NumberTheory.Padics.AddChar	3b897c665210035f.ltar
Mathlib.Data.Set.Dissipate	dcbc91834171ae5a.ltar
Batteries.Data.Array.Lemmas	7631bf020e43eace.ltar
Mathlib.Data.List.Infix	fd1ac35d14993758.ltar
Mathlib.Analysis.Calculus.Deriv.CompMul	181361de1df49e38.ltar
Mathlib.Topology.Order.Rolle	ca5c8ac37978f270.ltar
Mathlib.Tactic.SimpRw	abc95f8bcde66170.ltar
Mathlib.AlgebraicGeometry.Group.Affine	7915fa03e81d6e6c.ltar
Mathlib.CategoryTheory.Sites.LocallyBijective	663d0395bcc7305a.ltar
Mathlib.Algebra.Order.GroupWithZero.Canonical	10377f756b4c6276.ltar
Mathlib.GroupTheory.FreeAbelianGroup	7447b8e01a7b84d6.ltar
Mathlib.Topology.Algebra.Module.PerfectSpace	9df41beadc001932.ltar
Mathlib.Algebra.Order.Field.Power	84d708a8f6c9ea0f.ltar
Mathlib.Basic.ENNReal.Holder	a8246954885c03a7.ltar
Mathlib.Condensed.Discrete.Characterization	44fa803e29cccb66.ltar
Mathlib.Algebra.Homology.DerivedCategory.ExactFunctor	c17079510191bbc2.ltar
Mathlib.Algebra.Homology.CochainComplexPlus	7c5d1c284e676b76.ltar
Mathlib.LinearAlgebra.PiTensorProduct.Basis	81772e32a4e46987.ltar
Mathlib.Topology.Spectral.Hom	f704ad5a00899712.ltar
Mathlib.Algebra.Order.Field.Canonical	d40c15d9335eb52b.ltar
Mathlib.Analysis.Analytic.OfScalars	01bff90a884b014d.ltar
Mathlib.RingTheory.Localization.Basic	f38271894bc42271.ltar
Mathlib.MeasureTheory.Group.ModularCharacter	3be548361db5662b.ltar
Mathlib.Topology.Algebra.InfiniteSum.ENNReal	824fc776dc56e3f1.ltar
Mathlib.Algebra.Ring.CharZero	35709d5f0b85868e.ltar
Mathlib.CategoryTheory.Presentable.IsCardinalFiltered	382fbef08028e24d.ltar
